y_predict,y_score,y_true
0.0,0.30150837,1
0.0,0.3160869,1
0.0,0.30109912,1
0.0,0.30360097,1
0.0,0.29719484,1
0.0,0.31003994,1
0.0,0.30582795,1
0.0,0.30185357,1
0.0,0.32786223,1
0.0,0.32231298,1
0.0,0.33367744,1
0.0,0.33168283,1
0.0,0.317395,1
0.0,0.32037354,1
0.0,0.33440888,1
0.0,0.3326466,1
0.0,0.3365813,1
0.0,0.3118412,1
0.0,0.311547,1
0.0,0.2879341,1
0.0,0.29391146,1
0.0,0.32065967,1
0.0,0.32587716,1
0.0,0.31214473,1
0.0,0.324516,1
0.0,0.32301387,1
0.0,0.31504542,1
0.0,0.3098729,1
0.0,0.31342524,1
0.0,0.30866474,1
0.0,0.320589,1
0.0,0.3136212,1
0.0,0.3335954,1
0.0,0.32522485,1
0.0,0.31278935,1
0.0,0.31794143,1
0.0,0.31954968,1
0.0,0.31513202,1
0.0,0.31200436,1
0.0,0.3157343,1
0.0,0.31323266,1
0.0,0.31853956,1
0.0,0.31669328,1
0.0,0.3171975,1
0.0,0.31825843,1
0.0,0.31984308,1
0.0,0.31156138,1
0.0,0.2988187,1
0.0,0.2926504,1
0.0,0.29345885,1
0.0,0.31865075,1
0.0,0.31362176,1
0.0,0.31577638,1
0.0,0.31405967,1
0.0,0.3198317,1
0.0,0.30990568,1
0.0,0.31413078,1
0.0,0.3140647,1
0.0,0.32725376,1
0.0,0.32003918,1
0.0,0.33354345,1
0.0,0.32972378,1
0.0,0.32058954,1
0.0,0.31905407,1
0.0,0.32359374,1
0.0,0.31952354,1
0.0,0.32007474,1
0.0,0.32168487,1
0.0,0.31342655,1
0.0,0.3165791,1
0.0,0.3044439,1
0.0,0.3279517,1
0.0,0.32583794,1
0.0,0.31267026,1
0.0,0.3174537,1
0.0,0.32281843,1
0.0,0.3196667,1
0.0,0.32935748,1
0.0,0.3159674,1
0.0,0.30618826,1
0.0,0.30961615,1
0.0,0.3078456,1
0.0,0.32269278,1
0.0,0.30543864,1
0.0,0.32504237,1
0.0,0.3254012,1
0.0,0.31845817,1
0.0,0.31418043,1
0.0,0.32068178,1
0.0,0.3208335,1
0.0,0.32672852,1
0.0,0.32293832,1
0.0,0.3174201,1
0.0,0.29304937,1
0.0,0.2877348,1
0.0,0.32867238,1
0.0,0.32474986,1
0.0,0.32553577,1
0.0,0.3258472,1
0.0,0.32631138,1
0.0,0.32264158,1
0.0,0.32074195,1
0.0,0.31801507,1
0.0,0.32463118,1
0.0,0.31370175,1
0.0,0.3226949,1
0.0,0.31201568,1
0.0,0.29158393,1
0.0,0.29369673,1
0.0,0.2803413,1
0.0,0.31553957,1
0.0,0.31629568,1
0.0,0.31797662,1
0.0,0.3165897,1
0.0,0.3188699,1
0.0,0.31372637,1
0.0,0.26857546,1
0.0,0.27828836,1
0.0,0.283391,1
0.0,0.2894701,1
0.0,0.2700349,1
0.0,0.2732859,1
0.0,0.281739,1
0.0,0.3238238,1
0.0,0.2774955,1
0.0,0.2882428,1
0.0,0.32368112,1
0.0,0.31975594,1
0.0,0.32155246,1
0.0,0.32064357,1
0.0,0.32374808,1
0.0,0.32648808,1
0.0,0.30862314,1
0.0,0.31304264,1
0.0,0.30897,1
0.0,0.30691612,1
0.0,0.3129512,1
0.0,0.31902912,1
0.0,0.32144672,1
0.0,0.3175342,1
0.0,0.32189372,1
0.0,0.32961038,1
0.0,0.33180755,1
0.0,0.33399153,1
0.0,0.33019078,1
0.0,0.3278795,1
0.0,0.32792005,1
0.0,0.32852584,1
0.0,0.33019966,1
0.0,0.3293911,1
0.0,0.33245152,1
0.0,0.33115873,1
0.0,0.32983088,1
0.0,0.29264957,1
0.0,0.32777828,1
0.0,0.3288459,1
0.0,0.32725126,1
0.0,0.332449,1
0.0,0.3145475,1
0.0,0.3119418,1
0.0,0.28801855,1
0.0,0.30897242,1
0.0,0.33282685,1
0.0,0.32907763,1
0.0,0.2910761,1
0.0,0.32938033,1
0.0,0.32414773,1
0.0,0.3313261,1
0.0,0.32682535,1
0.0,0.3018857,1
0.0,0.30600372,1
0.0,0.30823448,1
0.0,0.30670017,1
0.0,0.30140787,1
0.0,0.3273622,1
0.0,0.31438884,1
0.0,0.30874458,1
0.0,0.31349546,1
0.0,0.32856005,1
0.0,0.32642293,1
0.0,0.31933182,1
0.0,0.30791542,1
0.0,0.3157611,1
0.0,0.309781,1
0.0,0.31986544,1
0.0,0.32125416,1
0.0,0.32924852,1
0.0,0.32459357,1
0.0,0.33053386,1
0.0,0.30365282,1
0.0,0.29855007,1
0.0,0.30111012,1
0.0,0.32978436,1
0.0,0.3224041,1
0.0,0.29030392,1
0.0,0.29508063,1
0.0,0.29624686,1
0.0,0.31974807,1
0.0,0.29254228,1
0.0,0.30078825,1
0.0,0.30015367,1
0.0,0.30540606,1
0.0,0.3062684,1
0.0,0.30493185,1
0.0,0.3184883,1
0.0,0.31359908,1
0.0,0.3244045,1
0.0,0.32845822,1
0.0,0.31672475,1
0.0,0.32954156,1
0.0,0.3286028,1
0.0,0.3245073,1
0.0,0.3296657,1
0.0,0.33635345,1
0.0,0.33286586,1
0.0,0.3339855,1
0.0,0.3273181,1
0.0,0.3348752,1
0.0,0.29584628,1
0.0,0.2971575,1
0.0,0.29406974,1
0.0,0.32506815,1
0.0,0.32874903,1
0.0,0.32881704,1
0.0,0.3230936,1
0.0,0.3147678,1
0.0,0.318179,1
0.0,0.30912906,1
0.0,0.3212772,1
0.0,0.32354522,1
0.0,0.3177318,1
0.0,0.32596266,1
0.0,0.32193902,1
0.0,0.319424,1
0.0,0.3152856,1
0.0,0.31592447,1
0.0,0.32320127,1
0.0,0.3292317,1
0.0,0.31687504,1
0.0,0.3230144,1
0.0,0.32214007,1
0.0,0.30462402,1
0.0,0.3128996,1
0.0,0.31127596,1
0.0,0.31905812,1
0.0,0.3215997,1
0.0,0.32521954,1
0.0,0.3227842,1
0.0,0.32850602,1
0.0,0.3276336,1
0.0,0.32232735,1
0.0,0.3254748,1
0.0,0.32950535,1
0.0,0.31326914,1
0.0,0.31047598,1
0.0,0.31070542,1
0.0,0.3168753,1
0.0,0.32539898,1
0.0,0.3197799,1
0.0,0.3176253,1
0.0,0.32696673,1
0.0,0.32147104,1
0.0,0.32735357,1
0.0,0.32268247,1
0.0,0.30678537,1
0.0,0.30734882,1
0.0,0.30101532,1
0.0,0.30241942,1
0.0,0.31680143,1
0.0,0.31973395,1
0.0,0.27803198,1
0.0,0.28368506,1
0.0,0.29411182,1
0.0,0.3126551,1
0.0,0.3047739,1
0.0,0.30338365,1
0.0,0.30337274,1
0.0,0.3163415,1
0.0,0.31309122,1
0.0,0.31350508,1
0.0,0.30784848,1
0.0,0.3050172,1
0.0,0.3318807,1
0.0,0.33451095,1
0.0,0.33538795,1
0.0,0.31654787,1
0.0,0.31451434,1
0.0,0.31942385,0
0.0,0.32975075,0
0.0,0.31429362,0
0.0,0.30827898,0
0.0,0.29927352,0
0.0,0.32545277,0
0.0,0.2843111,0
0.0,0.32577732,0
0.0,0.2819434,0
0.0,0.3262809,0
0.0,0.314317,0
0.0,0.32658082,0
0.0,0.28913093,0
0.0,0.3018632,0
0.0,0.33249843,0
0.0,0.32382742,0
0.0,0.32180455,0
0.0,0.3319093,0
0.0,0.31741622,0
0.0,0.31905696,0
0.0,0.3313376,0
0.0,0.2943358,0
0.0,0.32368976,0
0.0,0.3150497,0
0.0,0.31221622,0
0.0,0.32145306,0
0.0,0.31976113,0
0.0,0.32011652,0
0.0,0.32627115,0
0.0,0.32225785,0
0.0,0.31656286,0
0.0,0.32966688,0
0.0,0.3080952,0
0.0,0.30728468,0
0.0,0.303189,0
0.0,0.32858932,0
0.0,0.34165496,0
0.0,0.33215234,0
0.0,0.3219159,0
0.0,0.31866986,0
0.0,0.32091182,0
0.0,0.28275514,0
0.0,0.2887717,0
0.0,0.2846467,0
0.0,0.32366335,0
0.0,0.33352083,0
0.0,0.33349776,0
0.0,0.33782363,0
0.0,0.31107578,0
0.0,0.3183793,0
0.0,0.32697392,0
0.0,0.288693,0
0.0,0.28480032,0
0.0,0.32615402,0
0.0,0.3239544,0
0.0,0.33558145,0
0.0,0.30826962,0
0.0,0.32335594,0
0.0,0.3268126,0
0.0,0.32633206,0
0.0,0.30812287,0
0.0,0.32925478,0
0.0,0.311911,0
0.0,0.3325404,0
0.0,0.32210153,0
0.0,0.33132672,0
0.0,0.33121306,0
0.0,0.32804972,0
0.0,0.31840512,0
0.0,0.2994096,0
0.0,0.30980536,0
0.0,0.31115332,0
0.0,0.32085675,0
0.0,0.3269025,0
0.0,0.3253483,0
0.0,0.32421347,0
0.0,0.28159788,0
0.0,0.30104178,0
0.0,0.32552645,0
0.0,0.33404052,0
0.0,0.31411403,0
0.0,0.33724692,0
0.0,0.3268799,0
0.0,0.31445736,0
0.0,0.33154234,0
0.0,0.3298969,0
0.0,0.32061476,0
0.0,0.32555485,0
0.0,0.30708188,0
0.0,0.3181328,0
0.0,0.32712364,0
0.0,0.30794615,0
0.0,0.31773433,0
0.0,0.3029905,0
0.0,0.28359333,0
0.0,0.32920182,0
0.0,0.3151978,0
0.0,0.32841536,0
0.0,0.32756463,0
0.0,0.28683922,0
0.0,0.31858882,0
0.0,0.32640117,0
0.0,0.32606575,0
0.0,0.32444507,0
0.0,0.32231918,0
0.0,0.32495478,0
0.0,0.31455892,0
0.0,0.32802057,0
0.0,0.3309109,0
0.0,0.3157432,0
0.0,0.32478607,0
0.0,0.32342428,0
0.0,0.3156617,0
0.0,0.33565772,0
0.0,0.33057904,0
0.0,0.34018728,0
0.0,0.32232204,0
0.0,0.32478926,0
0.0,0.31874987,0
0.0,0.31750533,0
0.0,0.32468128,0
0.0,0.32610208,0
0.0,0.3072439,0
0.0,0.32563782,0
0.0,0.31590647,0
0.0,0.29019523,0
0.0,0.30659118,0
0.0,0.3265643,0
0.0,0.32127437,0
0.0,0.33396026,0
0.0,0.3300529,0
0.0,0.32029358,0
0.0,0.3184713,0
0.0,0.3271603,0
0.0,0.33247414,0
0.0,0.31796467,0
0.0,0.32846498,0
0.0,0.3332356,0
0.0,0.32464075,0
0.0,0.32819748,0
0.0,0.3204848,0
0.0,0.32594246,0
0.0,0.30233276,0
0.0,0.31708983,0
0.0,0.31732708,0
0.0,0.32940713,0
0.0,0.3141305,0
0.0,0.32156885,0
0.0,0.32881126,0
0.0,0.3143741,0
0.0,0.33417144,0
0.0,0.31785744,0
0.0,0.3307072,0
0.0,0.29011542,0
0.0,0.32509565,0
0.0,0.31897488,0
0.0,0.3161057,0
0.0,0.3218325,0
0.0,0.323002,0
0.0,0.31342822,0
0.0,0.2929777,0
0.0,0.3228324,0
0.0,0.32172996,0
0.0,0.32287055,0
0.0,0.31926218,0
0.0,0.31434774,0
0.0,0.32942817,0
0.0,0.32907027,0
0.0,0.2952053,0
0.0,0.330465,0
0.0,0.3302362,0
0.0,0.2728815,0
0.0,0.333678,0
0.0,0.3229914,0
0.0,0.3133756,0
0.0,0.3232244,0
0.0,0.30948237,0
0.0,0.31972927,0
0.0,0.32859072,0
0.0,0.32423058,0
0.0,0.3267411,0
0.0,0.3139323,0
0.0,0.3478175,0
0.0,0.33050045,0
0.0,0.30072597,0
0.0,0.32487735,0
0.0,0.32732663,0
0.0,0.32589358,0
0.0,0.3253437,0
0.0,0.32754165,0
0.0,0.33322325,0
0.0,0.32657352,0
0.0,0.33138186,0
0.0,0.32807684,0
0.0,0.32496735,0
0.0,0.31837484,0
0.0,0.3286625,0
0.0,0.3362834,0
0.0,0.31700265,0
0.0,0.33600292,0
0.0,0.32479322,0
0.0,0.330361,0
0.0,0.32240343,0
0.0,0.3249083,0
0.0,0.3156266,0
0.0,0.32117155,0
0.0,0.29459697,0
0.0,0.30905977,0
0.0,0.3126249,0
0.0,0.31455177,0
0.0,0.30392647,0
0.0,0.31662646,0
0.0,0.3038952,0
0.0,0.32487306,0
0.0,0.32862458,0
0.0,0.3110759,0
0.0,0.32966024,0
0.0,0.32268313,0
0.0,0.32018608,0
0.0,0.31281593,0
0.0,0.33465433,0
0.0,0.3194326,0
0.0,0.32650536,0
0.0,0.3216314,0
0.0,0.3167233,0
0.0,0.30556217,0
0.0,0.3210193,0
0.0,0.33518443,0
0.0,0.3136086,0
0.0,0.29129815,0
0.0,0.3236594,0
0.0,0.3362001,0
0.0,0.31659248,0
0.0,0.29369086,0
0.0,0.31329533,0
0.0,0.32330886,0
0.0,0.30933267,0
0.0,0.31664777,0
0.0,0.31880176,0
0.0,0.30403608,0
0.0,0.31199956,0
0.0,0.31692705,0
0.0,0.33548942,0
0.0,0.32643595,0
0.0,0.3198908,0
0.0,0.32255644,0
0.0,0.30997312,0
0.0,0.3040076,0
0.0,0.30037895,0
0.0,0.31369594,0
0.0,0.32237238,0
0.0,0.32654426,0
0.0,0.32436362,0
0.0,0.33057284,0
0.0,0.33392528,0
0.0,0.31748077,0
0.0,0.3223811,0
0.0,0.32710022,0
0.0,0.32732353,0
0.0,0.32712048,0
0.0,0.33004695,0
0.0,0.3194922,0
0.0,0.32925293,0
0.0,0.30147198,0
0.0,0.3202308,0
0.0,0.2907013,0
0.0,0.28049603,0
0.0,0.32011917,0
0.0,0.3214533,0
0.0,0.31494576,0
0.0,0.3195886,0
0.0,0.27773008,0
0.0,0.32309055,0
0.0,0.32695192,0
0.0,0.3017647,0
0.0,0.3376537,1
0.0,0.32734275,1
0.0,0.3325827,1
0.0,0.33295804,1
0.0,0.3284682,1
0.0,0.33173075,1
0.0,0.31917065,1
0.0,0.31885675,1
0.0,0.32299304,1
0.0,0.32083803,1
0.0,0.32526293,1
0.0,0.32555696,1
0.0,0.32190952,1
0.0,0.33013645,1
0.0,0.3192266,1
0.0,0.32176226,1
0.0,0.3333549,1
0.0,0.32766595,1
0.0,0.32285762,1
0.0,0.31832394,1
0.0,0.31756377,1
0.0,0.3150131,1
0.0,0.3233411,1
0.0,0.32527134,1
0.0,0.33188003,1
0.0,0.3353056,1
0.0,0.3272273,1
0.0,0.3353673,1
0.0,0.33719552,1
0.0,0.33934242,1
0.0,0.33151144,1
0.0,0.32158425,1
0.0,0.3243858,1
0.0,0.31941804,1
0.0,0.32615924,1
0.0,0.3245469,1
0.0,0.32198673,1
0.0,0.32398573,1
0.0,0.27342048,1
0.0,0.32204002,1
0.0,0.31724527,1
0.0,0.31979406,1
0.0,0.3220465,1
0.0,0.3236745,1
0.0,0.31586033,1
0.0,0.34285784,1
0.0,0.3333031,1
0.0,0.34180996,1
0.0,0.3419645,1
0.0,0.34335884,1
0.0,0.33846912,1
0.0,0.32907298,1
0.0,0.32774433,1
0.0,0.32455167,1
0.0,0.3201464,1
0.0,0.324121,1
0.0,0.32896456,1
0.0,0.292667,1
0.0,0.296869,1
0.0,0.3163048,1
0.0,0.31750882,1
0.0,0.31764445,1
0.0,0.32206511,1
0.0,0.3240127,1
0.0,0.3230524,1
0.0,0.32337543,1
0.0,0.32274017,1
0.0,0.31573546,1
0.0,0.31956762,1
0.0,0.31970882,1
0.0,0.31686082,1
0.0,0.32090425,1
0.0,0.32163495,1
0.0,0.32377228,1
0.0,0.32000867,1
0.0,0.33188143,1
0.0,0.31299925,1
0.0,0.32499236,1
0.0,0.32513568,1
0.0,0.32357898,1
0.0,0.32496512,1
0.0,0.32406375,1
0.0,0.32086527,1
0.0,0.31583363,1
0.0,0.3227344,1
0.0,0.31491113,1
0.0,0.31830734,1
0.0,0.3195494,1
0.0,0.3194841,1
0.0,0.33189127,1
0.0,0.3314769,1
0.0,0.33037305,1
0.0,0.3240481,1
0.0,0.3191146,1
0.0,0.3196034,1
0.0,0.3262842,1
0.0,0.32418466,1
0.0,0.3171658,1
0.0,0.32136863,1
0.0,0.3233048,1
0.0,0.32578316,1
0.0,0.32665282,1
0.0,0.32576454,1
0.0,0.31590986,1
0.0,0.31936467,1
0.0,0.32104322,1
0.0,0.31854635,1
0.0,0.31018794,1
0.0,0.30929908,1
0.0,0.2849303,1
0.0,0.27447623,1
0.0,0.27230692,1
0.0,0.27867025,1
0.0,0.3916501,1
0.0,0.3916501,1
0.0,0.3916501,1
0.0,0.3916501,1
0.0,0.3066219,1
0.0,0.30543756,1
0.0,0.30395266,1
0.0,0.29970908,1
0.0,0.3162411,1
0.0,0.31375736,1
0.0,0.31568575,1
0.0,0.31809238,1
0.0,0.31390905,1
0.0,0.31233102,1
0.0,0.32538265,1
0.0,0.32481933,1
0.0,0.31615835,1
0.0,0.31266287,1
0.0,0.3077558,1
0.0,0.30917835,1
0.0,0.31749395,1
0.0,0.31431958,1
0.0,0.3226181,1
0.0,0.32151443,1
0.0,0.33578682,1
0.0,0.33249667,1
0.0,0.33476976,1
0.0,0.27890518,1
0.0,0.27995825,1
0.0,0.29935208,1
0.0,0.31310108,1
0.0,0.3232049,1
0.0,0.32625362,1
0.0,0.32255843,1
0.0,0.32319316,1
0.0,0.32438675,1
0.0,0.30584133,1
0.0,0.31987882,1
0.0,0.3176565,1
0.0,0.3135294,1
0.0,0.31123346,1
0.0,0.32160667,1
0.0,0.3182616,1
0.0,0.318407,1
0.0,0.3169164,1
0.0,0.32294682,1
0.0,0.31464836,1
0.0,0.31900728,1
0.0,0.31215224,1
0.0,0.3112836,1
0.0,0.31893072,1
0.0,0.33174163,1
0.0,0.31850743,1
0.0,0.33258504,1
0.0,0.32762164,1
0.0,0.3209709,1
0.0,0.31703514,1
0.0,0.3243536,1
0.0,0.32331002,1
0.0,0.32335004,1
0.0,0.3188939,1
0.0,0.32173035,1
0.0,0.31959757,1
0.0,0.32032722,1
0.0,0.32202092,1
0.0,0.3276117,1
0.0,0.3267905,1
0.0,0.32441866,1
0.0,0.32448813,1
0.0,0.3254937,1
0.0,0.31774995,1
0.0,0.32231674,1
0.0,0.32630286,1
0.0,0.32291785,1
0.0,0.320941,1
0.0,0.32399836,1
0.0,0.32741973,1
0.0,0.32786825,1
0.0,0.32948804,1
0.0,0.32123056,1
0.0,0.32803383,1
0.0,0.325392,1
0.0,0.3300074,1
0.0,0.31632885,1
0.0,0.32324708,1
0.0,0.3277045,1
0.0,0.33305997,1
0.0,0.33058676,1
0.0,0.32801205,1
0.0,0.32283387,1
0.0,0.3343173,1
0.0,0.2709602,1
0.0,0.32158697,1
0.0,0.32946455,1
0.0,0.3198418,1
0.0,0.3335877,1
0.0,0.32533196,1
0.0,0.31785777,1
0.0,0.31351295,1
0.0,0.33137587,1
0.0,0.33124736,1
0.0,0.31061354,1
0.0,0.30034605,1
0.0,0.31195134,1
0.0,0.3235617,1
0.0,0.32671905,1
0.0,0.3286591,1
0.0,0.31464082,1
0.0,0.3108154,1
0.0,0.32674932,1
0.0,0.31988367,1
0.0,0.32034668,1
0.0,0.3260324,1
0.0,0.323574,1
0.0,0.32688048,1
0.0,0.31483766,1
0.0,0.32511225,1
0.0,0.31500962,1
0.0,0.31835264,1
0.0,0.31358865,1
0.0,0.3186953,1
0.0,0.31617716,1
0.0,0.31870654,1
0.0,0.32102475,1
0.0,0.32167616,1
0.0,0.3214327,1
0.0,0.32881227,1
0.0,0.31487083,1
0.0,0.31405652,1
0.0,0.31607118,1
0.0,0.31416306,1
0.0,0.33175683,1
0.0,0.3370016,1
0.0,0.3326368,1
0.0,0.3330628,1
0.0,0.33282855,1
0.0,0.3240284,1
0.0,0.33577594,1
0.0,0.32672212,1
0.0,0.29826644,1
0.0,0.30424276,1
0.0,0.2924508,1
0.0,0.27988544,1
0.0,0.27675894,1
0.0,0.31044877,1
0.0,0.31006214,1
0.0,0.28342754,1
0.0,0.28011763,1
0.0,0.27908584,1
0.0,0.26968065,1
0.0,0.33676386,1
0.0,0.33433375,1
0.0,0.33301896,1
0.0,0.3391459,1
0.0,0.32397264,1
0.0,0.32498544,1
0.0,0.32192352,1
0.0,0.3280232,1
0.0,0.31193832,1
0.0,0.3129256,1
0.0,0.31544852,1
0.0,0.32104883,1
0.0,0.30872566,1
0.0,0.32423776,1
0.0,0.3301938,1
0.0,0.3191953,1
0.0,0.2871136,1
0.0,0.29588708,1
0.0,0.32646018,1
0.0,0.333989,1
0.0,0.2975382,1
0.0,0.2955901,1
0.0,0.32378045,1
0.0,0.3156682,1
0.0,0.3137913,1
0.0,0.32163963,1
0.0,0.31755278,1
0.0,0.31514648,1
0.0,0.3317046,1
0.0,0.32021913,1
0.0,0.2994815,1
0.0,0.29375443,1
0.0,0.2950032,1
0.0,0.32479492,1
0.0,0.32277298,1
0.0,0.32579115,1
0.0,0.33055538,1
0.0,0.32074285,1
0.0,0.32061952,1
0.0,0.32051295,1
0.0,0.3916501,1
0.0,0.32368964,1
0.0,0.33112597,1
0.0,0.31703743,1
0.0,0.32913798,1
0.0,0.31932962,1
0.0,0.32608908,1
0.0,0.33231583,1
0.0,0.32399407,1
0.0,0.31717348,1
0.0,0.33113045,1
0.0,0.33397955,1
0.0,0.32169294,1
0.0,0.31656975,1
0.0,0.31706885,1
0.0,0.32309613,1
0.0,0.32187998,1
0.0,0.32186797,1
0.0,0.3215074,1
0.0,0.3237713,1
0.0,0.32163653,1
0.0,0.3216142,1
0.0,0.32304978,1
0.0,0.3199463,1
0.0,0.32796276,1
0.0,0.32617968,1
0.0,0.32533294,1
0.0,0.31828472,1
0.0,0.32164878,1
0.0,0.32930994,1
0.0,0.2935891,1
0.0,0.29129723,1
0.0,0.28969684,1
0.0,0.33066443,0
0.0,0.32514885,0
0.0,0.3230038,0
0.0,0.28479138,0
0.0,0.32667738,0
0.0,0.33784708,0
0.0,0.30571958,0
0.0,0.33058283,0
0.0,0.32132366,0
0.0,0.28457314,0
0.0,0.31961718,0
0.0,0.32244617,0
0.0,0.3231638,0
0.0,0.3078496,0
0.0,0.3283062,0
0.0,0.32385707,0
0.0,0.3304735,0
0.0,0.32327878,0
0.0,0.282261,0
0.0,0.31634283,0
0.0,0.2965854,0
0.0,0.31596154,0
0.0,0.32350346,0
0.0,0.32501173,0
0.0,0.28316975,0
0.0,0.3256608,0
0.0,0.3306193,0
0.0,0.3238692,0
0.0,0.3209736,0
0.0,0.33264062,0
0.0,0.3262403,0
0.0,0.3181455,0
0.0,0.33337507,0
0.0,0.33588177,0
0.0,0.31694958,0
0.0,0.32019567,0
0.0,0.3351044,0
0.0,0.30134335,0
0.0,0.28325483,0
0.0,0.29328758,0
0.0,0.3222451,0
0.0,0.3432708,0
0.0,0.2915224,0
0.0,0.31386712,0
0.0,0.3197914,0
0.0,0.3380031,0
0.0,0.28352717,0
0.0,0.30360025,0
0.0,0.28500018,0
0.0,0.3090436,0
0.0,0.31475085,0
0.0,0.3233854,0
0.0,0.29862267,0
0.0,0.32316548,0
0.0,0.30829954,0
0.0,0.31886506,0
0.0,0.31219423,0
0.0,0.3263228,0
0.0,0.3226746,0
0.0,0.32785505,0
0.0,0.31218374,0
0.0,0.313233,0
0.0,0.31528616,0
0.0,0.3182411,0
0.0,0.30859497,0
0.0,0.32311553,0
0.0,0.32714683,0
0.0,0.3207629,0
0.0,0.32987067,0
0.0,0.3311758,0
0.0,0.31695288,0
0.0,0.29001698,0
0.0,0.29717243,0
0.0,0.32451344,0
0.0,0.298757,0
0.0,0.32779706,0
0.0,0.3087679,0
0.0,0.3247388,0
0.0,0.3267987,0
0.0,0.31725374,0
0.0,0.3145249,0
0.0,0.33367875,0
0.0,0.32214215,0
0.0,0.32726923,0
0.0,0.3205182,0
0.0,0.32966703,0
0.0,0.3278875,0
0.0,0.32788107,0
0.0,0.30836797,0
0.0,0.31244835,0
0.0,0.32635614,0
0.0,0.31723613,0
0.0,0.32142782,0
0.0,0.33086738,0
0.0,0.3342076,0
0.0,0.32324484,0
0.0,0.29826313,0
0.0,0.29909095,0
0.0,0.33066207,0
0.0,0.3236283,0
0.0,0.32740417,0
0.0,0.31896815,0
0.0,0.31232095,0
0.0,0.3055286,0
0.0,0.33320257,0
0.0,0.3290934,0
0.0,0.32452437,0
0.0,0.28997236,0
0.0,0.30319285,0
0.0,0.329827,0
0.0,0.319228,0
0.0,0.33232978,0
0.0,0.31889847,0
0.0,0.3311653,0
0.0,0.33344668,0
0.0,0.32807726,0
0.0,0.31082717,0
0.0,0.3147134,0
0.0,0.33400148,0
0.0,0.3267202,0
0.0,0.29448462,0
0.0,0.32162997,0
0.0,0.3253643,0
0.0,0.32432613,0
0.0,0.33035624,0
0.0,0.2812976,0
0.0,0.314136,0
0.0,0.32457083,0
0.0,0.28858587,0
0.0,0.3046596,0
0.0,0.3243698,0
0.0,0.31564817,0
0.0,0.3160818,0
0.0,0.31354335,0
0.0,0.2755014,0
0.0,0.31828803,0
0.0,0.30706888,0
0.0,0.32768995,0
0.0,0.28752878,0
0.0,0.33501577,0
0.0,0.3916501,0
0.0,0.33222377,0
0.0,0.32259864,0
0.0,0.27584207,0
0.0,0.27896094,0
0.0,0.32324722,0
0.0,0.28808507,0
0.0,0.3231532,0
0.0,0.31240228,0
0.0,0.32854852,0
0.0,0.30071726,0
0.0,0.31245667,0
0.0,0.3201266,0
0.0,0.3247759,0
0.0,0.3275042,0
0.0,0.32730722,0
0.0,0.3220904,0
0.0,0.33041903,0
0.0,0.32328546,0
0.0,0.3381398,0
0.0,0.32290953,0
0.0,0.32377404,0
0.0,0.32145676,0
0.0,0.3281666,0
0.0,0.32400018,0
0.0,0.31685337,0
0.0,0.32650962,0
0.0,0.31967252,0
0.0,0.33095658,0
0.0,0.32144913,0
0.0,0.33140844,0
0.0,0.32260403,0
0.0,0.32379785,0
0.0,0.3172085,0
0.0,0.3251887,0
0.0,0.32225972,0
0.0,0.31718343,0
0.0,0.30256328,0
0.0,0.32190195,0
0.0,0.31646857,0
0.0,0.3124149,0
0.0,0.32787377,0
0.0,0.29257995,0
0.0,0.3219346,0
0.0,0.32443985,0
0.0,0.31176466,0
0.0,0.32220533,0
0.0,0.32231173,0
0.0,0.32190356,0
0.0,0.31569332,0
0.0,0.31183252,0
0.0,0.33472526,0
0.0,0.29441842,0
0.0,0.2938373,0
0.0,0.33228907,0
0.0,0.3108846,0
0.0,0.29335755,0
0.0,0.32523483,0
0.0,0.31886652,0
0.0,0.31367514,0
0.0,0.32378888,0
0.0,0.2973471,0
0.0,0.30272973,0
0.0,0.32414383,0
0.0,0.3151661,0
0.0,0.27196205,0
0.0,0.27987313,0
0.0,0.32150817,0
0.0,0.2955986,0
0.0,0.28217992,0
0.0,0.32728463,0
0.0,0.30555624,0
0.0,0.32642126,0
0.0,0.3235896,0
0.0,0.28818682,0
0.0,0.3253175,0
0.0,0.30058908,0
0.0,0.33246455,0
0.0,0.32953998,0
0.0,0.33285922,0
0.0,0.30826092,0
0.0,0.3208877,0
0.0,0.31362396,0
0.0,0.32724828,0
0.0,0.31146485,0
0.0,0.31339407,0
0.0,0.3260131,0
0.0,0.32405093,0
0.0,0.3304164,0
0.0,0.32198393,0
0.0,0.3231052,0
0.0,0.3091944,0
0.0,0.31074122,0
0.0,0.3247211,0
0.0,0.3146261,0
0.0,0.32222325,0
0.0,0.3234883,0
0.0,0.3280538,0
0.0,0.3261777,0
0.0,0.32251456,0
0.0,0.32575122,0
0.0,0.29172224,0
0.0,0.33327943,0
0.0,0.28712502,0
0.0,0.3168,0
0.0,0.33109,0
0.0,0.3150073,0
0.0,0.3222763,0
0.0,0.33133838,0
0.0,0.34440675,0
0.0,0.28418833,0
0.0,0.31396315,0
0.0,0.33115306,0
0.0,0.29087776,0
0.0,0.30638182,0
0.0,0.3232675,0
0.0,0.32182884,0
0.0,0.3175603,0
0.0,0.31929475,0
0.0,0.32332474,0
0.0,0.31869492,0
0.0,0.31926966,0
0.0,0.32221347,0
0.0,0.3101955,0
0.0,0.33038417,0
0.0,0.3067149,0
0.0,0.31191567,0
0.0,0.28006467,0
0.0,0.33094633,0
0.0,0.33082753,0
0.0,0.32494694,0
0.0,0.29278994,0
0.0,0.32181168,0
0.0,0.30902287,0
0.0,0.31889233,0
0.0,0.32475975,0
0.0,0.3419801,0
0.0,0.31607106,0
0.0,0.32105947,0
0.0,0.28258333,0
0.0,0.3324848,0
0.0,0.28937197,0
0.0,0.33169085,0
0.0,0.29014927,0
0.0,0.33255658,0
0.0,0.29273507,0
0.0,0.31598556,0
0.0,0.2863965,0
0.0,0.33229512,0
0.0,0.30775815,0
0.0,0.32226163,0
0.0,0.33298427,0
0.0,0.3214772,0
0.0,0.32578573,0
0.0,0.31609786,0
0.0,0.31554168,0
0.0,0.31041983,0
0.0,0.31506684,0
0.0,0.2927334,0
0.0,0.3239185,0
0.0,0.32924306,0
0.0,0.31986764,0
0.0,0.28551143,0
0.0,0.32693228,0
0.0,0.3273622,0
0.0,0.33511683,0
0.0,0.32305175,0
0.0,0.32174903,0
0.0,0.32300454,0
0.0,0.2956327,0
0.0,0.2899662,0
0.0,0.31933096,0
0.0,0.30853552,0
0.0,0.31107247,0
0.0,0.3101549,0
0.0,0.32739264,0
0.0,0.32259575,0
0.0,0.31149486,0
0.0,0.28079638,0
0.0,0.32613185,0
0.0,0.30940062,1
0.0,0.30866054,1
0.0,0.3155403,1
0.0,0.2867972,1
0.0,0.2853903,1
0.0,0.31868446,1
0.0,0.31762633,1
0.0,0.31203538,1
0.0,0.3207821,1
0.0,0.32236966,1
0.0,0.33244804,1
0.0,0.3350607,1
0.0,0.3199533,1
0.0,0.2827149,1
0.0,0.29625678,1
0.0,0.28266314,1
0.0,0.31974483,1
0.0,0.31324708,1
0.0,0.31878096,1
0.0,0.322053,1
0.0,0.32900715,1
0.0,0.32453734,1
0.0,0.3282005,1
0.0,0.32201007,1
0.0,0.32155886,1
0.0,0.31836239,1
0.0,0.3142168,1
0.0,0.32082862,1
0.0,0.31536698,1
0.0,0.32276106,1
0.0,0.3156901,1
0.0,0.2978585,1
0.0,0.30970058,1
0.0,0.30563095,1
0.0,0.3167656,1
0.0,0.31996176,1
0.0,0.32630235,1
0.0,0.32060516,1
0.0,0.33335534,1
0.0,0.27079114,1
0.0,0.28878155,1
0.0,0.28633213,1
0.0,0.31248793,1
0.0,0.3118505,1
0.0,0.3158667,1
0.0,0.31954414,1
0.0,0.31503153,1
0.0,0.32460025,1
0.0,0.3218875,1
0.0,0.32400572,1
0.0,0.32606956,1
0.0,0.32539752,1
0.0,0.32337213,1
0.0,0.3209927,1
0.0,0.32403705,1
0.0,0.32233885,1
0.0,0.3224582,1
0.0,0.3199977,1
0.0,0.31423596,1
0.0,0.32033756,1
0.0,0.31614563,1
0.0,0.3118801,1
0.0,0.3130867,1
0.0,0.3193344,1
0.0,0.31994724,1
0.0,0.32598296,1
0.0,0.32273942,1
0.0,0.32416987,1
0.0,0.32056478,1
0.0,0.3185066,1
0.0,0.31999123,1
0.0,0.32048288,1
0.0,0.3172199,1
0.0,0.30475414,1
0.0,0.31611004,1
0.0,0.32267168,1
0.0,0.31606388,1
0.0,0.31710434,1
0.0,0.30504176,1
0.0,0.3169914,1
0.0,0.32642752,1
0.0,0.32409498,1
0.0,0.31970134,1
0.0,0.3204909,1
0.0,0.32834303,1
0.0,0.32229424,1
0.0,0.33306813,1
0.0,0.33147776,1
0.0,0.32653826,1
0.0,0.32808983,1
0.0,0.33479246,1
0.0,0.32499972,1
0.0,0.320725,1
0.0,0.3247835,1
0.0,0.32348242,1
0.0,0.32706589,1
0.0,0.32127574,1
0.0,0.3248031,1
0.0,0.32326436,1
0.0,0.30807117,1
0.0,0.28603965,1
0.0,0.32641986,1
0.0,0.325181,1
0.0,0.32987073,1
0.0,0.32542267,1
0.0,0.32895488,1
0.0,0.3336974,1
0.0,0.33038968,1
0.0,0.32936174,1
0.0,0.33129963,1
0.0,0.328071,1
0.0,0.324386,1
0.0,0.32479146,1
0.0,0.32958227,1
0.0,0.29414323,1
0.0,0.31912592,1
0.0,0.31367794,1
0.0,0.3088701,1
0.0,0.32079738,1
0.0,0.29520112,1
0.0,0.32061443,1
0.0,0.30767608,1
0.0,0.3292238,1
0.0,0.2967133,1
0.0,0.29601657,1
0.0,0.3289942,1
0.0,0.33035955,1
0.0,0.31987014,1
0.0,0.3196623,1
0.0,0.32151383,1
0.0,0.3181384,1
0.0,0.3278144,1
0.0,0.32653934,1
0.0,0.32746965,1
0.0,0.32602486,1
0.0,0.31950653,1
0.0,0.3239605,1
0.0,0.3264349,1
0.0,0.32861975,1
0.0,0.32565764,1
0.0,0.32543755,1
0.0,0.32300225,1
0.0,0.32018277,1
0.0,0.3349619,1
0.0,0.3135879,1
0.0,0.3317188,1
0.0,0.33232552,1
0.0,0.3323813,1
0.0,0.332868,1
0.0,0.3278267,1
0.0,0.3089311,1
0.0,0.3140832,1
0.0,0.30805746,1
0.0,0.3916501,1
0.0,0.3916501,1
0.0,0.3916501,1
0.0,0.3916501,1
0.0,0.3916501,1
0.0,0.3916501,1
0.0,0.3916501,1
0.0,0.3916501,1
0.0,0.3916501,1
0.0,0.3916501,1
0.0,0.3916501,1
0.0,0.3916501,1
0.0,0.3916501,1
0.0,0.3916501,1
0.0,0.3916501,1
0.0,0.3916501,1
0.0,0.3916501,1
0.0,0.3916501,1
0.0,0.31544435,1
0.0,0.31201383,1
0.0,0.31363073,1
0.0,0.31646815,1
0.0,0.31622848,1
0.0,0.3123922,1
0.0,0.32128945,1
0.0,0.30895713,1
0.0,0.31285873,1
0.0,0.31470484,1
0.0,0.3006524,1
0.0,0.28396654,1
0.0,0.3002124,1
0.0,0.31619033,1
0.0,0.31558892,1
0.0,0.33189747,1
0.0,0.3916501,1
0.0,0.3916501,1
0.0,0.3916501,1
0.0,0.3916501,1
0.0,0.3916501,1
0.0,0.3916501,1
0.0,0.30787367,1
0.0,0.33222598,1
0.0,0.31919262,1
0.0,0.31981105,1
0.0,0.3138192,1
0.0,0.313769,1
0.0,0.2815672,1
0.0,0.33436525,1
0.0,0.32146966,1
0.0,0.32986954,1
0.0,0.32344684,1
0.0,0.33183664,1
0.0,0.32947922,1
0.0,0.31981307,1
0.0,0.32391962,1
0.0,0.32539135,1
0.0,0.3193879,1
0.0,0.3265567,1
0.0,0.32415074,1
0.0,0.32227325,1
0.0,0.31359372,1
0.0,0.30924252,1
0.0,0.32476398,1
0.0,0.32231924,1
0.0,0.32023764,1
0.0,0.321941,1
0.0,0.3244479,1
0.0,0.32358196,1
0.0,0.33417094,1
0.0,0.3231421,1
0.0,0.3285942,1
0.0,0.3186057,1
0.0,0.3157204,1
0.0,0.30980027,1
0.0,0.31994307,1
0.0,0.31287023,1
0.0,0.3166119,1
0.0,0.314928,1
0.0,0.31416848,1
0.0,0.31752414,1
0.0,0.29694226,1
0.0,0.29599947,1
0.0,0.32547966,1
0.0,0.33066183,1
0.0,0.32503235,1
0.0,0.31921262,1
0.0,0.3188195,1
0.0,0.3136768,1
0.0,0.32912257,1
0.0,0.32804722,1
0.0,0.32345307,1
0.0,0.32349464,1
0.0,0.32216033,1
0.0,0.33059517,1
0.0,0.28072232,1
0.0,0.2809447,1
0.0,0.28848282,1
0.0,0.34149042,1
0.0,0.33337152,1
0.0,0.3343301,1
0.0,0.3123894,1
0.0,0.3133662,1
0.0,0.32091734,1
0.0,0.32154778,1
0.0,0.32609856,1
0.0,0.3066437,1
0.0,0.31749588,1
0.0,0.32669055,1
0.0,0.3169207,1
0.0,0.31242663,1
0.0,0.31458288,1
0.0,0.31383535,1
0.0,0.3013275,1
0.0,0.31834587,1
0.0,0.30972394,1
0.0,0.2996894,1
0.0,0.3238872,1
0.0,0.3180118,1
0.0,0.3208649,1
0.0,0.31903255,1
0.0,0.31781313,1
0.0,0.31810424,1
0.0,0.3158958,1
0.0,0.31283858,1
0.0,0.3284641,1
0.0,0.32942086,1
0.0,0.31837866,1
0.0,0.31624788,1
0.0,0.32029396,1
0.0,0.3180294,1
0.0,0.32355234,1
0.0,0.32156083,1
0.0,0.29308435,1
0.0,0.29111448,1
0.0,0.28803334,1
0.0,0.2976611,1
0.0,0.32657555,1
0.0,0.33072668,1
0.0,0.32640547,1
0.0,0.29653478,1
0.0,0.30006337,1
0.0,0.29071426,1
0.0,0.30025813,1
0.0,0.3213776,1
0.0,0.32301363,1
0.0,0.32624716,1
0.0,0.32041794,1
0.0,0.3127716,1
0.0,0.3164407,1
0.0,0.30992964,1
0.0,0.32269984,1
0.0,0.32073587,1
0.0,0.317846,1
0.0,0.32343355,1
0.0,0.3146838,1
0.0,0.31028733,1
0.0,0.32184744,1
0.0,0.3198416,1
0.0,0.30084616,1
0.0,0.31747046,1
0.0,0.3096087,1
0.0,0.30925852,1
0.0,0.30971414,1
0.0,0.3101038,1
0.0,0.30593592,1
0.0,0.32866123,1
0.0,0.32822984,1
0.0,0.32782462,1
0.0,0.3329116,1
0.0,0.33584914,1
0.0,0.32778254,1
0.0,0.3448313,1
0.0,0.3003821,1
0.0,0.2973583,1
0.0,0.32742536,1
0.0,0.3273558,1
0.0,0.3316169,1
0.0,0.3204076,1
0.0,0.3223345,1
0.0,0.31722558,1
0.0,0.31357247,1
0.0,0.31043628,1
0.0,0.31572363,1
0.0,0.32921785,1
0.0,0.33590186,1
0.0,0.32874012,1
0.0,0.33041692,1
0.0,0.33952332,1
0.0,0.3327604,1
0.0,0.329655,1
0.0,0.32817507,1
0.0,0.2871371,1
0.0,0.28780583,1
0.0,0.32878092,1
0.0,0.31261173,1
0.0,0.3171228,1
0.0,0.31017843,1
0.0,0.31366622,1
0.0,0.32022053,0
0.0,0.31760743,0
0.0,0.29034626,0
0.0,0.31674853,0
0.0,0.30762595,0
0.0,0.33077297,0
0.0,0.33240652,0
0.0,0.31985474,0
0.0,0.31339765,0
0.0,0.2927776,0
0.0,0.32336944,0
0.0,0.32419547,0
0.0,0.3172169,0
0.0,0.31231734,0
0.0,0.33006284,0
0.0,0.29167315,0
0.0,0.32723188,0
0.0,0.32410097,0
0.0,0.32664272,0
0.0,0.3315277,0
0.0,0.3145045,0
0.0,0.3177081,0
0.0,0.29187,0
0.0,0.32936725,0
0.0,0.31571934,0
0.0,0.30253622,0
0.0,0.31935528,0
0.0,0.3244228,0
0.0,0.3315531,0
0.0,0.29710376,0
0.0,0.31969428,0
0.0,0.30641237,0
0.0,0.32576427,0
0.0,0.32927883,0
0.0,0.3916501,0
0.0,0.32369015,0
0.0,0.32222348,0
0.0,0.33802453,0
0.0,0.30713224,0
0.0,0.27866006,0
0.0,0.3124779,0
0.0,0.3122698,0
0.0,0.3325202,0
0.0,0.3227263,0
0.0,0.32517293,0
0.0,0.32670736,0
0.0,0.28315064,0
0.0,0.32442755,0
0.0,0.3221613,0
0.0,0.31059834,0
0.0,0.33226815,0
0.0,0.31918037,0
0.0,0.29765883,0
0.0,0.31052053,0
0.0,0.32933098,0
0.0,0.33102027,0
0.0,0.29400957,0
0.0,0.3146603,0
0.0,0.33138424,0
0.0,0.30768254,0
0.0,0.3195336,0
0.0,0.33100757,0
0.0,0.29467633,0
0.0,0.31639588,0
0.0,0.33615163,0
0.0,0.2824483,0
0.0,0.33833575,0
0.0,0.32745397,0
0.0,0.31365207,0
0.0,0.30710003,0
0.0,0.29769254,0
0.0,0.3277944,0
0.0,0.3270414,0
0.0,0.33042735,0
0.0,0.32608637,0
0.0,0.28270096,0
0.0,0.30230498,0
0.0,0.29213306,0
0.0,0.32608774,0
0.0,0.33242455,0
0.0,0.2898582,0
0.0,0.31556937,0
0.0,0.30371842,0
0.0,0.3243208,0
0.0,0.33452293,0
0.0,0.3916501,0
0.0,0.31889585,0
0.0,0.30373323,0
0.0,0.32735032,0
0.0,0.32408154,0
0.0,0.30385682,0
0.0,0.30238253,0
0.0,0.31708512,0
0.0,0.29452363,0
0.0,0.33181256,0
0.0,0.29454404,0
0.0,0.31106538,0
0.0,0.3096266,0
0.0,0.32590476,0
0.0,0.32569844,0
0.0,0.3916501,0
0.0,0.3916501,0
0.0,0.33145767,0
0.0,0.31703323,0
0.0,0.31420192,0
0.0,0.32511434,0
0.0,0.32305637,0
0.0,0.33271143,0
0.0,0.33135697,0
0.0,0.3064743,0
0.0,0.32635,0
0.0,0.32240435,0
0.0,0.29407865,0
0.0,0.34581503,0
0.0,0.32981095,0
0.0,0.3290371,0
0.0,0.33301288,0
0.0,0.31884846,0
0.0,0.32866856,0
0.0,0.31970796,0
0.0,0.3172334,0
0.0,0.3230754,0
0.0,0.33262795,0
0.0,0.31188512,0
0.0,0.32360545,0
0.0,0.3045839,0
0.0,0.32188463,0
0.0,0.27995637,0
0.0,0.3254365,0
0.0,0.31897897,0
0.0,0.327186,0
0.0,0.3226877,0
0.0,0.32846278,0
0.0,0.30992064,0
0.0,0.30585662,0
0.0,0.32586843,0
0.0,0.2979949,0
0.0,0.3916501,0
0.0,0.31853586,0
0.0,0.284425,0
0.0,0.29064396,0
0.0,0.32800448,0
0.0,0.3916501,0
0.0,0.33116204,0
0.0,0.3225422,0
0.0,0.3322497,0
0.0,0.294539,0
0.0,0.3916501,0
0.0,0.3916501,0
0.0,0.27770206,0
0.0,0.29815403,0
0.0,0.31515992,0
0.0,0.28541127,0
0.0,0.323951,0
0.0,0.3258747,0
0.0,0.31650794,0
0.0,0.32647347,0
0.0,0.32326132,0
0.0,0.31803936,0
0.0,0.28490815,0
0.0,0.31484208,0
0.0,0.32061213,0
0.0,0.32989866,0
0.0,0.30949956,0
0.0,0.32005164,0
0.0,0.33391938,0
0.0,0.28093264,0
0.0,0.31545827,0
0.0,0.29943463,0
0.0,0.328096,0
0.0,0.31141505,0
0.0,0.32652876,0
0.0,0.32467616,0
0.0,0.2992241,0
0.0,0.3251415,0
0.0,0.29919904,0
0.0,0.33586332,0
0.0,0.32113606,0
0.0,0.3916501,0
0.0,0.29435396,0
0.0,0.32975847,0
0.0,0.29104754,0
0.0,0.32695395,0
0.0,0.32139552,0
0.0,0.32984018,0
0.0,0.32666305,0
0.0,0.31674248,0
0.0,0.31598178,0
0.0,0.32156816,0
0.0,0.32678723,0
0.0,0.3916501,0
0.0,0.31448534,0
0.0,0.29031047,0
0.0,0.27921474,0
0.0,0.33293024,0
0.0,0.29786468,0
0.0,0.30590272,0
0.0,0.30092436,0
0.0,0.33243015,0
0.0,0.33080804,0
0.0,0.32757646,0
0.0,0.31914395,0
0.0,0.337798,0
0.0,0.32094607,0
0.0,0.32221356,0
0.0,0.32916716,0
0.0,0.33412087,0
0.0,0.32142156,0
0.0,0.31138173,0
0.0,0.32137328,0
0.0,0.3186406,0
0.0,0.33108318,0
0.0,0.32365453,0
0.0,0.3111604,0
0.0,0.32522565,0
0.0,0.29342577,0
0.0,0.3158059,0
0.0,0.32338965,0
0.0,0.34202024,0
0.0,0.32533592,0
0.0,0.27281675,0
0.0,0.320066,0
0.0,0.3112153,0
0.0,0.31069538,0
0.0,0.32661632,0
0.0,0.31310326,0
0.0,0.29251343,0
0.0,0.31627566,0
0.0,0.31780642,0
0.0,0.31129453,0
0.0,0.31037313,0
0.0,0.3916501,0
0.0,0.29180184,0
0.0,0.32682148,0
0.0,0.35110748,0
0.0,0.2972071,0
0.0,0.32055038,0
0.0,0.31471896,0
0.0,0.3256721,0
0.0,0.31863382,0
0.0,0.32293564,0
0.0,0.29198575,0
0.0,0.32234228,0
0.0,0.3215634,0
0.0,0.33112958,0
0.0,0.3353189,0
0.0,0.3089618,0
0.0,0.33625564,0
0.0,0.3271345,0
0.0,0.3216485,0
0.0,0.31621453,0
0.0,0.32305914,0
0.0,0.32560372,0
0.0,0.3291454,0
0.0,0.32494318,0
0.0,0.33434793,0
0.0,0.3307988,0
0.0,0.3212389,0
0.0,0.29852995,0
0.0,0.32445624,0
0.0,0.32801124,0
0.0,0.30400065,0
0.0,0.3178728,0
0.0,0.31678143,0
0.0,0.31803215,0
0.0,0.3916501,0
0.0,0.3123335,0
0.0,0.3209681,0
0.0,0.32371405,0
0.0,0.3355504,0
0.0,0.32659134,0
0.0,0.3236568,0
0.0,0.31166053,0
0.0,0.32393703,0
0.0,0.31427923,0
0.0,0.30740178,0
0.0,0.29300693,0
0.0,0.31319746,0
0.0,0.3259736,0
0.0,0.3284212,0
0.0,0.32431284,0
0.0,0.32615143,0
0.0,0.27550963,0
0.0,0.32939917,0
0.0,0.31988275,0
0.0,0.3053506,0
0.0,0.3183176,0
0.0,0.2984093,0
0.0,0.3187834,0
0.0,0.31293485,0
0.0,0.32565466,0
0.0,0.32505456,0
0.0,0.3916501,0
0.0,0.31625292,0
0.0,0.32625115,0
0.0,0.3286369,0
0.0,0.3316869,0
0.0,0.31984013,0
0.0,0.2983679,0
0.0,0.3285725,0
0.0,0.31947908,0
0.0,0.31821045,0
0.0,0.3069132,0
0.0,0.3129393,0
0.0,0.32306254,0
0.0,0.322162,0
0.0,0.3238235,0
0.0,0.29648182,0
0.0,0.28651467,0
0.0,0.3310935,0
0.0,0.3198742,0
0.0,0.32234934,0
0.0,0.31659824,0
0.0,0.32863262,0
0.0,0.31513986,0
0.0,0.300573,0
0.0,0.2827858,0
0.0,0.33387598,0
0.0,0.31773302,0
0.0,0.32277608,0
0.0,0.31777954,0
0.0,0.3075895,0
0.0,0.32604602,0
0.0,0.32635114,0
0.0,0.3916501,0
0.0,0.32467514,0
0.0,0.3008768,0
0.0,0.3132047,0
0.0,0.28235263,0
0.0,0.32544473,0
0.0,0.31671894,0
0.0,0.3231644,0
0.0,0.3331582,0
0.0,0.32522437,0
0.0,0.28199327,0
0.0,0.33678713,0
0.0,0.2980712,0
0.0,0.3916501,1
0.0,0.3916501,1
0.0,0.3916501,1
0.0,0.3209478,1
0.0,0.31645483,1
0.0,0.31579176,1
0.0,0.31236133,1
0.0,0.31751966,1
0.0,0.31250232,1
0.0,0.30629137,1
0.0,0.3093492,1
0.0,0.31155774,1
0.0,0.3147543,1
0.0,0.32472986,1
0.0,0.32141605,1
0.0,0.31072417,1
0.0,0.31065753,1
0.0,0.32039955,1
0.0,0.32245082,1
0.0,0.3211225,1
0.0,0.3174989,1
0.0,0.32396728,1
0.0,0.3311506,1
0.0,0.3139893,1
0.0,0.28951353,1
0.0,0.2921919,1
0.0,0.29064974,1
0.0,0.29530707,1
0.0,0.29147282,1
0.0,0.29606488,1
0.0,0.31610245,1
0.0,0.31039634,1
0.0,0.29130283,1
0.0,0.29134223,1
0.0,0.28535745,1
0.0,0.33380482,1
0.0,0.33018613,1
0.0,0.32871696,1
0.0,0.32652852,1
0.0,0.3295398,1
0.0,0.31649894,1
0.0,0.31569418,1
0.0,0.32136413,1
0.0,0.3222876,1
0.0,0.33309639,1
0.0,0.32908636,1
0.0,0.30147535,1
0.0,0.33138272,1
0.0,0.32608542,1
0.0,0.32687062,1
0.0,0.32583332,1
0.0,0.30696175,1
0.0,0.3126604,1
0.0,0.31303358,1
0.0,0.31896663,1
0.0,0.31839055,1
0.0,0.3219905,1
0.0,0.3200317,1
0.0,0.31293544,1
0.0,0.31675333,1
0.0,0.32617056,1
0.0,0.32124522,1
0.0,0.3302416,1
0.0,0.32511666,1
0.0,0.3202873,1
0.0,0.3025903,1
0.0,0.30933818,1
0.0,0.3277874,1
0.0,0.32270297,1
0.0,0.32416382,1
0.0,0.32451072,1
0.0,0.3083979,1
0.0,0.3084478,1
0.0,0.32529578,1
0.0,0.3271262,1
0.0,0.32948747,1
0.0,0.3293711,1
0.0,0.3269346,1
0.0,0.30201697,1
0.0,0.30045235,1
0.0,0.29504222,1
0.0,0.32748535,1
0.0,0.31658357,1
0.0,0.31951603,1
0.0,0.32174715,1
0.0,0.31341705,1
0.0,0.31335488,1
0.0,0.3057652,1
0.0,0.30918697,1
0.0,0.31615695,1
0.0,0.29503644,1
0.0,0.29291922,1
0.0,0.29423082,1
0.0,0.31537938,1
0.0,0.3177768,1
0.0,0.31829515,1
0.0,0.31948206,1
0.0,0.31598124,1
0.0,0.30712032,1
0.0,0.3046598,1
0.0,0.3916501,1
0.0,0.3916501,1
0.0,0.3210317,1
0.0,0.31793052,1
0.0,0.32877967,1
0.0,0.31999213,1
0.0,0.33125257,1
0.0,0.32972527,1
0.0,0.3315588,1
0.0,0.3235845,1
0.0,0.32631066,1
0.0,0.33348095,1
0.0,0.3356284,1
0.0,0.33205163,1
0.0,0.33624837,1
0.0,0.34343776,1
0.0,0.32997614,1
0.0,0.32507876,1
0.0,0.32834795,1
0.0,0.32188532,1
0.0,0.33593696,1
0.0,0.3190076,1
0.0,0.31365758,1
0.0,0.32397816,1
0.0,0.32122982,1
0.0,0.31764355,1
0.0,0.3252745,1
0.0,0.32477817,1
0.0,0.32249892,1
0.0,0.3326776,1
0.0,0.30477485,1
0.0,0.30779654,1
0.0,0.30667937,1
0.0,0.32768264,1
0.0,0.32833415,1
0.0,0.31553608,1
0.0,0.32638618,1
0.0,0.32275343,1
0.0,0.33221635,1
0.0,0.32733774,1
0.0,0.32327223,1
0.0,0.32417753,1
0.0,0.31578985,1
0.0,0.30064055,1
0.0,0.2964207,1
0.0,0.3096807,1
0.0,0.29645866,1
0.0,0.3139708,1
0.0,0.28917074,1
0.0,0.29656824,1
0.0,0.29701185,1
0.0,0.32016918,1
0.0,0.32865065,1
0.0,0.32700646,1
0.0,0.30058676,1
0.0,0.33875218,1
0.0,0.33058664,1
0.0,0.32211423,1
0.0,0.32505453,1
0.0,0.32281083,1
0.0,0.30207363,1
0.0,0.31212518,1
0.0,0.3163089,1
0.0,0.32752916,1
0.0,0.33469895,1
0.0,0.32781485,1
0.0,0.32378334,1
0.0,0.3916501,1
0.0,0.32287207,1
0.0,0.32443652,1
0.0,0.32273364,1
0.0,0.32112467,1
0.0,0.3181834,1
0.0,0.31904912,1
0.0,0.31898054,1
0.0,0.32563126,1
0.0,0.32137543,1
0.0,0.32267153,1
0.0,0.31537738,1
0.0,0.3177772,1
0.0,0.31947103,1
0.0,0.31757852,1
0.0,0.3200419,1
0.0,0.32618144,1
0.0,0.31757674,1
0.0,0.31870863,1
0.0,0.32003576,1
0.0,0.3916501,1
0.0,0.32400194,1
0.0,0.31632638,1
0.0,0.3262165,1
0.0,0.3136546,1
0.0,0.3301135,1
0.0,0.33393508,1
0.0,0.3267904,1
0.0,0.3265773,1
0.0,0.33678383,1
0.0,0.33597904,1
0.0,0.31878725,1
0.0,0.31774178,1
0.0,0.31773752,1
0.0,0.31619602,1
0.0,0.33738723,1
0.0,0.32982358,1
0.0,0.33812988,1
0.0,0.3345065,1
0.0,0.3308341,1
0.0,0.3296265,1
0.0,0.33107874,1
0.0,0.3916501,1
0.0,0.3916501,1
0.0,0.31861746,1
0.0,0.3249245,1
0.0,0.3916501,1
0.0,0.3916501,1
0.0,0.33309233,1
0.0,0.31169286,1
0.0,0.32709008,1
0.0,0.3313835,1
0.0,0.3395127,1
0.0,0.3276383,1
0.0,0.32246122,1
0.0,0.32740292,1
0.0,0.3157464,1
0.0,0.31630498,1
0.0,0.31830034,1
0.0,0.3126451,1
0.0,0.3203706,1
0.0,0.3096117,1
0.0,0.31694317,1
0.0,0.31642276,1
0.0,0.3916501,1
0.0,0.3916501,1
0.0,0.3916501,1
0.0,0.3916501,1
0.0,0.3064486,1
0.0,0.31939104,1
0.0,0.33009484,1
0.0,0.3197771,1
0.0,0.3026405,1
0.0,0.30022228,1
0.0,0.32211766,1
0.0,0.3182579,1
0.0,0.32675686,1
0.0,0.3241173,1
0.0,0.3916501,1
0.0,0.3916501,1
0.0,0.32703382,1
0.0,0.32605517,1
0.0,0.3916501,1
0.0,0.3916501,1
0.0,0.3916501,1
0.0,0.3916501,1
0.0,0.30138057,1
0.0,0.3059129,1
0.0,0.29974908,1
0.0,0.2840182,1
0.0,0.328704,1
0.0,0.32627633,1
0.0,0.3183004,1
0.0,0.32252428,1
0.0,0.31363463,1
0.0,0.31731194,1
0.0,0.3209681,1
0.0,0.31667024,1
0.0,0.320982,1
0.0,0.31231433,1
0.0,0.30788794,1
0.0,0.30778843,1
0.0,0.29602206,1
0.0,0.2684817,1
0.0,0.32216686,1
0.0,0.31917217,1
0.0,0.3243688,1
0.0,0.3207032,1
0.0,0.3207708,1
0.0,0.32760227,1
0.0,0.3248876,1
0.0,0.32249662,1
0.0,0.3217961,1
0.0,0.32096338,1
0.0,0.3255185,1
0.0,0.3212164,1
0.0,0.32448855,1
0.0,0.32265767,1
0.0,0.3262197,1
0.0,0.3252243,1
0.0,0.32340723,1
0.0,0.33119902,1
0.0,0.3390285,1
0.0,0.32929814,1
0.0,0.33371195,1
0.0,0.33128908,1
0.0,0.33421364,1
0.0,0.32954678,1
0.0,0.33659807,1
0.0,0.345519,1
0.0,0.3238082,1
0.0,0.3036735,1
0.0,0.2992191,1
0.0,0.26847145,1
0.0,0.3062567,1
0.0,0.29488152,1
0.0,0.2888023,1
0.0,0.2956442,1
0.0,0.28248417,1
0.0,0.32155883,1
0.0,0.31350282,1
0.0,0.3313143,1
0.0,0.32530108,1
0.0,0.33001867,1
0.0,0.33271083,1
0.0,0.33024907,1
0.0,0.32985702,1
0.0,0.3260825,1
0.0,0.32515848,1
0.0,0.32590467,1
0.0,0.3275195,0
0.0,0.32558483,0
0.0,0.33197746,0
0.0,0.32534662,0
0.0,0.32579416,0
0.0,0.3335112,0
0.0,0.33443326,0
0.0,0.32807693,0
0.0,0.31610385,0
0.0,0.31491706,0
0.0,0.32171896,0
0.0,0.3291448,0
0.0,0.32670197,0
0.0,0.3255496,0
0.0,0.32378578,0
0.0,0.32837912,0
0.0,0.33370844,0
0.0,0.30759802,0
0.0,0.30166736,0
0.0,0.3201221,0
0.0,0.3255774,0
0.0,0.32678297,0
0.0,0.32639167,0
0.0,0.30029786,0
0.0,0.3289059,0
0.0,0.31600186,0
0.0,0.314608,0
0.0,0.3182534,0
0.0,0.27831906,0
0.0,0.32715482,0
0.0,0.32982072,0
0.0,0.31715167,0
0.0,0.3150614,0
0.0,0.33197233,0
0.0,0.28739542,0
0.0,0.32569948,0
0.0,0.322402,0
0.0,0.32586434,0
0.0,0.334829,0
0.0,0.3058657,0
0.0,0.33396423,0
0.0,0.33418825,0
0.0,0.32705054,0
0.0,0.315166,0
0.0,0.31253475,0
0.0,0.32676473,0
0.0,0.31473684,0
0.0,0.28998074,0
0.0,0.3206221,0
0.0,0.31571066,0
0.0,0.33528796,0
0.0,0.31097308,0
0.0,0.29005408,0
0.0,0.28433883,0
0.0,0.33614016,0
0.0,0.32786027,0
0.0,0.3205236,0
0.0,0.31322637,0
0.0,0.3185621,0
0.0,0.3225393,0
0.0,0.3107315,0
0.0,0.31288606,0
0.0,0.32776615,0
0.0,0.32761133,0
0.0,0.31785664,0
0.0,0.32548597,0
0.0,0.32309496,0
0.0,0.32918456,0
0.0,0.32545152,0
0.0,0.33202004,0
0.0,0.3233011,0
0.0,0.32706866,0
0.0,0.27778837,0
0.0,0.32874894,0
0.0,0.3352654,0
0.0,0.31977507,0
0.0,0.32361358,0
0.0,0.29666504,0
0.0,0.32447833,0
0.0,0.3916501,0
0.0,0.32283476,0
0.0,0.28049466,0
0.0,0.3288418,0
0.0,0.33740625,0
0.0,0.32487133,0
0.0,0.3152296,0
0.0,0.29411677,0
0.0,0.3276789,0
0.0,0.2782386,0
0.0,0.32449743,0
0.0,0.32172978,0
0.0,0.32185414,0
0.0,0.31700778,0
0.0,0.32373807,0
0.0,0.32287297,0
0.0,0.32013562,0
0.0,0.32095084,0
0.0,0.3268128,0
0.0,0.3266283,0
0.0,0.32891902,0
0.0,0.28072068,0
0.0,0.3168571,0
0.0,0.3235458,0
0.0,0.31619534,0
0.0,0.3229619,0
0.0,0.3143236,0
0.0,0.32555223,0
0.0,0.29801944,0
0.0,0.319304,0
0.0,0.32585078,0
0.0,0.31326056,0
0.0,0.29622272,0
0.0,0.3166405,0
0.0,0.3317477,0
0.0,0.3060955,0
0.0,0.2967139,0
0.0,0.32586464,0
0.0,0.32315978,0
0.0,0.31573814,0
0.0,0.31469396,0
0.0,0.29961053,0
0.0,0.33133966,0
0.0,0.29609787,0
0.0,0.33108672,0
0.0,0.30944103,0
0.0,0.3164076,0
0.0,0.27943614,0
0.0,0.33205763,0
0.0,0.33368668,0
0.0,0.2907666,0
0.0,0.33127344,0
0.0,0.32456064,0
0.0,0.32521388,0
0.0,0.31993037,0
0.0,0.3182206,0
0.0,0.32783037,0
0.0,0.3150174,0
0.0,0.33671337,0
0.0,0.3264539,0
0.0,0.3338276,0
0.0,0.3208469,0
0.0,0.2807445,0
0.0,0.32770798,0
0.0,0.3238961,0
0.0,0.32513943,0
0.0,0.30643505,0
0.0,0.32050377,0
0.0,0.31944352,0
0.0,0.31822455,0
0.0,0.30916443,0
0.0,0.32962567,0
0.0,0.3414772,0
0.0,0.32743335,0
0.0,0.32840016,0
0.0,0.32420602,0
0.0,0.31660652,0
0.0,0.3125622,0
0.0,0.29256144,0
0.0,0.2986924,0
0.0,0.32137105,0
0.0,0.29415813,0
0.0,0.32459018,0
0.0,0.3258512,0
0.0,0.32547125,0
0.0,0.316177,0
0.0,0.29050395,0
0.0,0.34375829,0
0.0,0.3181641,0
0.0,0.31815314,0
0.0,0.3152752,0
0.0,0.32822478,0
0.0,0.32824752,0
0.0,0.31553972,0
0.0,0.32380736,0
0.0,0.3033404,0
0.0,0.30423445,0
0.0,0.32479015,0
0.0,0.33098483,0
0.0,0.29987842,0
0.0,0.32759154,0
0.0,0.31413367,0
0.0,0.32280385,0
0.0,0.32981673,0
0.0,0.33007687,0
0.0,0.29528192,0
0.0,0.30264,0
0.0,0.32666084,0
0.0,0.3143577,0
0.0,0.2866742,0
0.0,0.32377487,0
0.0,0.28417003,0
0.0,0.3217161,0
0.0,0.31779575,0
0.0,0.32622495,0
0.0,0.30028132,0
0.0,0.3334845,0
0.0,0.31860122,0
0.0,0.33425507,0
0.0,0.33043417,0
0.0,0.31672218,0
0.0,0.3222353,0
0.0,0.3349529,0
0.0,0.3335564,0
0.0,0.31225866,0
0.0,0.28576785,0
0.0,0.3114233,0
0.0,0.3234453,0
0.0,0.32013083,0
0.0,0.335931,0
0.0,0.29721665,0
0.0,0.32149345,0
0.0,0.3043812,0
0.0,0.32928383,0
0.0,0.30097952,0
0.0,0.30576566,0
0.0,0.32498655,0
0.0,0.32940537,0
0.0,0.3182903,0
0.0,0.31687433,0
0.0,0.32624698,0
0.0,0.29952145,0
0.0,0.27796212,0
0.0,0.31971633,0
0.0,0.3273799,0
0.0,0.3218517,0
0.0,0.3336778,0
0.0,0.31808046,0
0.0,0.32516086,0
0.0,0.31795466,0
0.0,0.32656473,0
0.0,0.32158288,0
0.0,0.32265967,0
0.0,0.3148691,0
0.0,0.2877464,0
0.0,0.29788682,0
0.0,0.29974747,0
0.0,0.34296432,0
0.0,0.32485512,0
0.0,0.3337516,0
0.0,0.2966006,0
0.0,0.32570785,0
0.0,0.3147184,0
0.0,0.32173875,0
0.0,0.3146111,0
0.0,0.3275926,0
0.0,0.30646884,0
0.0,0.3135018,0
0.0,0.30557695,0
0.0,0.31770194,0
0.0,0.3407428,0
0.0,0.3156649,0
0.0,0.29905882,0
0.0,0.33544996,0
0.0,0.32212532,0
0.0,0.27573115,0
0.0,0.3296394,0
0.0,0.28810734,0
0.0,0.3295416,0
0.0,0.29837677,0
0.0,0.3257582,0
0.0,0.32059258,0
0.0,0.33164206,0
0.0,0.32772487,0
0.0,0.3166071,0
0.0,0.3215682,0
0.0,0.31982264,0
0.0,0.32347983,0
0.0,0.32899874,0
0.0,0.33045685,0
0.0,0.3156994,0
0.0,0.32402825,0
0.0,0.34101346,1
0.0,0.32841572,1
0.0,0.34404624,1
0.0,0.33512127,1
0.0,0.3322824,1
0.0,0.31717047,1
0.0,0.32094842,1
0.0,0.317129,1
0.0,0.30836418,1
0.0,0.29530045,1
0.0,0.2953911,1
0.0,0.32421297,1
0.0,0.32079023,1
0.0,0.32959336,1
0.0,0.3332393,1
0.0,0.3214803,1
0.0,0.32439902,1
0.0,0.32452428,1
0.0,0.32331717,1
0.0,0.31189933,1
0.0,0.32351062,1
0.0,0.32015955,1
0.0,0.31686598,1
0.0,0.3171565,1
0.0,0.317111,1
0.0,0.31872347,1
0.0,0.31681973,1
0.0,0.31986597,1
0.0,0.31597438,1
0.0,0.31781432,1
0.0,0.3198235,1
0.0,0.3195357,1
0.0,0.32178366,1
0.0,0.33256683,1
0.0,0.32376644,1
0.0,0.33012906,1
0.0,0.3051613,1
0.0,0.311081,1
0.0,0.32898238,1
0.0,0.31684905,1
0.0,0.3165822,1
0.0,0.3361976,1
0.0,0.31391138,1
0.0,0.28594193,1
0.0,0.29603,1
0.0,0.29107144,1
0.0,0.28802246,1
0.0,0.30090424,1
0.0,0.32060626,1
0.0,0.32258338,1
0.0,0.32184806,1
0.0,0.29574946,1
0.0,0.3027301,1
0.0,0.31234175,1
0.0,0.31495115,1
0.0,0.32418114,1
0.0,0.31705573,1
0.0,0.3262889,1
0.0,0.31357303,1
0.0,0.31535307,1
0.0,0.3287989,1
0.0,0.32835007,1
0.0,0.31986016,1
0.0,0.33009794,1
0.0,0.32363307,1
0.0,0.32775635,1
0.0,0.3158727,1
0.0,0.3127578,1
0.0,0.3174861,1
0.0,0.32223853,1
0.0,0.32900795,1
0.0,0.32310352,1
0.0,0.30648768,1
0.0,0.30971113,1
0.0,0.30754897,1
0.0,0.31243676,1
0.0,0.31077838,1
0.0,0.32727793,1
0.0,0.32319167,1
0.0,0.32539973,1
0.0,0.33600727,1
0.0,0.32051972,1
0.0,0.31837142,1
0.0,0.31789988,1
0.0,0.3209012,1
0.0,0.31395093,1
0.0,0.31383216,1
0.0,0.32540408,1
0.0,0.32619238,1
0.0,0.32089177,1
0.0,0.32203358,1
0.0,0.31797263,1
0.0,0.3177111,1
0.0,0.3149219,1
0.0,0.30958307,1
0.0,0.3257551,1
0.0,0.32397428,1
0.0,0.3208996,1
0.0,0.31307974,1
0.0,0.29600212,1
0.0,0.30832765,1
0.0,0.31570995,1
0.0,0.31644827,1
0.0,0.31256026,1
0.0,0.31399632,1
0.0,0.31393808,1
0.0,0.31445628,1
0.0,0.3190958,1
0.0,0.31745082,1
0.0,0.30523816,1
0.0,0.32270783,1
0.0,0.3223278,1
0.0,0.31615952,1
0.0,0.31074235,1
0.0,0.3086702,1
0.0,0.31391323,1
0.0,0.31764692,1
0.0,0.3173475,1
0.0,0.31680614,1
0.0,0.33092698,1
0.0,0.32237524,1
0.0,0.3231739,1
0.0,0.32713658,1
0.0,0.33051792,1
0.0,0.33333546,1
0.0,0.32935444,1
0.0,0.32609585,1
0.0,0.32630065,1
0.0,0.33058706,1
0.0,0.32511884,1
0.0,0.31130663,1
0.0,0.31270272,1
0.0,0.29928032,1
0.0,0.30699694,1
0.0,0.32600066,1
0.0,0.32025218,1
0.0,0.3246667,1
0.0,0.32227948,1
0.0,0.32346478,1
0.0,0.33317718,1
0.0,0.32531348,1
0.0,0.32532045,1
0.0,0.3272749,1
0.0,0.32675898,1
0.0,0.3226375,1
0.0,0.32578686,1
0.0,0.33908457,1
0.0,0.33732033,1
0.0,0.32303146,1
0.0,0.33009154,1
0.0,0.3198506,1
0.0,0.3317193,1
0.0,0.33498406,1
0.0,0.33991316,1
0.0,0.3281328,1
0.0,0.3227625,1
0.0,0.33798817,1
0.0,0.3916501,1
0.0,0.32449108,1
0.0,0.32369295,1
0.0,0.32256758,1
0.0,0.32467508,1
0.0,0.32128987,1
0.0,0.32068306,1
0.0,0.3247503,1
0.0,0.33329716,1
0.0,0.33410603,1
0.0,0.2843469,1
0.0,0.28971183,1
0.0,0.28518558,1
0.0,0.2889852,1
0.0,0.32580683,1
0.0,0.32147676,1
0.0,0.3003825,1
0.0,0.288374,1
0.0,0.28019467,1
0.0,0.29563114,1
0.0,0.29904214,1
0.0,0.29287848,1
0.0,0.28954652,1
0.0,0.32363793,1
0.0,0.33439034,1
0.0,0.33742982,1
0.0,0.3346652,1
0.0,0.28397554,1
0.0,0.2831759,1
0.0,0.2939956,1
0.0,0.31928647,1
0.0,0.3232216,1
0.0,0.31882212,1
0.0,0.31093183,1
0.0,0.3192974,1
0.0,0.32068145,1
0.0,0.31951895,1
0.0,0.32344174,1
0.0,0.31859213,1
0.0,0.3115419,1
0.0,0.3137535,1
0.0,0.30968916,1
0.0,0.32641736,1
0.0,0.318377,1
0.0,0.3202624,1
0.0,0.32320789,1
0.0,0.31882015,1
0.0,0.31951213,1
0.0,0.31553778,1
0.0,0.33142662,1
0.0,0.32401925,1
0.0,0.3250485,1
0.0,0.32558107,1
0.0,0.33135086,1
0.0,0.32642552,1
0.0,0.32454333,1
0.0,0.32963067,1
0.0,0.32362735,1
0.0,0.32237476,1
0.0,0.32495913,1
0.0,0.3190438,1
0.0,0.32627854,1
0.0,0.32213923,1
0.0,0.31950787,1
0.0,0.32032603,1
0.0,0.32137632,1
0.0,0.3179855,1
0.0,0.31737712,1
0.0,0.3166431,1
0.0,0.3209317,1
0.0,0.3228047,1
0.0,0.31631652,1
0.0,0.30339637,1
0.0,0.3261549,1
0.0,0.3199874,1
0.0,0.31526005,1
0.0,0.31716555,1
0.0,0.31809565,1
0.0,0.32384393,1
0.0,0.32224676,1
0.0,0.32157737,1
0.0,0.32129562,1
0.0,0.26179266,1
0.0,0.26906326,1
0.0,0.26639992,1
0.0,0.31943533,1
0.0,0.3053135,1
0.0,0.31137708,1
0.0,0.30895695,1
0.0,0.2898793,1
0.0,0.30607548,1
0.0,0.31322968,1
0.0,0.26916832,1
0.0,0.27979928,1
0.0,0.31230658,1
0.0,0.3108059,1
0.0,0.32033736,1
0.0,0.31309554,1
0.0,0.3119064,1
0.0,0.3091737,1
0.0,0.3362432,1
0.0,0.31867158,1
0.0,0.31873405,1
0.0,0.31836796,1
0.0,0.32694983,1
0.0,0.32820144,1
0.0,0.33188984,1
0.0,0.312968,1
0.0,0.3136548,1
0.0,0.30951893,1
0.0,0.31214008,1
0.0,0.32529372,1
0.0,0.3175932,1
0.0,0.33250737,1
0.0,0.31999964,1
0.0,0.32502607,1
0.0,0.32154724,1
0.0,0.3227058,1
0.0,0.31057388,1
0.0,0.32182017,1
0.0,0.31829238,1
0.0,0.31182644,1
0.0,0.3212433,1
0.0,0.3167456,1
0.0,0.31492844,1
0.0,0.31389433,1
0.0,0.32390967,1
0.0,0.31422555,1
0.0,0.31554472,1
0.0,0.31263086,1
0.0,0.31240767,1
0.0,0.31024283,1
0.0,0.31754723,1
0.0,0.32621345,1
0.0,0.34435833,1
0.0,0.31105652,1
0.0,0.32052416,1
0.0,0.31777728,1
0.0,0.30884862,1
0.0,0.31151265,1
0.0,0.31523976,1
0.0,0.31339672,1
0.0,0.31030205,1
0.0,0.3123692,1
0.0,0.30821803,1
0.0,0.30884388,1
0.0,0.32088825,1
0.0,0.32252684,1
0.0,0.32337752,1
0.0,0.31870306,1
0.0,0.32126072,1
0.0,0.31941798,1
0.0,0.32293385,1
0.0,0.32242486,1
0.0,0.32440734,1
0.0,0.32187712,1
0.0,0.32421786,1
0.0,0.3279906,1
0.0,0.30625203,1
0.0,0.2996338,1
0.0,0.30830586,1
0.0,0.31864488,1
0.0,0.3167302,1
0.0,0.32749143,1
0.0,0.32639262,0
0.0,0.31752098,0
0.0,0.3277038,0
0.0,0.31702968,0
0.0,0.3075901,0
0.0,0.3246734,0
0.0,0.32965875,0
0.0,0.32236776,0
0.0,0.32333338,0
0.0,0.32006928,0
0.0,0.32577005,0
0.0,0.32578382,0
0.0,0.32460335,0
0.0,0.3126232,0
0.0,0.3001907,0
0.0,0.3249073,0
0.0,0.32649246,0
0.0,0.32775635,0
0.0,0.29936665,0
0.0,0.32575494,0
0.0,0.32093725,0
0.0,0.3312081,0
0.0,0.31814134,0
0.0,0.29570752,0
0.0,0.32585174,0
0.0,0.31068078,0
0.0,0.33003446,0
0.0,0.32588243,0
0.0,0.32426453,0
0.0,0.3086993,0
0.0,0.3916501,0
0.0,0.32605055,0
0.0,0.32220858,0
0.0,0.30856258,0
0.0,0.29507497,0
0.0,0.31964052,0
0.0,0.32209262,0
0.0,0.3182817,0
0.0,0.29633063,0
0.0,0.31019455,0
0.0,0.28954375,0
0.0,0.30753,0
0.0,0.33696124,0
0.0,0.30726993,0
0.0,0.32843515,0
0.0,0.31767148,0
0.0,0.33899882,0
0.0,0.31001163,0
0.0,0.3128657,0
0.0,0.32479465,0
0.0,0.312502,0
0.0,0.3200322,0
0.0,0.32182717,0
0.0,0.3221642,0
0.0,0.3293398,0
0.0,0.33154157,0
0.0,0.31186742,0
0.0,0.31876764,0
0.0,0.32763478,0
0.0,0.30069155,0
0.0,0.32394636,0
0.0,0.3255875,0
0.0,0.32343963,0
0.0,0.31904987,0
0.0,0.29525745,0
0.0,0.33389533,0
0.0,0.31915626,0
0.0,0.2754529,0
0.0,0.33113953,0
0.0,0.32836783,0
0.0,0.32147956,0
0.0,0.29106364,0
0.0,0.28923196,0
0.0,0.31571868,0
0.0,0.3209357,0
0.0,0.3193668,0
0.0,0.3285191,0
0.0,0.3273849,0
0.0,0.28464028,0
0.0,0.29513654,0
0.0,0.32184142,0
0.0,0.32480994,0
0.0,0.3198903,0
0.0,0.3110065,0
0.0,0.32008153,0
0.0,0.31041294,0
0.0,0.28398746,0
0.0,0.32107297,0
0.0,0.32546413,0
0.0,0.3188753,0
0.0,0.31878793,0
0.0,0.32601678,0
0.0,0.33798033,0
0.0,0.30591336,0
0.0,0.31619155,0
0.0,0.33146906,0
0.0,0.32456678,0
0.0,0.3246756,0
0.0,0.32873642,0
0.0,0.29692522,0
0.0,0.31076023,0
0.0,0.31607705,0
0.0,0.29471195,0
0.0,0.3243247,0
0.0,0.2962286,0
0.0,0.32613885,0
0.0,0.32759553,0
0.0,0.3237449,0
0.0,0.32876655,0
0.0,0.28527534,0
0.0,0.32617858,0
0.0,0.2913148,0
0.0,0.32523873,0
0.0,0.32718173,0
0.0,0.3300776,0
0.0,0.32688794,0
0.0,0.32872456,0
0.0,0.3178102,0
0.0,0.3191666,0
0.0,0.3168655,0
0.0,0.32168055,0
0.0,0.32382002,0
0.0,0.33109507,0
0.0,0.31173497,0
0.0,0.33181146,0
0.0,0.3254635,0
0.0,0.33177644,0
0.0,0.32942125,0
0.0,0.3345133,0
0.0,0.32507598,0
0.0,0.30053452,0
0.0,0.3340982,0
0.0,0.33106866,0
0.0,0.33045003,0
0.0,0.3294221,0
0.0,0.32702175,0
0.0,0.32803068,0
0.0,0.3255946,0
0.0,0.33754224,0
0.0,0.31708977,0
0.0,0.3353336,0
0.0,0.3308666,0
0.0,0.3185189,0
0.0,0.32882625,0
0.0,0.32833678,0
0.0,0.3297699,0
0.0,0.32803085,0
0.0,0.31922355,0
0.0,0.29367483,0
0.0,0.2965708,0
0.0,0.31399336,0
0.0,0.28514946,0
0.0,0.32878408,0
0.0,0.31386316,0
0.0,0.31896427,0
0.0,0.32262963,0
0.0,0.3280618,0
0.0,0.32427767,0
0.0,0.27563345,0
0.0,0.32202402,0
0.0,0.32026735,0
0.0,0.3024683,0
0.0,0.31057948,0
0.0,0.29159284,0
0.0,0.32816556,0
0.0,0.28950694,0
0.0,0.32489282,0
0.0,0.32477498,0
0.0,0.322863,0
0.0,0.32563615,0
0.0,0.3166757,0
0.0,0.3261275,0
0.0,0.30941007,0
0.0,0.32030413,0
0.0,0.3362241,0
0.0,0.32562014,0
0.0,0.3132916,0
0.0,0.3315834,0
0.0,0.32603776,0
0.0,0.28892657,0
0.0,0.32214522,0
0.0,0.31911868,0
0.0,0.3323979,0
0.0,0.316772,0
0.0,0.31356227,0
0.0,0.3177982,0
0.0,0.3347199,0
0.0,0.323252,0
0.0,0.31837323,0
0.0,0.32210344,0
0.0,0.33309856,0
0.0,0.31742707,0
0.0,0.26929128,0
0.0,0.29684177,0
0.0,0.31468058,0
0.0,0.33198258,0
0.0,0.32808703,0
0.0,0.3298147,0
0.0,0.32977104,0
0.0,0.29328603,0
0.0,0.30497906,0
0.0,0.31296548,0
0.0,0.31565875,0
0.0,0.27347308,0
0.0,0.3916501,0
0.0,0.30564776,0
0.0,0.3221002,0
0.0,0.31831235,0
0.0,0.3334885,0
0.0,0.31550252,0
0.0,0.3034363,0
0.0,0.31554955,0
0.0,0.33525917,0
0.0,0.32801867,0
0.0,0.3230921,0
0.0,0.32108718,0
0.0,0.3332247,0
0.0,0.3333053,0
0.0,0.32498053,0
0.0,0.32472825,0
0.0,0.32745895,0
0.0,0.30712113,0
0.0,0.3323029,0
0.0,0.3279436,0
0.0,0.28491172,0
0.0,0.31209642,0
0.0,0.31020316,0
0.0,0.32047683,0
0.0,0.3112918,0
0.0,0.32382804,0
0.0,0.32517883,0
0.0,0.2915035,0
0.0,0.3292675,0
0.0,0.32271025,0
0.0,0.3314133,0
0.0,0.32637402,0
0.0,0.31121382,0
0.0,0.31282133,0
0.0,0.31053278,0
0.0,0.2902811,0
0.0,0.3066507,0
0.0,0.32463926,0
0.0,0.32279497,0
0.0,0.3282009,0
0.0,0.3020289,0
0.0,0.3272237,0
0.0,0.32097965,0
0.0,0.29331905,0
0.0,0.33132583,0
0.0,0.33013594,0
0.0,0.33703744,0
0.0,0.32005596,0
0.0,0.3282912,0
0.0,0.31416452,0
0.0,0.32876474,0
0.0,0.32133964,0
0.0,0.2874225,0
0.0,0.3288274,0
0.0,0.3212028,0
0.0,0.316003,0
0.0,0.31885445,0
0.0,0.31961873,0
0.0,0.29558358,0
0.0,0.3310956,0
0.0,0.3154903,0
0.0,0.30785426,0
0.0,0.31863987,0
0.0,0.30950096,0
0.0,0.2720891,0
0.0,0.33170068,0
0.0,0.31776395,0
0.0,0.31731415,0
0.0,0.29621163,0
0.0,0.32855892,0
0.0,0.3219949,0
0.0,0.31661266,0
0.0,0.32183617,0
0.0,0.28507668,0
0.0,0.3206174,0
0.0,0.31536043,0
0.0,0.33132046,0
0.0,0.3038091,0
0.0,0.33504066,0
0.0,0.29228935,0
0.0,0.32066822,0
0.0,0.31726617,0
0.0,0.32514006,0
0.0,0.31977725,0
0.0,0.3294251,0
0.0,0.2867088,0
0.0,0.32289523,0
0.0,0.33267778,0
0.0,0.32092354,0
0.0,0.31852052,0
0.0,0.32012194,0
0.0,0.29484144,0
0.0,0.329716,0
0.0,0.30541775,0
0.0,0.3171124,0
0.0,0.31657973,0
0.0,0.30205044,0
0.0,0.3132628,0
0.0,0.2963278,0
0.0,0.26833293,0
0.0,0.2933119,0
0.0,0.32643536,0
0.0,0.32490805,0
0.0,0.3303229,0
0.0,0.29115367,0
0.0,0.32218805,0
0.0,0.2958374,0
0.0,0.29035887,0
0.0,0.31218418,0
0.0,0.3259422,0
0.0,0.3259746,0
0.0,0.32806653,0
0.0,0.31842583,0
0.0,0.27790913,1
0.0,0.2855953,1
0.0,0.31502903,1
0.0,0.31669533,1
0.0,0.3167534,1
0.0,0.33606333,1
0.0,0.31854182,1
0.0,0.326852,1
0.0,0.32713306,1
0.0,0.33222365,1
0.0,0.33329353,1
0.0,0.33439988,1
0.0,0.3269546,1
0.0,0.32905653,1
0.0,0.295815,1
0.0,0.2958345,1
0.0,0.3287357,1
0.0,0.32471594,1
0.0,0.3245945,1
0.0,0.32451573,1
0.0,0.32544905,1
0.0,0.32179144,1
0.0,0.3170638,1
0.0,0.320892,1
0.0,0.31570137,1
0.0,0.324207,1
0.0,0.32020926,1
0.0,0.31496894,1
0.0,0.32263196,1
0.0,0.3203496,1
0.0,0.31264782,1
0.0,0.321301,1
0.0,0.31662446,1
0.0,0.30958545,1
0.0,0.32715458,1
0.0,0.33112848,1
0.0,0.3225684,1
0.0,0.32072026,1
0.0,0.3177182,1
0.0,0.32096222,1
0.0,0.3226486,1
0.0,0.32686198,1
0.0,0.32036296,1
0.0,0.32757148,1
0.0,0.3110889,1
0.0,0.32211867,1
0.0,0.325583,1
0.0,0.31338066,1
0.0,0.320491,1
0.0,0.32096693,1
0.0,0.30881822,1
0.0,0.33629355,1
0.0,0.3263042,1
0.0,0.31585005,1
0.0,0.32115865,1
0.0,0.32423204,1
0.0,0.32257462,1
0.0,0.32416606,1
0.0,0.32545808,1
0.0,0.32435846,1
0.0,0.32574144,1
0.0,0.3281756,1
0.0,0.31954393,1
0.0,0.31331593,1
0.0,0.30586526,1
0.0,0.30772415,1
0.0,0.30923384,1
0.0,0.31613582,1
0.0,0.32085425,1
0.0,0.31256124,1
0.0,0.28114527,1
0.0,0.30869558,1
0.0,0.323671,1
0.0,0.33016354,1
0.0,0.3229475,1
0.0,0.31376868,1
0.0,0.3001504,1
0.0,0.3030802,1
0.0,0.3140765,1
0.0,0.32607234,1
0.0,0.32500604,1
0.0,0.3291422,1
0.0,0.33027664,1
0.0,0.33558443,1
0.0,0.32056102,1
0.0,0.3116741,1
0.0,0.3093436,1
0.0,0.32463604,1
0.0,0.3352896,1
0.0,0.3341036,1
0.0,0.3330863,1
0.0,0.332848,1
0.0,0.3335704,1
0.0,0.31179327,1
0.0,0.30993527,1
0.0,0.3167847,1
0.0,0.31668392,1
0.0,0.31488016,1
0.0,0.31224877,1
0.0,0.32348678,1
0.0,0.32806915,1
0.0,0.3170017,1
0.0,0.32726803,1
0.0,0.32596764,1
0.0,0.3217443,1
0.0,0.31767404,1
0.0,0.3172645,1
0.0,0.31786788,1
0.0,0.31658247,1
0.0,0.32381967,1
0.0,0.317447,1
0.0,0.32169288,1
0.0,0.31972602,1
0.0,0.28093705,1
0.0,0.30424505,1
0.0,0.31887552,1
0.0,0.328282,1
0.0,0.31962866,1
0.0,0.3240816,1
0.0,0.3051383,1
0.0,0.31952593,1
0.0,0.3066712,1
0.0,0.32322332,1
0.0,0.31667417,1
0.0,0.31745756,1
0.0,0.32025135,1
0.0,0.31701133,1
0.0,0.3207659,1
0.0,0.3172158,1
0.0,0.3212716,1
0.0,0.32267058,1
0.0,0.32208407,1
0.0,0.30917096,1
0.0,0.32028654,1
0.0,0.32513437,1
0.0,0.2832037,1
0.0,0.307637,1
0.0,0.32129666,1
0.0,0.2854322,1
0.0,0.32287017,1
0.0,0.320953,1
0.0,0.31848735,1
0.0,0.30831626,1
0.0,0.31332126,1
0.0,0.32800284,1
0.0,0.32875532,1
0.0,0.33584344,1
0.0,0.31717923,1
0.0,0.3229715,1
0.0,0.3221652,1
0.0,0.32007596,1
0.0,0.32286727,1
0.0,0.3212069,1
0.0,0.28916126,1
0.0,0.26936874,1
0.0,0.27748373,1
0.0,0.30549136,1
0.0,0.31529257,1
0.0,0.32434237,1
0.0,0.3253152,1
0.0,0.32094395,1
0.0,0.33470997,1
0.0,0.32767454,1
0.0,0.325398,1
0.0,0.29864615,1
0.0,0.292057,1
0.0,0.3270378,1
0.0,0.3171041,1
0.0,0.3334029,1
0.0,0.33324572,1
0.0,0.32793212,1
0.0,0.32620034,1
0.0,0.28201637,1
0.0,0.3198377,1
0.0,0.31552818,1
0.0,0.31951007,1
0.0,0.32348734,1
0.0,0.31626514,1
0.0,0.31841293,1
0.0,0.32509306,1
0.0,0.3208884,1
0.0,0.32458642,1
0.0,0.32110104,1
0.0,0.31518197,1
0.0,0.32182342,1
0.0,0.32236388,1
0.0,0.3152152,1
0.0,0.31981036,1
0.0,0.3252272,1
0.0,0.31364915,1
0.0,0.31844977,1
0.0,0.31994563,1
0.0,0.32622936,1
0.0,0.31875446,1
0.0,0.2929014,1
0.0,0.28880683,1
0.0,0.2902318,1
0.0,0.28479204,1
0.0,0.30304053,1
0.0,0.3022471,1
0.0,0.2979034,1
0.0,0.28224337,1
0.0,0.32349038,1
0.0,0.3253956,1
0.0,0.32531744,1
0.0,0.3191471,1
0.0,0.32448122,1
0.0,0.32032457,1
0.0,0.30384538,1
0.0,0.30220777,1
0.0,0.29631802,1
0.0,0.30519179,1
0.0,0.2847543,1
0.0,0.32935178,1
0.0,0.3135422,1
0.0,0.31550574,1
0.0,0.31625766,1
0.0,0.30980045,1
0.0,0.30529997,1
0.0,0.3072812,1
0.0,0.3026944,1
0.0,0.31986392,1
0.0,0.3147949,1
0.0,0.31418628,1
0.0,0.3107096,1
0.0,0.30312312,1
0.0,0.32418922,1
0.0,0.32639802,1
0.0,0.32346955,1
0.0,0.32129958,1
0.0,0.32048425,1
0.0,0.32011443,1
0.0,0.3193983,1
0.0,0.282489,1
0.0,0.28408137,1
0.0,0.33103383,1
0.0,0.32351425,1
0.0,0.33016425,1
0.0,0.3218265,1
0.0,0.28325146,1
0.0,0.31466818,1
0.0,0.30784193,1
0.0,0.33190167,1
0.0,0.32380056,1
0.0,0.3238513,1
0.0,0.33045402,1
0.0,0.3173358,1
0.0,0.32826382,1
0.0,0.3254861,1
0.0,0.32259136,1
0.0,0.32163337,1
0.0,0.32164854,1
0.0,0.32669407,1
0.0,0.32601026,1
0.0,0.32854322,1
0.0,0.32586288,1
0.0,0.292242,0
0.0,0.32935885,0
0.0,0.31186587,0
0.0,0.318043,0
0.0,0.32811204,0
0.0,0.28920367,0
0.0,0.2821635,0
0.0,0.31940868,0
0.0,0.32638496,0
0.0,0.28367445,0
0.0,0.32788074,0
0.0,0.31261194,0
0.0,0.32780817,0
0.0,0.2974841,0
0.0,0.32268965,0
0.0,0.33153352,0
0.0,0.32305813,0
0.0,0.2871773,0
0.0,0.29553667,0
0.0,0.30970696,0
0.0,0.33224663,0
0.0,0.3271967,0
0.0,0.29226866,0
0.0,0.31053692,0
0.0,0.32446525,0
0.0,0.3250927,0
0.0,0.32365888,0
0.0,0.3337213,0
0.0,0.27458814,0
0.0,0.31339255,0
0.0,0.3263596,0
0.0,0.3352346,0
0.0,0.32411143,0
0.0,0.31961253,0
0.0,0.32841793,0
0.0,0.3302226,0
0.0,0.303164,0
0.0,0.33085072,0
0.0,0.2955143,0
0.0,0.33194163,0
0.0,0.33165035,0
0.0,0.29956803,0
0.0,0.32761663,0
0.0,0.32497492,0
0.0,0.3258473,0
0.0,0.32805073,0
0.0,0.32638955,0
0.0,0.32396063,0
0.0,0.32587898,0
0.0,0.31453612,0
0.0,0.3213017,0
0.0,0.30587667,0
0.0,0.32688352,0
0.0,0.32574707,0
0.0,0.3229404,0
0.0,0.32958892,0
0.0,0.33350998,0
0.0,0.32703274,0
0.0,0.31136212,0
0.0,0.3309273,0
0.0,0.2896002,0
0.0,0.33261698,0
0.0,0.33121833,0
0.0,0.3222419,0
0.0,0.3320687,0
0.0,0.28835663,0
0.0,0.32116872,0
0.0,0.3272472,0
0.0,0.32784852,0
0.0,0.33757937,0
0.0,0.28392228,0
0.0,0.325318,0
0.0,0.3058377,0
0.0,0.3261636,0
0.0,0.31549126,0
0.0,0.2960492,0
0.0,0.31798488,0
0.0,0.3162565,0
0.0,0.31882912,0
0.0,0.31669828,0
0.0,0.31831595,0
0.0,0.31158248,0
0.0,0.32862216,0
0.0,0.33080712,0
0.0,0.32765839,0
0.0,0.32134736,0
0.0,0.33172825,0
0.0,0.3214608,0
0.0,0.30578396,0
0.0,0.32899982,0
0.0,0.3289276,0
0.0,0.32925162,0
0.0,0.33224934,0
0.0,0.31867367,0
0.0,0.31991053,0
0.0,0.32225594,0
0.0,0.33963862,0
0.0,0.33238402,0
0.0,0.31638432,0
0.0,0.314017,0
0.0,0.3341298,0
0.0,0.31449568,0
0.0,0.32443795,0
0.0,0.32343036,0
0.0,0.31952882,0
0.0,0.282453,0
0.0,0.31032538,0
0.0,0.32229522,0
0.0,0.33536008,0
0.0,0.31306523,0
0.0,0.3261125,0
0.0,0.3218879,0
0.0,0.33464006,0
0.0,0.29923314,0
0.0,0.3207929,0
0.0,0.31647184,0
0.0,0.3242346,0
0.0,0.3207023,0
0.0,0.32844594,0
0.0,0.32807657,0
0.0,0.32119894,0
0.0,0.3138791,0
0.0,0.33804283,0
0.0,0.3275316,0
0.0,0.3215732,0
0.0,0.3242662,0
0.0,0.32193026,0
0.0,0.3263069,0
0.0,0.3281918,0
0.0,0.31504384,0
0.0,0.32713085,0
0.0,0.33982727,0
0.0,0.29355693,0
0.0,0.30894014,0
0.0,0.33058077,0
0.0,0.32428184,0
0.0,0.31246692,0
0.0,0.33885095,0
0.0,0.33520702,0
0.0,0.32572973,0
0.0,0.31583902,0
0.0,0.31924847,0
0.0,0.32430688,0
0.0,0.32562247,0
0.0,0.29429886,0
0.0,0.31813747,0
0.0,0.32566908,0
0.0,0.33068842,0
0.0,0.32386756,0
0.0,0.3209123,0
0.0,0.32353014,0
0.0,0.31681728,0
0.0,0.33440197,0
0.0,0.32268345,0
0.0,0.32698888,0
0.0,0.30236515,0
0.0,0.32013583,0
0.0,0.32185176,0
0.0,0.32979962,0
0.0,0.32686177,0
0.0,0.31040353,0
0.0,0.32825315,0
0.0,0.3382755,0
0.0,0.29542023,0
0.0,0.31266266,0
0.0,0.3234824,0
0.0,0.3301904,0
0.0,0.33359262,0
0.0,0.29970658,0
0.0,0.3200148,0
0.0,0.31353724,0
0.0,0.32363328,0
0.0,0.32286465,0
0.0,0.30035976,0
0.0,0.29842994,0
0.0,0.32921734,0
0.0,0.31030586,0
0.0,0.2951215,0
0.0,0.33978742,0
0.0,0.3211652,0
0.0,0.3304066,0
0.0,0.30145547,0
0.0,0.3233726,0
0.0,0.3270888,0
0.0,0.3250827,0
0.0,0.32099354,0
0.0,0.28315753,0
0.0,0.31370005,0
0.0,0.2815424,0
0.0,0.3220418,0
0.0,0.30609712,0
0.0,0.3176432,0
0.0,0.3213488,0
0.0,0.31642264,0
0.0,0.2748771,0
0.0,0.32496092,0
0.0,0.3177384,0
0.0,0.2988288,0
0.0,0.32505256,0
0.0,0.28250942,0
0.0,0.32672042,0
0.0,0.32227024,0
0.0,0.31533358,0
0.0,0.33282104,0
0.0,0.3296776,0
0.0,0.32678732,0
0.0,0.32879576,0
0.0,0.3256174,0
0.0,0.32281202,0
0.0,0.30426124,0
0.0,0.32377997,0
0.0,0.32478505,0
0.0,0.31689143,0
0.0,0.30310512,0
0.0,0.28408837,0
0.0,0.29736313,0
0.0,0.2806474,0
0.0,0.32874075,0
0.0,0.32998928,0
0.0,0.3190506,0
0.0,0.30550188,0
0.0,0.29112545,0
0.0,0.2980449,0
0.0,0.3307551,0
0.0,0.31041047,0
0.0,0.2782563,0
0.0,0.31860554,0
0.0,0.3011055,0
0.0,0.32214385,0
0.0,0.28247526,0
0.0,0.31297138,0
0.0,0.2849215,0
0.0,0.32865974,0
0.0,0.32636577,0
0.0,0.32141364,0
0.0,0.27738142,0
0.0,0.34106278,0
0.0,0.3088045,0
0.0,0.3184814,0
0.0,0.31525204,0
0.0,0.3270721,0
0.0,0.27764213,0
0.0,0.31683627,0
0.0,0.32337555,0
0.0,0.33079287,0
0.0,0.3189699,0
0.0,0.3337683,1
0.0,0.32659423,1
0.0,0.34378126,1
0.0,0.33585498,1
0.0,0.33507872,1
0.0,0.32499903,1
0.0,0.32007334,1
0.0,0.32362604,1
0.0,0.3252125,1
0.0,0.3147221,1
0.0,0.32337704,1
0.0,0.31514683,1
0.0,0.32867417,1
0.0,0.31602907,1
0.0,0.31306636,1
0.0,0.3156019,1
0.0,0.31436104,1
0.0,0.3189974,1
0.0,0.3233019,1
0.0,0.30546996,1
0.0,0.30579403,1
0.0,0.30604026,1
0.0,0.31477913,1
0.0,0.30966693,1
0.0,0.31375536,1
0.0,0.3198425,1
0.0,0.31726885,1
0.0,0.31727836,1
0.0,0.3151603,1
0.0,0.328191,1
0.0,0.31158197,1
0.0,0.31583002,1
0.0,0.3214783,1
0.0,0.3236507,1
0.0,0.3215534,1
0.0,0.32642454,1
0.0,0.3237189,1
0.0,0.3226973,1
0.0,0.32232988,1
0.0,0.32560042,1
0.0,0.32600743,1
0.0,0.3276484,1
0.0,0.31868738,1
0.0,0.32392743,1
0.0,0.32178745,1
0.0,0.31799424,1
0.0,0.32711035,1
0.0,0.32819235,1
0.0,0.32764038,1
0.0,0.32196152,1
0.0,0.32592598,1
0.0,0.32494694,1
0.0,0.32175392,1
0.0,0.30722797,1
0.0,0.3051638,1
0.0,0.30883658,1
0.0,0.30167708,1
0.0,0.29252657,1
0.0,0.29227003,1
0.0,0.32876173,1
0.0,0.3242058,1
0.0,0.31821045,1
0.0,0.3237353,1
0.0,0.3267952,1
0.0,0.33183172,1
0.0,0.2731437,1
0.0,0.27384007,1
0.0,0.27163106,1
0.0,0.32553715,1
0.0,0.3142124,1
0.0,0.32695767,1
0.0,0.32830244,1
0.0,0.3145118,1
0.0,0.32348415,1
0.0,0.32145396,1
0.0,0.30625296,1
0.0,0.30791703,1
0.0,0.3042789,1
0.0,0.3026764,1
0.0,0.2993043,1
0.0,0.29881394,1
0.0,0.2865206,1
0.0,0.28743273,1
0.0,0.29333016,1
0.0,0.31243795,1
0.0,0.31674564,1
0.0,0.30986708,1
0.0,0.30888993,1
0.0,0.30776155,1
0.0,0.3234098,1
0.0,0.32987303,1
0.0,0.29451096,1
0.0,0.3059214,1
0.0,0.28452206,1
0.0,0.29612416,1
0.0,0.29936868,1
0.0,0.29866534,1
0.0,0.31976482,1
0.0,0.3196343,1
0.0,0.33326387,1
0.0,0.2835209,1
0.0,0.30248204,1
0.0,0.33033785,1
0.0,0.33125627,1
0.0,0.328606,1
0.0,0.33482605,1
0.0,0.33068097,1
0.0,0.3305795,1
0.0,0.32371834,1
0.0,0.33280128,1
0.0,0.33816093,1
0.0,0.3194743,1
0.0,0.32303855,1
0.0,0.31278515,1
0.0,0.32185557,1
0.0,0.3301217,1
0.0,0.3292249,1
0.0,0.32864985,1
0.0,0.3254839,1
0.0,0.3310561,1
0.0,0.32168752,1
0.0,0.32756728,1
0.0,0.32120892,1
0.0,0.32344422,1
0.0,0.3200334,1
0.0,0.3298045,1
0.0,0.31979725,1
0.0,0.31904286,1
0.0,0.31866097,1
0.0,0.31997687,1
0.0,0.2762061,1
0.0,0.32046822,1
0.0,0.31719902,1
0.0,0.31576738,1
0.0,0.32072148,1
0.0,0.31358802,1
0.0,0.3198871,1
0.0,0.31937748,1
0.0,0.3163056,1
0.0,0.33081722,1
0.0,0.3199437,1
0.0,0.32604566,1
0.0,0.32256415,1
0.0,0.31482834,1
0.0,0.32044294,1
0.0,0.3143061,1
0.0,0.3197349,1
0.0,0.32499915,1
0.0,0.31610653,1
0.0,0.32226026,1
0.0,0.3183283,1
0.0,0.3152352,1
0.0,0.30436248,1
0.0,0.3073142,1
0.0,0.33518183,1
0.0,0.32402205,1
0.0,0.33019233,1
0.0,0.32172996,1
0.0,0.28947052,1
0.0,0.2823642,1
0.0,0.28259358,1
0.0,0.30544722,1
0.0,0.3076561,1
0.0,0.31042978,1
0.0,0.32450747,1
0.0,0.3300721,1
0.0,0.32728896,1
0.0,0.33441195,1
0.0,0.32926697,1
0.0,0.32742548,1
0.0,0.32242492,1
0.0,0.32651046,1
0.0,0.3278792,1
0.0,0.3222681,1
0.0,0.33400458,1
0.0,0.32896975,1
0.0,0.32224438,1
0.0,0.3240028,1
0.0,0.32106587,1
0.0,0.31940782,1
0.0,0.31583634,1
0.0,0.31904322,1
0.0,0.31709367,1
0.0,0.3247606,1
0.0,0.3204969,1
0.0,0.32741135,1
0.0,0.33020604,1
0.0,0.3141657,1
0.0,0.31199282,1
0.0,0.29906788,1
0.0,0.3229201,1
0.0,0.3226351,1
0.0,0.32067662,1
0.0,0.33251968,1
0.0,0.32705075,1
0.0,0.31968677,1
0.0,0.3246563,1
0.0,0.321643,1
0.0,0.31541792,1
0.0,0.3165912,1
0.0,0.32370415,1
0.0,0.32183152,1
0.0,0.33185354,1
0.0,0.33254257,1
0.0,0.32661858,1
0.0,0.32261682,1
0.0,0.32178217,1
0.0,0.29772758,1
0.0,0.3174333,1
0.0,0.29286188,1
0.0,0.27480477,1
0.0,0.2921512,1
0.0,0.27063632,1
0.0,0.3154788,1
0.0,0.3206491,1
0.0,0.3201263,1
0.0,0.29349306,1
0.0,0.27237266,1
0.0,0.3164612,1
0.0,0.3196194,1
0.0,0.3200173,1
0.0,0.31211293,1
0.0,0.33690044,1
0.0,0.3355724,1
0.0,0.33007032,1
0.0,0.33291265,1
0.0,0.32633263,1
0.0,0.33290622,1
0.0,0.31813875,1
0.0,0.33644545,1
0.0,0.3397535,1
0.0,0.33141202,1
0.0,0.3245273,1
0.0,0.32947215,1
0.0,0.3319385,1
0.0,0.3225038,1
0.0,0.32741413,1
0.0,0.32782996,1
0.0,0.3253026,1
0.0,0.32316718,1
0.0,0.33095956,1
0.0,0.329282,1
0.0,0.3324243,1
0.0,0.32958287,1
0.0,0.2871144,1
0.0,0.3013897,1
0.0,0.3103844,1
0.0,0.31625497,1
0.0,0.326918,1
0.0,0.3289538,1
0.0,0.280957,1
0.0,0.2813737,1
0.0,0.31883112,1
0.0,0.31909633,1
0.0,0.3178073,1
0.0,0.3136934,1
0.0,0.31546852,1
0.0,0.31897342,1
0.0,0.32659283,1
0.0,0.3489517,1
0.0,0.33009127,1
0.0,0.3371748,1
0.0,0.31641132,1
0.0,0.3128395,1
0.0,0.31522927,1
0.0,0.3081566,1
0.0,0.31112406,1
0.0,0.30270517,1
0.0,0.27504396,1
0.0,0.33268002,1
0.0,0.32397807,1
0.0,0.32390332,1
0.0,0.326235,1
0.0,0.3322152,1
0.0,0.30470875,1
0.0,0.2957821,1
0.0,0.2987525,1
0.0,0.31103697,1
0.0,0.30853918,1
0.0,0.31431758,1
0.0,0.31517905,1
0.0,0.3302593,1
0.0,0.33037096,1
0.0,0.31740835,1
0.0,0.31631765,1
0.0,0.31272477,1
0.0,0.3304195,1
0.0,0.30302766,1
0.0,0.30325055,1
0.0,0.3251493,1
0.0,0.32288396,0
0.0,0.31269,0
0.0,0.31743205,0
0.0,0.32633343,0
0.0,0.32048953,0
0.0,0.29815266,0
0.0,0.3169711,0
0.0,0.31657222,0
0.0,0.3226094,0
0.0,0.33928773,0
0.0,0.33069092,0
0.0,0.32674012,0
0.0,0.32328054,0
0.0,0.3282034,0
0.0,0.33921826,0
0.0,0.3144621,0
0.0,0.3183163,0
0.0,0.32089755,0
0.0,0.28408393,0
0.0,0.30431345,0
0.0,0.29151943,0
0.0,0.33165926,0
0.0,0.33524182,0
0.0,0.3141289,0
0.0,0.3326324,0
0.0,0.31956637,0
0.0,0.32287177,0
0.0,0.26336053,0
0.0,0.28146037,0
0.0,0.2920058,0
0.0,0.3206775,0
0.0,0.28854728,0
0.0,0.30946493,0
0.0,0.31584397,0
0.0,0.31591532,0
0.0,0.3262046,0
0.0,0.31881022,0
0.0,0.3247547,0
0.0,0.31820652,0
0.0,0.33003676,0
0.0,0.32189327,0
0.0,0.32625103,0
0.0,0.30489796,0
0.0,0.3002486,0
0.0,0.32749143,0
0.0,0.328307,0
0.0,0.32070345,0
0.0,0.32128507,0
0.0,0.3296898,0
0.0,0.32341415,0
0.0,0.316539,0
0.0,0.32130206,0
0.0,0.3328077,0
0.0,0.3293805,0
0.0,0.30571038,0
0.0,0.31558603,0
0.0,0.33344653,0
0.0,0.30572367,0
0.0,0.33317822,0
0.0,0.322987,0
0.0,0.31740794,0
0.0,0.32956284,0
0.0,0.2978866,0
0.0,0.3288036,0
0.0,0.32014883,0
0.0,0.3296155,0
0.0,0.3092589,0
0.0,0.31941262,0
0.0,0.29581574,0
0.0,0.30646497,0
0.0,0.3162628,0
0.0,0.29745477,0
0.0,0.31083518,0
0.0,0.31899953,0
0.0,0.31537554,0
0.0,0.33975187,0
0.0,0.30016032,0
0.0,0.301028,0
0.0,0.3245619,0
0.0,0.32785177,0
0.0,0.3253494,0
0.0,0.32740685,0
0.0,0.32479742,0
0.0,0.32648534,0
0.0,0.3248164,0
0.0,0.28267223,0
0.0,0.2882588,0
0.0,0.3121415,0
0.0,0.31984326,0
0.0,0.32832497,0
0.0,0.3169485,0
0.0,0.3352338,0
0.0,0.31853703,0
0.0,0.29592845,0
0.0,0.3241692,0
0.0,0.32707325,0
0.0,0.3265383,0
0.0,0.33132717,0
0.0,0.2872252,0
0.0,0.3214299,0
0.0,0.31251344,0
0.0,0.31871563,0
0.0,0.2934039,0
0.0,0.32503664,0
0.0,0.3072069,0
0.0,0.32564166,0
0.0,0.32077616,0
0.0,0.33127415,0
0.0,0.33065227,0
0.0,0.26815686,0
0.0,0.32459325,0
0.0,0.32254186,0
0.0,0.32849988,0
0.0,0.32699907,0
0.0,0.32727942,0
0.0,0.32906908,0
0.0,0.294015,0
0.0,0.2777995,0
0.0,0.32408962,0
0.0,0.3186725,0
0.0,0.31535968,0
0.0,0.3307377,0
0.0,0.318472,0
0.0,0.33934626,0
0.0,0.3201344,0
0.0,0.30351892,0
0.0,0.33389685,0
0.0,0.3184909,0
0.0,0.33529228,0
0.0,0.3292026,0
0.0,0.32162848,0
0.0,0.31398228,0
0.0,0.326743,0
0.0,0.33176333,0
0.0,0.3174955,0
0.0,0.30724704,0
0.0,0.31673744,0
0.0,0.33197334,0
0.0,0.319947,0
0.0,0.33599007,0
0.0,0.28333485,0
0.0,0.28371263,0
0.0,0.32383096,0
0.0,0.33683994,0
0.0,0.319635,0
0.0,0.3266383,0
0.0,0.3192271,0
0.0,0.29076236,0
0.0,0.3129013,0
0.0,0.32055545,0
0.0,0.31952712,0
0.0,0.33713254,0
0.0,0.3116902,0
0.0,0.32752016,0
0.0,0.31944007,0
0.0,0.32978782,0
0.0,0.3246822,0
0.0,0.3234932,0
0.0,0.3201689,0
0.0,0.31778428,0
0.0,0.3179342,0
0.0,0.32851765,0
0.0,0.32092917,0
0.0,0.31850058,0
0.0,0.31731486,0
0.0,0.32355243,0
0.0,0.30150717,0
0.0,0.28234226,0
0.0,0.3100721,0
0.0,0.32247284,0
0.0,0.3198356,0
0.0,0.32814488,0
0.0,0.29478982,0
0.0,0.31957218,0
0.0,0.32997757,0
0.0,0.3134656,0
0.0,0.33289278,0
0.0,0.3142594,0
0.0,0.31615457,0
0.0,0.3232093,0
0.0,0.30478153,0
0.0,0.3281868,0
0.0,0.32605213,0
0.0,0.2958592,0
0.0,0.30452052,0
0.0,0.33128113,0
0.0,0.29226503,0
0.0,0.32122913,0
0.0,0.27451754,0
0.0,0.3245184,0
0.0,0.3004799,0
0.0,0.339612,0
0.0,0.32842118,0
0.0,0.33509293,0
0.0,0.29744714,0
0.0,0.2862926,0
0.0,0.29349953,0
0.0,0.28395063,0
0.0,0.32328895,0
0.0,0.32435197,0
0.0,0.32218763,0
0.0,0.31322807,0
0.0,0.3297671,0
0.0,0.33909786,0
0.0,0.28478244,0
0.0,0.29432204,0
0.0,0.29593554,0
0.0,0.31704897,0
0.0,0.3287868,0
0.0,0.31018904,0
0.0,0.31345648,0
0.0,0.32354102,0
0.0,0.3231,0
0.0,0.33075866,0
0.0,0.33508208,0
0.0,0.33102807,0
0.0,0.33888263,0
0.0,0.32010543,0
0.0,0.33036867,0
0.0,0.32141778,0
0.0,0.31862286,0
0.0,0.2849849,0
0.0,0.33429074,0
0.0,0.3199464,0
0.0,0.32816014,0
0.0,0.33067152,0
0.0,0.2864479,0
0.0,0.31080052,0
0.0,0.31859973,0
0.0,0.28487238,0
0.0,0.32801268,0
0.0,0.32853863,0
0.0,0.32237023,0
0.0,0.30380675,0
0.0,0.31193912,0
0.0,0.32465473,0
0.0,0.33518505,0
0.0,0.32221538,0
0.0,0.3408368,0
0.0,0.32947972,0
0.0,0.32870117,0
0.0,0.2970905,0
0.0,0.29952872,0
0.0,0.32456782,0
0.0,0.32100776,0
0.0,0.32265767,0
0.0,0.31097662,0
0.0,0.33679873,0
0.0,0.32771704,0
0.0,0.29621565,0
0.0,0.304716,0
0.0,0.31666234,0
0.0,0.31760386,0
0.0,0.326327,0
0.0,0.29538602,0
0.0,0.32400328,0
0.0,0.2936344,0
0.0,0.2765264,0
0.0,0.32541427,0
0.0,0.3216239,0
0.0,0.31471187,0
0.0,0.31821147,0
0.0,0.32279336,0
0.0,0.31574294,0
0.0,0.29532254,0
0.0,0.31590372,0
0.0,0.33272994,0
0.0,0.3038276,0
0.0,0.31985143,0
0.0,0.32461533,0
0.0,0.30132926,0
0.0,0.3268817,0
0.0,0.2870315,0
0.0,0.31944087,0
0.0,0.33484992,0
0.0,0.32266486,0
0.0,0.32363185,0
0.0,0.32851937,0
0.0,0.3244705,0
0.0,0.31969982,0
0.0,0.32754076,0
0.0,0.31141862,0
0.0,0.27909815,0
0.0,0.33302447,0
0.0,0.32814696,0
0.0,0.30638605,0
0.0,0.324532,0
0.0,0.32866517,0
0.0,0.32095453,0
0.0,0.32147175,0
0.0,0.32670295,0
0.0,0.32063285,0
0.0,0.32019028,0
0.0,0.28402802,0
0.0,0.32586578,0
0.0,0.31851342,0
0.0,0.29164335,0
0.0,0.3270127,0
0.0,0.32531396,0
0.0,0.31992385,0
0.0,0.29633787,0
0.0,0.32253012,0
0.0,0.3122896,0
0.0,0.33088887,0
0.0,0.3323367,0
0.0,0.32931167,0
0.0,0.3246609,0
0.0,0.32534307,0
0.0,0.33096722,0
0.0,0.32996446,0
0.0,0.32606643,0
0.0,0.31704926,1
0.0,0.32907027,1
0.0,0.3215499,1
0.0,0.31207293,1
0.0,0.3109365,1
0.0,0.31287876,1
0.0,0.31180888,1
0.0,0.31184295,1
0.0,0.31299812,1
0.0,0.3122658,1
0.0,0.32604694,1
0.0,0.3169913,1
0.0,0.32293046,1
0.0,0.32268882,1
0.0,0.33524147,1
0.0,0.33559668,1
0.0,0.33064505,1
0.0,0.3303342,1
0.0,0.31684738,1
0.0,0.3195478,1
0.0,0.32444018,1
0.0,0.32456374,1
0.0,0.32015806,1
0.0,0.2846132,1
0.0,0.2846356,1
0.0,0.27195442,1
0.0,0.2772036,1
0.0,0.32638007,1
0.0,0.33160892,1
0.0,0.3227858,1
0.0,0.33241895,1
0.0,0.27386153,1
0.0,0.30389017,1
0.0,0.32800588,1
0.0,0.32660863,1
0.0,0.3238048,1
0.0,0.29068986,1
0.0,0.29099822,1
0.0,0.29730332,1
0.0,0.31248578,1
0.0,0.3134123,1
0.0,0.31244737,1
0.0,0.3130911,1
0.0,0.3190839,1
0.0,0.3172206,1
0.0,0.32325694,1
0.0,0.33821812,1
0.0,0.33596125,1
0.0,0.31102452,1
0.0,0.3167506,1
0.0,0.313512,1
0.0,0.31574395,1
0.0,0.3193205,1
0.0,0.32993007,1
0.0,0.3266453,1
0.0,0.32820988,1
0.0,0.32010034,1
0.0,0.3320264,1
0.0,0.3318425,1
0.0,0.32398745,1
0.0,0.33271572,1
0.0,0.331513,1
0.0,0.33918658,1
0.0,0.32053816,1
0.0,0.3327345,1
0.0,0.33206484,1
0.0,0.33077005,1
0.0,0.32391214,1
0.0,0.29051214,1
0.0,0.28929552,1
0.0,0.31317562,1
0.0,0.3140357,1
0.0,0.31938797,1
0.0,0.31831783,1
0.0,0.32458276,1
0.0,0.32126418,1
0.0,0.32425296,1
0.0,0.32893932,1
0.0,0.3243536,1
0.0,0.32454047,1
0.0,0.32683352,1
0.0,0.3235417,1
0.0,0.31752563,1
0.0,0.32327646,1
0.0,0.32933226,1
0.0,0.31377852,1
0.0,0.32088792,1
0.0,0.32743,1
0.0,0.32266715,1
0.0,0.31953326,1
0.0,0.32111374,1
0.0,0.32076514,1
0.0,0.32198948,1
0.0,0.31533,1
0.0,0.3157532,1
0.0,0.31550875,1
0.0,0.31185135,1
0.0,0.32001448,1
0.0,0.32436913,1
0.0,0.30913448,1
0.0,0.32190734,1
0.0,0.32495856,1
0.0,0.32958972,1
0.0,0.32593644,1
0.0,0.32453886,1
0.0,0.33177757,1
0.0,0.32743478,1
0.0,0.29490322,1
0.0,0.29806975,1
0.0,0.3139683,1
0.0,0.30582908,1
0.0,0.308985,1
0.0,0.31843814,1
0.0,0.259674,1
0.0,0.26543835,1
0.0,0.275174,1
0.0,0.2764872,1
0.0,0.3142884,1
0.0,0.31192738,1
0.0,0.312525,1
0.0,0.31475985,1
0.0,0.31492043,1
0.0,0.331085,1
0.0,0.32224318,1
0.0,0.26003593,1
0.0,0.31076348,1
0.0,0.32572392,1
0.0,0.31544298,1
0.0,0.31838503,1
0.0,0.32043356,1
0.0,0.3174631,1
0.0,0.3203042,1
0.0,0.31633973,1
0.0,0.3057359,1
0.0,0.3032411,1
0.0,0.30574313,1
0.0,0.3034757,1
0.0,0.30448252,1
0.0,0.305577,1
0.0,0.3059164,1
0.0,0.32066742,1
0.0,0.324602,1
0.0,0.32415023,1
0.0,0.32104525,1
0.0,0.31513798,1
0.0,0.31941524,1
0.0,0.3257548,1
0.0,0.32442975,1
0.0,0.3233157,1
0.0,0.31187734,1
0.0,0.3242843,1
0.0,0.32578197,1
0.0,0.32406694,1
0.0,0.3240414,1
0.0,0.32468918,1
0.0,0.32341313,1
0.0,0.3313839,1
0.0,0.327419,1
0.0,0.33370036,1
0.0,0.32333177,1
0.0,0.32412702,1
0.0,0.3261524,1
0.0,0.29837692,1
0.0,0.30251724,1
0.0,0.31068504,1
0.0,0.32566527,1
0.0,0.32896805,1
0.0,0.28826213,1
0.0,0.29473498,1
0.0,0.31176734,1
0.0,0.32102498,1
0.0,0.33217135,1
0.0,0.3153149,1
0.0,0.31282145,1
0.0,0.27325293,1
0.0,0.32360274,1
0.0,0.32461908,1
0.0,0.32457605,1
0.0,0.326462,1
0.0,0.3333318,1
0.0,0.31826222,1
0.0,0.32014272,1
0.0,0.31828377,1
0.0,0.32197398,1
0.0,0.320272,1
0.0,0.325388,1
0.0,0.31685424,1
0.0,0.3123015,1
0.0,0.31875008,1
0.0,0.31316298,1
0.0,0.33392826,1
0.0,0.32552218,1
0.0,0.3098906,1
0.0,0.31698605,1
0.0,0.31457135,1
0.0,0.3001344,1
0.0,0.32896557,1
0.0,0.32876086,1
0.0,0.34126836,1
0.0,0.31015298,1
0.0,0.3033301,1
0.0,0.32792836,1
0.0,0.32491615,1
0.0,0.32828128,1
0.0,0.32889354,1
0.0,0.3200424,1
0.0,0.32222807,1
0.0,0.3231767,1
0.0,0.3181062,1
0.0,0.3167739,1
0.0,0.32036412,1
0.0,0.3304679,1
0.0,0.33950266,0
0.0,0.31671378,0
0.0,0.32698604,0
0.0,0.3137719,0
0.0,0.32030582,0
0.0,0.3180756,0
0.0,0.31605208,0
0.0,0.32033908,0
0.0,0.32818088,0
0.0,0.31513995,0
0.0,0.3268931,0
0.0,0.27677163,0
0.0,0.33087587,0
0.0,0.32966718,0
0.0,0.32682163,0
0.0,0.32996687,0
0.0,0.32499376,0
0.0,0.31139085,0
0.0,0.3278367,0
0.0,0.3174665,0
0.0,0.32556283,0
0.0,0.32491422,0
0.0,0.3234462,0
0.0,0.31997368,0
0.0,0.3360713,0
0.0,0.29992014,0
0.0,0.32732716,0
0.0,0.33188814,0
0.0,0.3100303,0
0.0,0.29544538,0
0.0,0.31342557,0
0.0,0.32159454,0
0.0,0.31488746,0
0.0,0.3240452,0
0.0,0.32396033,0
0.0,0.27640596,0
0.0,0.32216275,0
0.0,0.31606033,0
0.0,0.32620993,0
0.0,0.3249762,0
0.0,0.29403326,0
0.0,0.33029085,0
0.0,0.31529266,0
0.0,0.30776677,0
0.0,0.32133687,0
0.0,0.3150258,0
0.0,0.31856677,0
0.0,0.33043954,0
0.0,0.31418476,0
0.0,0.32836014,0
0.0,0.32868552,0
0.0,0.32207125,0
0.0,0.3210481,0
0.0,0.32506624,0
0.0,0.2890992,0
0.0,0.32434508,0
0.0,0.31762186,0
0.0,0.31060302,0
0.0,0.30456966,0
0.0,0.32726887,0
0.0,0.31774348,0
0.0,0.32499415,0
0.0,0.340557,0
0.0,0.27452055,0
0.0,0.32735986,0
0.0,0.3258804,0
0.0,0.32876408,0
0.0,0.2866983,0
0.0,0.32817516,0
0.0,0.31728986,0
0.0,0.33150214,0
0.0,0.32529157,0
0.0,0.29872376,0
0.0,0.31568488,0
0.0,0.3245936,0
0.0,0.3223037,0
0.0,0.2996985,0
0.0,0.32437676,0
0.0,0.30138093,0
0.0,0.32313436,0
0.0,0.30913204,0
0.0,0.3330769,0
0.0,0.3239671,0
0.0,0.31279862,0
0.0,0.29721764,0
0.0,0.31885168,0
0.0,0.32981363,0
0.0,0.31720603,0
0.0,0.27975166,0
0.0,0.32586583,0
0.0,0.31986472,0
0.0,0.27966884,0
0.0,0.32278657,0
0.0,0.29906854,0
0.0,0.31922898,0
0.0,0.3300953,0
0.0,0.30349606,0
0.0,0.31878844,0
0.0,0.32371515,0
0.0,0.32028607,0
0.0,0.30517864,0
0.0,0.3335884,0
0.0,0.32949275,0
0.0,0.31837448,0
0.0,0.3206862,0
0.0,0.32549533,0
0.0,0.334214,0
0.0,0.31907582,0
0.0,0.32434168,0
0.0,0.33887985,0
0.0,0.32774347,0
0.0,0.29651144,0
0.0,0.33364955,0
0.0,0.2947629,0
0.0,0.309488,0
0.0,0.31697872,0
0.0,0.30503318,0
0.0,0.2918229,0
0.0,0.32060906,0
0.0,0.30491215,0
0.0,0.32308203,0
0.0,0.3130802,0
0.0,0.32634267,0
0.0,0.33299503,0
0.0,0.30790228,0
0.0,0.32678103,0
0.0,0.31615618,0
0.0,0.31989795,0
0.0,0.3231898,0
0.0,0.3204586,0
0.0,0.31811374,0
0.0,0.3349238,0
0.0,0.28528056,0
0.0,0.32225436,0
0.0,0.33242822,0
0.0,0.27992314,0
0.0,0.32249188,0
0.0,0.32888746,0
0.0,0.33244395,0
0.0,0.32513574,0
0.0,0.29330355,0
0.0,0.31309426,0
0.0,0.33110607,0
0.0,0.32254618,0
0.0,0.32320184,0
0.0,0.3193023,0
0.0,0.32632646,0
0.0,0.31320593,0
0.0,0.32914916,0
0.0,0.31797236,0
0.0,0.31954503,0
0.0,0.32168138,0
0.0,0.31890833,0
0.0,0.3188854,0
0.0,0.2760622,0
0.0,0.31320566,0
0.0,0.31943893,0
0.0,0.3195326,0
0.0,0.29588667,0
0.0,0.31646207,0
0.0,0.28547567,0
0.0,0.32392097,0
0.0,0.3198455,0
0.0,0.33296436,0
0.0,0.3243045,0
0.0,0.313587,0
0.0,0.29350942,0
0.0,0.32538253,0
0.0,0.3271994,0
0.0,0.31155902,0
0.0,0.3131252,0
0.0,0.32901093,0
0.0,0.29119763,0
0.0,0.3199521,0
0.0,0.31479535,0
0.0,0.3260253,0
0.0,0.32173887,0
0.0,0.3103729,0
0.0,0.2790152,0
0.0,0.30338427,0
0.0,0.32093862,0
0.0,0.30771717,0
0.0,0.3234503,0
0.0,0.31344223,0
0.0,0.3147268,0
0.0,0.33717266,0
0.0,0.290929,0
0.0,0.3265805,0
0.0,0.3148736,0
0.0,0.32292095,0
0.0,0.32760933,0
0.0,0.3232499,0
0.0,0.3193548,0
0.0,0.32115468,0
0.0,0.3258835,0
0.0,0.2998139,0
0.0,0.3321096,0
0.0,0.3231161,0
0.0,0.30642205,0
0.0,0.32008108,0
0.0,0.31462938,0
0.0,0.33467653,0
0.0,0.32595074,0
0.0,0.3290182,0
0.0,0.32525143,0
0.0,0.2904634,0
0.0,0.28045508,0
0.0,0.3100312,0
0.0,0.31412345,0
0.0,0.31938493,0
0.0,0.31340626,0
0.0,0.32062215,0
0.0,0.32550743,0
0.0,0.33265784,0
0.0,0.2960796,0
0.0,0.3256544,0
0.0,0.32727367,0
0.0,0.32703274,0
0.0,0.30423182,0
0.0,0.32259658,0
0.0,0.32431766,0
0.0,0.31169003,0
0.0,0.32354608,0
0.0,0.32332453,0
0.0,0.30159637,0
0.0,0.31169587,0
0.0,0.28496355,0
0.0,0.3030435,0
0.0,0.33388525,0
0.0,0.32648638,0
0.0,0.3223114,0
0.0,0.32872057,0
0.0,0.33236054,0
0.0,0.3221785,0
0.0,0.28624132,0
0.0,0.3209645,0
0.0,0.32275775,0
0.0,0.3085016,0
0.0,0.32415524,0
0.0,0.32708734,0
0.0,0.3353306,0
0.0,0.28014088,0
0.0,0.33470395,0
0.0,0.3916501,0
0.0,0.32835764,0
0.0,0.32968393,0
0.0,0.3024248,0
0.0,0.32964063,0
0.0,0.30242676,0
0.0,0.3160662,0
0.0,0.2803254,0
0.0,0.33112556,0
0.0,0.31774032,0
0.0,0.32132068,0
0.0,0.3302648,0
0.0,0.32286358,0
0.0,0.32510757,0
0.0,0.32955456,0
0.0,0.30581117,0
0.0,0.32519484,0
0.0,0.32552084,0
0.0,0.31980923,0
0.0,0.32741022,0
0.0,0.33038384,0
0.0,0.32063258,1
0.0,0.31560868,1
0.0,0.28813678,1
0.0,0.28227028,1
0.0,0.31762728,1
0.0,0.3253741,1
0.0,0.29621235,1
0.0,0.2998633,1
0.0,0.29134446,1
0.0,0.3179559,1
0.0,0.32925627,1
0.0,0.32290572,1
0.0,0.32754594,1
0.0,0.32996675,1
0.0,0.29560658,1
0.0,0.2907616,1
0.0,0.3060487,1
0.0,0.3173594,1
0.0,0.3150781,1
0.0,0.32093412,1
0.0,0.2913302,1
0.0,0.29819942,1
0.0,0.2922028,1
0.0,0.29618517,1
0.0,0.29565313,1
0.0,0.2856239,1
0.0,0.29127565,1
0.0,0.32824236,1
0.0,0.3248863,1
0.0,0.3109173,1
0.0,0.30505118,1
0.0,0.2899011,1
0.0,0.29280257,1
0.0,0.2936947,1
0.0,0.3156172,1
0.0,0.32070285,1
0.0,0.33018333,1
0.0,0.32981738,1
0.0,0.3250215,1
0.0,0.32525328,1
0.0,0.32184452,1
0.0,0.31792292,1
0.0,0.30430892,1
0.0,0.30735588,1
0.0,0.3066958,1
0.0,0.30673695,1
0.0,0.30052486,1
0.0,0.2992603,1
0.0,0.30931008,1
0.0,0.29532352,1
0.0,0.29075545,1
0.0,0.30604416,1
0.0,0.30674326,1
0.0,0.2890348,1
0.0,0.29086226,1
0.0,0.27927178,1
0.0,0.2842397,1
0.0,0.2934477,1
0.0,0.28665096,1
0.0,0.28709766,1
0.0,0.32960242,1
0.0,0.32970726,1
0.0,0.3242308,1
0.0,0.33140317,1
0.0,0.32308027,1
0.0,0.32804632,1
0.0,0.31667852,1
0.0,0.31733817,1
0.0,0.32518312,1
0.0,0.29473883,1
0.0,0.28732795,1
0.0,0.2950963,1
0.0,0.3267526,1
0.0,0.3366542,1
0.0,0.3285275,1
0.0,0.3320476,1
0.0,0.33504516,1
0.0,0.34412262,1
0.0,0.34143326,1
0.0,0.33711058,1
0.0,0.33850113,1
0.0,0.33308548,1
0.0,0.33631736,1
0.0,0.32427838,1
0.0,0.32848382,1
0.0,0.32067868,1
0.0,0.32644665,1
0.0,0.32750115,1
0.0,0.29014364,1
0.0,0.2833586,1
0.0,0.29298332,1
0.0,0.28982198,1
0.0,0.318387,1
0.0,0.278363,1
0.0,0.28014562,1
0.0,0.28606233,1
0.0,0.29876763,1
0.0,0.29590717,1
0.0,0.32233396,1
0.0,0.3283355,1
0.0,0.3276489,1
0.0,0.32043397,1
0.0,0.31660038,1
0.0,0.3168376,1
0.0,0.31369925,1
0.0,0.31591782,1
0.0,0.3198898,1
0.0,0.3304717,1
0.0,0.32624564,1
0.0,0.32837003,1
0.0,0.3314506,1
0.0,0.33049807,1
0.0,0.32719657,1
0.0,0.32937765,1
0.0,0.3107834,1
0.0,0.31533515,1
0.0,0.31363052,1
0.0,0.32502887,1
0.0,0.32702914,1
0.0,0.32251337,1
0.0,0.33361048,1
0.0,0.32049224,1
0.0,0.32837903,1
0.0,0.33149487,1
0.0,0.31849092,1
0.0,0.3169842,1
0.0,0.31422132,1
0.0,0.32122013,1
0.0,0.3208706,1
0.0,0.31763834,1
0.0,0.32182285,1
0.0,0.31898534,1
0.0,0.3215665,1
0.0,0.31788546,1
0.0,0.31658062,1
0.0,0.30759215,1
0.0,0.31615028,1
0.0,0.31704673,1
0.0,0.30819595,1
0.0,0.31462303,1
0.0,0.32542804,1
0.0,0.3160377,1
0.0,0.31677482,1
0.0,0.31324118,1
0.0,0.31112307,1
0.0,0.31364053,1
0.0,0.31950626,1
0.0,0.3140764,1
0.0,0.3159193,1
0.0,0.3169473,1
0.0,0.31755453,1
0.0,0.32176006,1
0.0,0.31638357,1
0.0,0.31816798,1
0.0,0.32007673,1
0.0,0.33156866,1
0.0,0.31882486,1
0.0,0.31924966,1
0.0,0.3234982,1
0.0,0.31838512,1
0.0,0.30603018,1
0.0,0.30376136,1
0.0,0.30450925,1
0.0,0.299446,1
0.0,0.29266322,1
0.0,0.33557892,1
0.0,0.30249503,1
0.0,0.30570027,1
0.0,0.3032278,1
0.0,0.31185988,1
0.0,0.29988748,1
0.0,0.29566577,1
0.0,0.3021829,1
0.0,0.3123501,1
0.0,0.30625653,1
0.0,0.32187447,1
0.0,0.3154011,1
0.0,0.3147417,1
0.0,0.31949028,1
0.0,0.32083145,1
0.0,0.31128222,1
0.0,0.3210616,1
0.0,0.3192488,1
0.0,0.32721847,1
0.0,0.32571295,1
0.0,0.320508,1
0.0,0.32575998,1
0.0,0.32030237,1
0.0,0.31540322,1
0.0,0.32369354,1
0.0,0.32248697,1
0.0,0.3213648,1
0.0,0.31458437,1
0.0,0.31516403,1
0.0,0.29817423,1
0.0,0.320486,1
0.0,0.31774956,1
0.0,0.32192308,1
0.0,0.3188102,1
0.0,0.33185965,1
0.0,0.32695678,1
0.0,0.31258693,1
0.0,0.32975268,1
0.0,0.32557064,1
0.0,0.3089836,1
0.0,0.31836268,1
0.0,0.32915133,1
0.0,0.32883584,1
0.0,0.32728326,1
0.0,0.32819363,1
0.0,0.31467196,1
0.0,0.31651217,1
0.0,0.33172312,1
0.0,0.32739362,1
0.0,0.3329845,1
0.0,0.3190015,1
0.0,0.321066,1
0.0,0.31771538,1
0.0,0.3154215,1
0.0,0.3139222,1
0.0,0.31211546,1
0.0,0.311914,1
0.0,0.3128093,1
0.0,0.2991556,1
0.0,0.3132756,1
0.0,0.3030701,1
0.0,0.3251738,1
0.0,0.3221646,1
0.0,0.3217137,1
0.0,0.330433,1
0.0,0.32518843,1
0.0,0.32870397,1
0.0,0.32682267,1
0.0,0.31732625,1
0.0,0.3234841,1
0.0,0.31069058,1
0.0,0.30919698,1
0.0,0.3207162,1
0.0,0.3229908,1
0.0,0.32158685,1
0.0,0.30474204,1
0.0,0.30900759,1
0.0,0.31399897,1
0.0,0.3148149,1
0.0,0.3074891,1
0.0,0.3083855,1
0.0,0.3136019,1
0.0,0.3054323,1
0.0,0.30821183,1
0.0,0.30302104,1
0.0,0.30510166,1
0.0,0.30763692,1
0.0,0.3115641,1
0.0,0.32261583,1
0.0,0.32358307,1
0.0,0.32465482,1
0.0,0.32988295,1
0.0,0.32995456,1
0.0,0.32674396,1
0.0,0.32865292,1
0.0,0.31374127,1
0.0,0.30974218,1
0.0,0.31307504,1
0.0,0.31477255,1
0.0,0.3249287,1
0.0,0.3287793,1
0.0,0.3237267,1
0.0,0.31843302,1
0.0,0.32555437,1
0.0,0.32424045,1
0.0,0.28721365,1
0.0,0.27900964,1
0.0,0.3221087,1
0.0,0.3272381,1
0.0,0.31622523,1
0.0,0.31330308,1
0.0,0.31614488,1
0.0,0.32093114,1
0.0,0.31449676,1
0.0,0.321097,1
0.0,0.31650767,1
0.0,0.32860947,1
0.0,0.31131712,1
0.0,0.30752996,1
0.0,0.31152263,1
0.0,0.30863667,1
0.0,0.32201654,1
0.0,0.3120482,1
0.0,0.32419527,1
0.0,0.31764275,1
0.0,0.32992247,1
0.0,0.33052436,1
0.0,0.32344756,1
0.0,0.32153568,1
0.0,0.30496356,1
0.0,0.30729967,1
0.0,0.30385834,1
0.0,0.33260706,1
0.0,0.31795928,1
0.0,0.31471127,1
0.0,0.30171424,1
0.0,0.31039897,1
0.0,0.31580925,1
0.0,0.28358346,1
0.0,0.31426117,1
0.0,0.31840315,1
0.0,0.31222093,1
0.0,0.32093212,1
0.0,0.30490065,1
0.0,0.310517,1
0.0,0.3071187,1
0.0,0.3375219,1
0.0,0.3033788,1
0.0,0.30510262,1
0.0,0.3188101,1
0.0,0.30638304,1
0.0,0.3003542,1
0.0,0.27760226,1
0.0,0.28103784,1
0.0,0.28843173,1
0.0,0.32582343,1
0.0,0.32056496,1
0.0,0.3266503,1
0.0,0.32647672,1
0.0,0.32502627,1
0.0,0.32543945,1
0.0,0.3312452,1
0.0,0.32439938,1
0.0,0.32792112,1
0.0,0.31198776,1
0.0,0.31684226,1
0.0,0.32178262,1
0.0,0.3182945,1
0.0,0.3203893,1
0.0,0.3248621,1
0.0,0.32586697,1
0.0,0.32060897,1
0.0,0.32308674,1
0.0,0.33047384,1
0.0,0.32147747,1
0.0,0.31075308,1
0.0,0.31294534,1
0.0,0.3251279,1
0.0,0.33530593,1
0.0,0.33590412,1
0.0,0.32364383,1
0.0,0.28542176,1
0.0,0.29400662,1
0.0,0.3063933,1
0.0,0.30928788,1
0.0,0.32321,1
0.0,0.33255315,1
0.0,0.28246465,1
0.0,0.29178867,1
0.0,0.2882392,1
0.0,0.31522113,1
0.0,0.3202883,1
0.0,0.29897282,1
0.0,0.31673247,1
0.0,0.31241727,1
0.0,0.3243852,1
0.0,0.32158434,1
0.0,0.321876,1
0.0,0.28147522,1
0.0,0.29212487,1
0.0,0.27981165,1
0.0,0.32496148,1
0.0,0.30881298,1
0.0,0.28024662,1
0.0,0.27910393,1
0.0,0.26465842,1
0.0,0.26989195,1
0.0,0.30712834,1
0.0,0.3048886,1
0.0,0.30318967,1
0.0,0.33088446,1
0.0,0.28308168,1
0.0,0.2849176,1
0.0,0.2770767,1
0.0,0.2859435,1
0.0,0.2942915,1
0.0,0.2956962,1
0.0,0.28686666,1
0.0,0.2895855,1
0.0,0.28580773,1
0.0,0.28197888,1
0.0,0.3275282,1
0.0,0.29225948,1
0.0,0.28660226,1
0.0,0.32445836,1
0.0,0.32082573,1
0.0,0.28737575,0
0.0,0.31128088,0
0.0,0.334718,0
0.0,0.3288414,0
0.0,0.32025066,0
0.0,0.30957314,0
0.0,0.31720933,0
0.0,0.31685293,0
0.0,0.32500356,0
0.0,0.30785576,0
0.0,0.32231504,0
0.0,0.32736045,0
0.0,0.32481498,0
0.0,0.29212907,0
0.0,0.33119038,0
0.0,0.32482007,0
0.0,0.2948783,0
0.0,0.3191304,0
0.0,0.31799594,0
0.0,0.33053467,0
0.0,0.3284313,0
0.0,0.32561532,0
0.0,0.2949904,0
0.0,0.32803935,0
0.0,0.3173966,0
0.0,0.27280918,0
0.0,0.3201496,0
0.0,0.30423698,0
0.0,0.32308596,0
0.0,0.32342127,0
0.0,0.3128458,0
0.0,0.32288715,0
0.0,0.29004052,0
0.0,0.3206278,0
0.0,0.33501154,0
0.0,0.33486643,0
0.0,0.31023014,0
0.0,0.3167611,0
0.0,0.30875272,0
0.0,0.32142934,0
0.0,0.28062955,0
0.0,0.32273346,0
0.0,0.29699674,0
0.0,0.33055985,0
0.0,0.3086287,0
0.0,0.32767278,0
0.0,0.32719487,0
0.0,0.3251753,0
0.0,0.31742233,0
0.0,0.31776682,0
0.0,0.292028,0
0.0,0.33979675,0
0.0,0.29587233,0
0.0,0.32704747,0
0.0,0.3189748,0
0.0,0.32249695,0
0.0,0.328401,0
0.0,0.3284655,0
0.0,0.29482135,0
0.0,0.2696837,0
0.0,0.31948155,0
0.0,0.32854074,0
0.0,0.32897228,0
0.0,0.33243322,0
0.0,0.31893036,0
0.0,0.30665502,0
0.0,0.31815904,0
0.0,0.32026497,0
0.0,0.3225724,0
0.0,0.31282344,0
0.0,0.32906094,0
0.0,0.27741632,0
0.0,0.3110485,0
0.0,0.32075274,0
0.0,0.28911346,0
0.0,0.3209256,0
0.0,0.2907299,0
0.0,0.312617,0
0.0,0.31841975,0
0.0,0.32768932,0
0.0,0.32350764,0
0.0,0.31064144,0
0.0,0.29996023,0
0.0,0.32143626,0
0.0,0.31875914,0
0.0,0.33047423,0
0.0,0.33226034,0
0.0,0.32785586,0
0.0,0.31923363,0
0.0,0.3265539,0
0.0,0.30942786,0
0.0,0.28753963,0
0.0,0.27794817,0
0.0,0.32697904,0
0.0,0.32743663,0
0.0,0.3155331,0
0.0,0.32881337,0
0.0,0.31760025,0
0.0,0.3209092,0
0.0,0.31115496,0
0.0,0.31166837,0
0.0,0.3166611,0
0.0,0.29010049,0
0.0,0.32725698,0
0.0,0.31865722,0
0.0,0.32924893,0
0.0,0.32662013,0
0.0,0.32702467,0
0.0,0.32516092,0
0.0,0.32104832,0
0.0,0.33084032,0
0.0,0.3090463,0
0.0,0.3053932,0
0.0,0.32143104,0
0.0,0.29411831,0
0.0,0.32332033,0
0.0,0.3291748,0
0.0,0.32067207,0
0.0,0.33025205,0
0.0,0.3224412,0
0.0,0.31884763,0
0.0,0.33436003,0
0.0,0.33500332,0
0.0,0.32296836,0
0.0,0.32300454,0
0.0,0.32374102,0
0.0,0.32956782,0
0.0,0.31239492,0
0.0,0.30852106,0
0.0,0.33326572,0
0.0,0.31018183,0
0.0,0.33250877,0
0.0,0.3339858,0
0.0,0.31950393,0
0.0,0.3225534,0
0.0,0.32177988,0
0.0,0.3291835,0
0.0,0.3127083,0
0.0,0.32271037,0
0.0,0.32359946,0
0.0,0.32432625,0
0.0,0.32986966,0
0.0,0.29621378,0
0.0,0.26674438,0
0.0,0.34481275,0
0.0,0.30665585,0
0.0,0.32259774,0
0.0,0.3289664,0
0.0,0.28278252,0
0.0,0.3294526,0
0.0,0.3233868,0
0.0,0.32158795,0
0.0,0.32836205,0
0.0,0.2877591,0
0.0,0.3309726,0
0.0,0.3298382,0
0.0,0.3258388,0
0.0,0.3262607,0
0.0,0.33639318,0
0.0,0.30856863,0
0.0,0.32265544,0
0.0,0.32186708,0
0.0,0.3226271,0
0.0,0.30521142,0
0.0,0.3160694,0
0.0,0.32419744,0
0.0,0.3217275,0
0.0,0.31759715,0
0.0,0.31546238,0
0.0,0.33104452,0
0.0,0.32373172,0
0.0,0.32108685,0
0.0,0.27789074,0
0.0,0.32091603,0
0.0,0.30691677,0
0.0,0.32837012,0
0.0,0.3103746,0
0.0,0.32289237,0
0.0,0.3306992,0
0.0,0.30616614,0
0.0,0.3300286,0
0.0,0.32582378,0
0.0,0.2909999,0
0.0,0.32858583,0
0.0,0.32745582,0
0.0,0.32682446,0
0.0,0.33283773,0
0.0,0.30554062,0
0.0,0.32072163,0
0.0,0.32065618,0
0.0,0.2947215,0
0.0,0.31740254,0
0.0,0.278497,0
0.0,0.32019314,0
0.0,0.31518838,0
0.0,0.3217008,0
0.0,0.29892218,0
0.0,0.31789845,0
0.0,0.32265916,0
0.0,0.32395366,0
0.0,0.3233931,0
0.0,0.33213723,0
0.0,0.3150212,0
0.0,0.32867974,0
0.0,0.32118598,0
0.0,0.32892674,0
0.0,0.31649438,0
0.0,0.26476493,0
0.0,0.32729822,0
0.0,0.3231819,0
0.0,0.33356628,0
0.0,0.31959465,0
0.0,0.27484676,0
0.0,0.31126043,0
0.0,0.3251771,0
0.0,0.30755323,0
0.0,0.31867337,0
0.0,0.2972038,0
0.0,0.32622153,0
0.0,0.32632142,0
0.0,0.3244397,0
0.0,0.2916767,0
0.0,0.2728866,0
0.0,0.31838876,0
0.0,0.32442868,0
0.0,0.31766146,0
0.0,0.335642,0
0.0,0.29462266,0
0.0,0.3235624,0
0.0,0.32861,0
0.0,0.3210835,0
0.0,0.30943716,0
0.0,0.32831764,0
0.0,0.32169974,0
0.0,0.32709816,0
0.0,0.32353547,0
0.0,0.30891073,0
0.0,0.31546342,0
0.0,0.32582942,0
0.0,0.3060689,0
0.0,0.27646062,0
0.0,0.31388682,0
0.0,0.32085085,0
0.0,0.2842804,0
0.0,0.33239698,0
0.0,0.31423482,0
0.0,0.32294852,0
0.0,0.31964266,0
0.0,0.33029398,0
0.0,0.31766054,0
0.0,0.32091367,0
0.0,0.31807047,0
0.0,0.3207575,0
0.0,0.3242509,0
0.0,0.3172737,0
0.0,0.31666493,0
0.0,0.33418193,0
0.0,0.3163877,0
0.0,0.3251434,0
0.0,0.28511605,0
0.0,0.33367229,0
0.0,0.30443752,0
0.0,0.3283937,0
0.0,0.3252568,0
0.0,0.31465495,0
0.0,0.32295874,0
0.0,0.3238403,0
0.0,0.3199352,0
0.0,0.27791312,0
0.0,0.33111,0
0.0,0.3356008,0
0.0,0.3276306,0
0.0,0.32278496,0
0.0,0.32398355,0
0.0,0.2926357,0
0.0,0.32724795,0
0.0,0.3220422,0
0.0,0.31122693,0
0.0,0.3126986,0
0.0,0.32368475,0
0.0,0.3171237,0
0.0,0.31428507,0
0.0,0.32679397,0
0.0,0.32887527,0
0.0,0.31633937,0
0.0,0.32879406,0
0.0,0.3318721,0
0.0,0.30438986,0
0.0,0.3161645,0
0.0,0.31712314,0
0.0,0.32367963,0
0.0,0.30965933,0
0.0,0.33015403,0
0.0,0.33191845,0
0.0,0.31937173,0
0.0,0.32043448,0
0.0,0.278984,0
0.0,0.3228004,0
0.0,0.31417155,0
0.0,0.32242754,0
0.0,0.31862944,0
0.0,0.3257707,0
0.0,0.32927978,0
0.0,0.3231729,0
0.0,0.32642436,0
0.0,0.31608793,0
0.0,0.3145683,0
0.0,0.32745513,0
0.0,0.28924507,0
0.0,0.31760493,0
0.0,0.33328763,0
0.0,0.3214383,0
0.0,0.32343483,0
0.0,0.3227613,0
0.0,0.3132346,0
0.0,0.31295255,0
0.0,0.32052258,0
0.0,0.3197153,0
0.0,0.32206708,0
0.0,0.33314177,0
0.0,0.28430814,0
0.0,0.32066858,0
0.0,0.30467382,0
0.0,0.32710207,0
0.0,0.3093717,0
0.0,0.3221772,0
0.0,0.31810352,0
0.0,0.3228664,0
0.0,0.28312844,0
0.0,0.33174416,0
0.0,0.33197758,0
0.0,0.31323108,0
0.0,0.32531258,0
0.0,0.3254532,0
0.0,0.33110976,0
0.0,0.33181456,0
0.0,0.3232998,0
0.0,0.32581213,0
0.0,0.31553954,0
0.0,0.31322163,0
0.0,0.32961944,0
0.0,0.3105459,0
0.0,0.33138835,0
0.0,0.33485112,0
0.0,0.30570984,0
0.0,0.32234436,0
0.0,0.31905147,0
0.0,0.31862924,0
0.0,0.32866383,0
0.0,0.31256944,0
0.0,0.27651218,0
0.0,0.32233176,0
0.0,0.32858744,0
0.0,0.3173941,0
0.0,0.33398828,0
0.0,0.32165754,0
0.0,0.30618417,0
0.0,0.27794755,0
0.0,0.31905854,0
0.0,0.29350936,0
0.0,0.3269284,0
0.0,0.3307665,0
0.0,0.3083958,0
0.0,0.29563785,0
0.0,0.32164586,0
0.0,0.32055554,0
0.0,0.32554567,0
0.0,0.28653246,0
0.0,0.32015654,0
0.0,0.2803262,0
0.0,0.32748452,0
0.0,0.32162863,0
0.0,0.33119172,0
0.0,0.31804153,0
0.0,0.29088497,0
0.0,0.29870456,0
0.0,0.29432654,0
0.0,0.30990008,0
0.0,0.3061062,0
0.0,0.33067408,0
0.0,0.31662175,0
0.0,0.3055892,0
0.0,0.31006676,0
0.0,0.30912668,0
0.0,0.3216632,0
0.0,0.3140429,0
0.0,0.32545933,0
0.0,0.32901883,1
0.0,0.32409984,1
0.0,0.32402855,1
0.0,0.32325208,1
0.0,0.3305088,1
0.0,0.3916501,1
0.0,0.3916501,1
0.0,0.3916501,1
0.0,0.3916501,1
0.0,0.3916501,1
0.0,0.3916501,1
0.0,0.3916501,1
0.0,0.3916501,1
0.0,0.3916501,1
0.0,0.3916501,1
0.0,0.3916501,1
0.0,0.3225556,1
0.0,0.31674138,1
0.0,0.3221056,1
0.0,0.31932878,1
0.0,0.32025728,1
0.0,0.31956664,1
0.0,0.31435326,1
0.0,0.3152227,1
0.0,0.31261554,1
0.0,0.31507918,1
0.0,0.3185053,1
0.0,0.32924756,1
0.0,0.32370013,1
0.0,0.33208606,1
0.0,0.32078037,1
0.0,0.32280996,1
0.0,0.31290394,1
0.0,0.31318092,1
0.0,0.31427857,1
0.0,0.31619257,1
0.0,0.3052769,1
0.0,0.2956109,1
0.0,0.29493877,1
0.0,0.30790138,1
0.0,0.32797623,1
0.0,0.33210924,1
0.0,0.33018768,1
0.0,0.3314302,1
0.0,0.33402312,1
0.0,0.33118066,1
0.0,0.3318655,1
0.0,0.32898974,1
0.0,0.33217683,1
0.0,0.33225483,1
0.0,0.3302959,1
0.0,0.34048066,1
0.0,0.334211,1
0.0,0.33641127,1
0.0,0.3258461,1
0.0,0.2826146,1
0.0,0.32844937,1
0.0,0.32348803,1
0.0,0.30941725,1
0.0,0.31579694,1
0.0,0.30751768,1
0.0,0.30747628,1
0.0,0.3121837,1
0.0,0.31077802,1
0.0,0.3070349,1
0.0,0.30804467,1
0.0,0.304414,1
0.0,0.30832833,1
0.0,0.32435113,1
0.0,0.32522935,1
0.0,0.29714814,1
0.0,0.30937952,1
0.0,0.3094171,1
0.0,0.31165987,1
0.0,0.31494272,1
0.0,0.3078424,1
0.0,0.30930135,1
0.0,0.31164587,1
0.0,0.33318695,1
0.0,0.32212034,1
0.0,0.32254076,1
0.0,0.32227564,1
0.0,0.3236929,1
0.0,0.33007824,1
0.0,0.31508073,1
0.0,0.30819407,1
0.0,0.3062236,1
0.0,0.30734426,1
0.0,0.3114246,1
0.0,0.31821626,1
0.0,0.31292582,1
0.0,0.31333262,1
0.0,0.2999417,1
0.0,0.28968433,1
0.0,0.31759068,1
0.0,0.31719103,1
0.0,0.30519065,1
0.0,0.30352554,1
0.0,0.33150035,1
0.0,0.29963198,1
0.0,0.29239395,1
0.0,0.32723552,1
0.0,0.31814235,1
0.0,0.32264408,1
0.0,0.31347594,1
0.0,0.315383,1
0.0,0.31832156,1
0.0,0.31376812,1
0.0,0.31383395,1
0.0,0.3077593,1
0.0,0.31854057,1
0.0,0.30934224,1
0.0,0.31059286,1
0.0,0.3150592,1
0.0,0.3121427,1
0.0,0.318228,1
0.0,0.3199137,1
0.0,0.31768644,1
0.0,0.3160089,1
0.0,0.3336976,1
0.0,0.33820367,1
0.0,0.32764685,1
0.0,0.32316557,1
0.0,0.30378312,1
0.0,0.30533928,1
0.0,0.32017305,1
0.0,0.3091947,1
0.0,0.3184004,1
0.0,0.32999533,1
0.0,0.33070683,1
0.0,0.32842135,1
0.0,0.32573882,1
0.0,0.332194,1
0.0,0.2843659,1
0.0,0.3272084,1
0.0,0.32241973,1
0.0,0.32072845,1
0.0,0.3227655,1
0.0,0.32253274,1
0.0,0.32630742,1
0.0,0.3280931,1
0.0,0.3242506,1
0.0,0.32126665,1
0.0,0.32482472,1
0.0,0.32549268,1
0.0,0.31988367,1
0.0,0.324997,1
0.0,0.31996995,1
0.0,0.32441005,1
0.0,0.31691125,1
0.0,0.3248406,1
0.0,0.32890078,1
0.0,0.32665005,1
0.0,0.3181064,1
0.0,0.32044336,1
0.0,0.31980944,1
0.0,0.31839556,1
0.0,0.31908858,1
0.0,0.31608537,1
0.0,0.3241211,1
0.0,0.31996223,1
0.0,0.3231171,1
0.0,0.32261884,1
0.0,0.31642008,1
0.0,0.32046744,1
0.0,0.2652107,1
0.0,0.2705512,1
0.0,0.26706707,1
0.0,0.27224,1
0.0,0.32560232,1
0.0,0.31922498,1
0.0,0.32587156,1
0.0,0.27891186,1
0.0,0.33244738,1
0.0,0.3305374,1
0.0,0.3304885,1
0.0,0.3072122,1
0.0,0.27284527,1
0.0,0.31772456,1
0.0,0.31975877,1
0.0,0.31959248,1
0.0,0.32170877,1
0.0,0.32826662,1
0.0,0.32407197,1
0.0,0.3368519,1
0.0,0.33198047,1
0.0,0.33168805,1
0.0,0.3210579,1
0.0,0.3228442,1
0.0,0.31990862,1
0.0,0.326296,1
0.0,0.3257139,1
0.0,0.32858992,1
0.0,0.33592257,1
0.0,0.30460718,1
0.0,0.29170188,1
0.0,0.29219398,1
0.0,0.29086012,1
0.0,0.32399693,1
0.0,0.3281735,1
0.0,0.32791504,1
0.0,0.3218536,1
0.0,0.31742907,1
0.0,0.32228923,1
0.0,0.31389743,1
0.0,0.31448704,1
0.0,0.31489408,1
0.0,0.3248899,1
0.0,0.32872036,1
0.0,0.33859742,1
0.0,0.2923879,1
0.0,0.29383788,1
0.0,0.29721963,1
0.0,0.29688177,1
0.0,0.29249653,1
0.0,0.29764262,1
0.0,0.3293112,1
0.0,0.32122174,1
0.0,0.32706067,1
0.0,0.32654017,1
0.0,0.2996355,1
0.0,0.33427387,1
0.0,0.32368195,1
0.0,0.32626456,1
0.0,0.32083935,1
0.0,0.32549825,1
0.0,0.320613,1
0.0,0.32145888,1
0.0,0.3257101,1
0.0,0.32188618,1
0.0,0.32738245,1
0.0,0.31992725,1
0.0,0.31045786,1
0.0,0.32227406,1
0.0,0.32573676,1
0.0,0.31518975,1
0.0,0.28983796,1
0.0,0.32704937,1
0.0,0.32260972,1
0.0,0.32632688,1
0.0,0.33778217,1
0.0,0.3420927,1
0.0,0.34266013,1
0.0,0.323513,1
0.0,0.32760096,1
0.0,0.3266599,1
0.0,0.32416072,1
0.0,0.32917193,1
0.0,0.32521167,1
0.0,0.31862417,1
0.0,0.3246561,1
0.0,0.32372904,1
0.0,0.32768038,1
0.0,0.32027784,1
0.0,0.31732923,1
0.0,0.31973377,1
0.0,0.32148522,0
0.0,0.3115325,0
0.0,0.3270179,0
0.0,0.3202895,0
0.0,0.32850116,0
0.0,0.3240263,0
0.0,0.32703012,0
0.0,0.33558342,0
0.0,0.29486597,0
0.0,0.32716364,0
0.0,0.32393628,0
0.0,0.3246002,0
0.0,0.3227368,0
0.0,0.3282464,0
0.0,0.320834,0
0.0,0.29212934,0
0.0,0.3153957,0
0.0,0.3304327,0
0.0,0.3200011,0
0.0,0.3212254,0
0.0,0.32894668,0
0.0,0.28484952,0
0.0,0.3302412,0
0.0,0.32391456,0
0.0,0.32815424,0
0.0,0.3187965,0
0.0,0.3265428,0
0.0,0.31402305,0
0.0,0.32901886,0
0.0,0.2835109,0
0.0,0.3333159,0
0.0,0.32123712,0
0.0,0.3217958,0
0.0,0.31009907,0
0.0,0.31825933,0
0.0,0.33056796,0
0.0,0.32562256,0
0.0,0.32578972,0
0.0,0.34396762,0
0.0,0.3217041,0
0.0,0.32046947,0
0.0,0.32854304,0
0.0,0.3241744,0
0.0,0.32952094,0
0.0,0.27504522,0
0.0,0.32429665,0
0.0,0.27250087,0
0.0,0.32144678,0
0.0,0.32841322,0
0.0,0.32792798,0
0.0,0.32974297,0
0.0,0.31948423,0
0.0,0.3215142,0
0.0,0.32925856,0
0.0,0.31814888,0
0.0,0.3264582,0
0.0,0.3054976,0
0.0,0.3291466,0
0.0,0.27924404,0
0.0,0.33059427,0
0.0,0.3292225,0
0.0,0.33691308,0
0.0,0.2964613,0
0.0,0.31129754,0
0.0,0.31390822,0
0.0,0.32242,0
0.0,0.32597804,0
0.0,0.320445,0
0.0,0.2962809,0
0.0,0.32332537,0
0.0,0.30408713,0
0.0,0.3470578,0
0.0,0.28734654,0
0.0,0.3169379,0
0.0,0.32859275,0
0.0,0.3287026,0
0.0,0.32346532,0
0.0,0.3176271,0
0.0,0.2965454,0
0.0,0.32232612,0
0.0,0.32495072,0
0.0,0.28646588,0
0.0,0.32662645,0
0.0,0.31804606,0
0.0,0.31399748,0
0.0,0.3244081,0
0.0,0.3272225,0
0.0,0.30959648,0
0.0,0.32439625,0
0.0,0.3206122,0
0.0,0.330799,0
0.0,0.31671605,0
0.0,0.3418412,0
0.0,0.32963595,0
0.0,0.3037244,0
0.0,0.3271866,0
0.0,0.31847748,0
0.0,0.32655403,0
0.0,0.3341571,0
0.0,0.33335352,0
0.0,0.33152744,0
0.0,0.29503024,0
0.0,0.3139587,0
0.0,0.32745054,0
0.0,0.3347523,0
0.0,0.3300486,0
0.0,0.3222976,0
0.0,0.29558244,0
0.0,0.3454943,0
0.0,0.33763,0
0.0,0.31922245,0
0.0,0.295081,0
0.0,0.31861895,0
0.0,0.29523253,0
0.0,0.32397288,0
0.0,0.3187124,0
0.0,0.32931596,0
0.0,0.31081942,0
0.0,0.30582175,0
0.0,0.30390453,0
0.0,0.319295,0
0.0,0.3307962,0
0.0,0.29516825,0
0.0,0.32716238,0
0.0,0.31717044,0
0.0,0.34126484,0
0.0,0.28344733,0
0.0,0.31023863,0
0.0,0.32677698,0
0.0,0.3056414,0
0.0,0.26709282,0
0.0,0.3252987,0
0.0,0.3171994,0
0.0,0.32849595,0
0.0,0.30124846,0
0.0,0.31072557,0
0.0,0.30778944,0
0.0,0.29751164,0
0.0,0.32613146,0
0.0,0.31275654,0
0.0,0.3211115,0
0.0,0.32439864,0
0.0,0.33157685,0
0.0,0.3275524,0
0.0,0.32871065,0
0.0,0.3377442,0
0.0,0.33667094,0
0.0,0.32294148,0
0.0,0.32217008,0
0.0,0.31004846,0
0.0,0.3130257,0
0.0,0.29321712,0
0.0,0.29282957,0
0.0,0.32610485,0
0.0,0.3215959,0
0.0,0.3297617,0
0.0,0.3295317,0
0.0,0.31969517,0
0.0,0.31837344,0
0.0,0.28902698,0
0.0,0.32384253,0
0.0,0.28405905,0
0.0,0.32983908,0
0.0,0.32391855,0
0.0,0.316541,0
0.0,0.28947815,0
0.0,0.28480285,0
0.0,0.33309755,0
0.0,0.333761,0
0.0,0.31507564,0
0.0,0.33002955,0
0.0,0.326573,0
0.0,0.32749212,0
0.0,0.3280547,0
0.0,0.30789468,0
0.0,0.32393083,0
0.0,0.2937097,0
0.0,0.30195972,0
0.0,0.33425483,0
0.0,0.32840323,0
0.0,0.3195602,0
0.0,0.32266903,0
0.0,0.3331388,0
0.0,0.32856783,0
0.0,0.32780617,0
0.0,0.32041553,0
0.0,0.3244025,0
0.0,0.3418407,0
0.0,0.33263385,0
0.0,0.33954462,0
0.0,0.33390647,0
0.0,0.3262532,0
0.0,0.33035892,0
0.0,0.29294235,0
0.0,0.32173118,0
0.0,0.30507034,0
0.0,0.31725153,0
0.0,0.33742085,0
0.0,0.33055392,0
0.0,0.33254543,0
0.0,0.3238438,0
0.0,0.31702912,0
0.0,0.3334496,0
0.0,0.3225561,0
0.0,0.31718373,0
0.0,0.32236052,0
0.0,0.26850837,0
0.0,0.32894114,0
0.0,0.32113025,0
0.0,0.3245748,0
0.0,0.32484785,0
0.0,0.28710964,0
0.0,0.29850695,0
0.0,0.33517817,0
0.0,0.32655743,0
0.0,0.32707557,0
0.0,0.32628247,0
0.0,0.30732203,0
0.0,0.30300963,0
0.0,0.3171311,0
0.0,0.30457637,0
0.0,0.33635843,0
0.0,0.31006205,0
0.0,0.3310758,0
0.0,0.32606676,0
0.0,0.27671647,0
0.0,0.324649,0
0.0,0.30119672,0
0.0,0.32112825,0
0.0,0.28695503,0
0.0,0.31356728,0
0.0,0.31378123,0
0.0,0.30397746,0
0.0,0.32169405,0
0.0,0.3191332,0
0.0,0.32611403,0
0.0,0.32862043,0
0.0,0.32673356,0
0.0,0.33546636,0
0.0,0.29298496,0
0.0,0.32719114,0
0.0,0.32576945,0
0.0,0.32006648,0
0.0,0.31448558,0
0.0,0.30613458,0
0.0,0.327465,0
0.0,0.3183806,0
0.0,0.32318622,0
0.0,0.31546506,0
0.0,0.3065357,0
0.0,0.30804044,0
0.0,0.26415014,0
0.0,0.33927664,0
0.0,0.32238343,0
0.0,0.33077896,0
0.0,0.3307503,0
0.0,0.32415125,0
0.0,0.32431754,0
0.0,0.32935044,0
0.0,0.28688055,0
0.0,0.32699883,0
0.0,0.32514435,0
0.0,0.3257188,0
0.0,0.32461223,0
0.0,0.30580485,0
0.0,0.2881848,0
0.0,0.27521488,0
0.0,0.3120874,0
0.0,0.32678494,0
0.0,0.3336376,0
0.0,0.30304787,0
0.0,0.34019488,0
0.0,0.32187405,0
0.0,0.32886124,0
0.0,0.32630676,0
0.0,0.3110634,0
0.0,0.27250943,0
0.0,0.31752867,0
0.0,0.32842147,0
0.0,0.3211475,0
0.0,0.32757655,0
0.0,0.3206139,0
0.0,0.30847985,0
0.0,0.33248255,0
0.0,0.2997145,0
0.0,0.32572585,0
0.0,0.33203053,0
