y_predict,y_score,y_true
0.0,0.13443574,1
0.0,0.35019958,1
0.0,0.19734493,1
1.0,0.95606077,1
1.0,0.53174406,1
0.0,0.34804443,1
0.0,0.07018644,1
0.0,0.12490718,1
1.0,0.9403096,1
1.0,0.90276647,1
1.0,0.9629224,1
1.0,0.95322305,1
1.0,0.84424496,1
1.0,0.9591524,1
1.0,0.96384543,1
1.0,0.9644781,1
1.0,0.95771265,1
0.0,0.13546175,1
1.0,0.93780756,1
1.0,0.909446,1
0.0,0.28756085,1
1.0,0.8688965,1
0.0,0.4528021,1
1.0,0.9527201,1
1.0,0.94331235,1
1.0,0.93030834,1
1.0,0.9310118,1
1.0,0.856753,1
1.0,0.8733751,1
1.0,0.95506,1
1.0,0.95446014,1
1.0,0.92268693,1
0.0,0.13345881,1
0.0,0.3733445,1
1.0,0.78139246,1
1.0,0.5375439,1
0.0,0.044425827,1
0.0,0.112018496,1
0.0,0.2375534,1
0.0,0.046232868,1
0.0,0.18493457,1
1.0,0.9001308,1
1.0,0.937802,1
0.0,0.2771571,1
1.0,0.52545065,1
0.0,0.34046012,1
1.0,0.677464,1
1.0,0.93497396,1
1.0,0.94808686,1
1.0,0.958926,1
0.0,0.27548015,1
0.0,0.09657645,1
0.0,0.08236066,1
0.0,0.14560707,1
0.0,0.2604219,1
0.0,0.20141484,1
1.0,0.9239569,1
0.0,0.081094265,1
1.0,0.7580642,1
1.0,0.8122741,1
0.0,0.048843425,1
1.0,0.5682679,1
1.0,0.57647246,1
1.0,0.94533056,1
1.0,0.8222173,1
1.0,0.9424539,1
1.0,0.9466377,1
1.0,0.9056139,1
1.0,0.9553366,1
1.0,0.9636593,1
1.0,0.9663517,1
1.0,0.959225,1
1.0,0.9609633,1
0.0,0.4991666,1
1.0,0.77112037,1
1.0,0.9225139,1
1.0,0.95956427,1
0.0,0.28238213,1
1.0,0.79921556,1
1.0,0.96498024,1
1.0,0.9695776,1
1.0,0.96862924,1
0.0,0.18073167,1
0.0,0.2959326,1
1.0,0.643696,1
1.0,0.95270526,1
0.0,0.37248448,1
1.0,0.9305059,1
1.0,0.9637694,1
1.0,0.95663553,1
1.0,0.9539817,1
1.0,0.8044136,1
1.0,0.7673111,1
1.0,0.8889196,1
1.0,0.87752277,1
1.0,0.9495021,1
1.0,0.95139235,1
1.0,0.9626275,1
0.0,0.0460935,1
1.0,0.50321466,1
0.0,0.0803627,1
0.0,0.043915156,1
0.0,0.10532579,1
0.0,0.0688062,1
1.0,0.54017955,1
1.0,0.5703939,1
0.0,0.1698264,1
0.0,0.06327435,1
1.0,0.5302625,1
0.0,0.060113486,1
1.0,0.95459515,1
1.0,0.51891446,1
1.0,0.8984129,1
1.0,0.86044693,1
1.0,0.85184956,1
1.0,0.88579875,1
1.0,0.9017226,1
0.0,0.13268495,1
0.0,0.4242108,1
1.0,0.81706065,1
1.0,0.8886968,1
1.0,0.9251224,1
1.0,0.95757216,1
1.0,0.941567,1
0.0,0.1498056,1
0.0,0.092265025,1
1.0,0.68823904,1
1.0,0.883228,1
1.0,0.8418066,1
1.0,0.69697076,1
1.0,0.8036606,1
1.0,0.88425463,1
0.0,0.49116117,1
1.0,0.8273931,1
0.0,0.08182571,1
0.0,0.15734078,1
0.0,0.47133017,1
0.0,0.061274335,1
0.0,0.10057623,1
0.0,0.03889537,1
0.0,0.0927919,1
1.0,0.9582957,1
1.0,0.91422415,1
1.0,0.96465176,1
1.0,0.7883511,1
0.0,0.48948702,1
1.0,0.93775135,1
1.0,0.7087467,1
1.0,0.9445647,1
1.0,0.86835515,1
0.0,0.18871029,1
1.0,0.95753765,1
1.0,0.9630126,1
1.0,0.95453507,1
1.0,0.79833084,1
1.0,0.7437679,1
1.0,0.753278,1
0.0,0.34979016,1
0.0,0.17625515,1
0.0,0.1968251,1
1.0,0.5346872,1
1.0,0.85545385,1
1.0,0.96161115,1
1.0,0.95354843,1
0.0,0.3342625,1
0.0,0.05382108,1
0.0,0.038428493,1
1.0,0.6509853,1
1.0,0.728361,1
1.0,0.96248925,1
0.0,0.4215612,1
1.0,0.9404386,1
1.0,0.9532111,1
1.0,0.9331998,1
0.0,0.2588553,1
0.0,0.3397878,1
1.0,0.9203203,1
1.0,0.8896221,1
0.0,0.33412415,1
1.0,0.5117192,1
1.0,0.69886446,1
1.0,0.89851624,1
1.0,0.69473463,1
1.0,0.92291397,1
1.0,0.9564648,1
1.0,0.95201415,1
1.0,0.9654096,1
1.0,0.9595194,1
1.0,0.9615216,1
0.0,0.17910162,1
1.0,0.76472676,1
0.0,0.3467686,1
1.0,0.8521759,1
1.0,0.641796,1
0.0,0.0414997,1
0.0,0.056227755,1
0.0,0.059416033,1
1.0,0.5768999,1
0.0,0.34407204,1
0.0,0.4849539,1
0.0,0.19236034,1
1.0,0.5944386,1
0.0,0.070988245,1
0.0,0.10455167,1
1.0,0.9176722,1
0.0,0.38851687,1
0.0,0.048252482,1
0.0,0.04490957,1
1.0,0.8706597,1
0.0,0.26615447,1
0.0,0.08923096,1
1.0,0.8702554,1
1.0,0.79364383,1
1.0,0.9585989,1
1.0,0.9384717,1
1.0,0.96386105,1
1.0,0.95865995,1
1.0,0.92774457,1
1.0,0.90230757,1
1.0,0.9586244,1
1.0,0.95794624,1
1.0,0.93026257,1
1.0,0.9060417,1
1.0,0.94642484,1
1.0,0.943167,1
0.0,0.35457134,1
0.0,0.29485556,1
0.0,0.053023845,1
0.0,0.49025542,1
1.0,0.9596679,1
1.0,0.9579453,1
1.0,0.96325654,1
1.0,0.79403657,1
1.0,0.83536404,1
0.0,0.29602674,1
1.0,0.9469123,1
1.0,0.9051321,1
1.0,0.82048684,1
0.0,0.38510475,1
1.0,0.80167735,1
1.0,0.9480468,1
1.0,0.76244485,1
1.0,0.7966993,1
0.0,0.49238512,1
0.0,0.17693144,1
0.0,0.092491455,1
1.0,0.6140946,1
0.0,0.46778712,1
1.0,0.94169503,1
1.0,0.9475617,1
1.0,0.9045748,1
1.0,0.6591066,1
1.0,0.9387709,1
0.0,0.4408774,1
1.0,0.500355,1
0.0,0.21070436,1
1.0,0.8987804,1
1.0,0.8139517,1
1.0,0.9453357,1
1.0,0.91462284,1
1.0,0.9045829,1
1.0,0.96065485,1
1.0,0.86767006,1
1.0,0.9591469,1
0.0,0.12770091,1
1.0,0.8955405,1
1.0,0.9021993,1
1.0,0.8067118,1
1.0,0.71718776,1
1.0,0.92008066,1
1.0,0.9571782,1
1.0,0.9668648,1
1.0,0.95839566,1
1.0,0.9045916,1
1.0,0.9013988,1
1.0,0.9567463,1
0.0,0.16430114,1
1.0,0.88765895,1
0.0,0.4091059,1
0.0,0.14182319,1
0.0,0.30278865,1
0.0,0.1273654,1
1.0,0.9060366,1
1.0,0.8096478,1
1.0,0.5062096,1
1.0,0.7066581,1
1.0,0.92846686,1
0.0,0.037842445,0
0.0,0.036267657,0
0.0,0.034578912,0
0.0,0.033616588,0
0.0,0.109284885,0
0.0,0.04340019,0
0.0,0.03998055,0
0.0,0.039489973,0
0.0,0.034226786,0
0.0,0.0351943,0
0.0,0.03355796,0
0.0,0.037738517,0
0.0,0.04461294,0
0.0,0.033770908,0
1.0,0.67975277,0
0.0,0.046893224,0
0.0,0.037016094,0
0.0,0.042684346,0
0.0,0.03562621,0
0.0,0.079346016,0
0.0,0.03938935,0
0.0,0.03607141,0
0.0,0.03426905,0
0.0,0.034641616,0
0.0,0.04725448,0
0.0,0.03826569,0
0.0,0.037110485,0
0.0,0.038283207,0
0.0,0.047047105,0
0.0,0.34421727,0
0.0,0.052095223,0
0.0,0.034052175,0
0.0,0.036916725,0
0.0,0.034643132,0
0.0,0.05406874,0
0.0,0.035113137,0
0.0,0.033576664,0
0.0,0.035686694,0
0.0,0.06448554,0
0.0,0.08427462,0
0.0,0.037098203,0
0.0,0.056393787,0
0.0,0.124509595,0
0.0,0.037004758,0
0.0,0.111731835,0
0.0,0.038409956,0
0.0,0.07981751,0
0.0,0.034477875,0
0.0,0.033987157,0
0.0,0.04216402,0
0.0,0.03315494,0
0.0,0.033711918,0
0.0,0.034579266,0
0.0,0.058590755,0
0.0,0.034865096,0
0.0,0.0329802,0
0.0,0.050299466,0
0.0,0.03644057,0
0.0,0.057043307,0
0.0,0.039838556,0
0.0,0.03470323,0
1.0,0.6405452,0
0.0,0.035584494,0
0.0,0.03936143,0
0.0,0.035383567,0
0.0,0.03428077,0
0.0,0.03623141,0
0.0,0.03881958,0
0.0,0.07561013,0
0.0,0.03348984,0
0.0,0.034730535,0
0.0,0.03640991,0
0.0,0.03459115,0
0.0,0.105859615,0
0.0,0.034596585,0
1.0,0.5746174,0
0.0,0.035554845,0
0.0,0.034071673,0
0.0,0.04272861,0
1.0,0.5206061,0
0.0,0.05925676,0
0.0,0.038465917,0
0.0,0.037123606,0
0.0,0.03495775,0
0.0,0.05138492,0
0.0,0.03567791,0
0.0,0.11445031,0
0.0,0.036040694,0
0.0,0.24554844,0
0.0,0.03696837,0
0.0,0.035938002,0
0.0,0.03417983,0
0.0,0.038401205,0
0.0,0.041520793,0
0.0,0.03658733,0
0.0,0.09779827,0
0.0,0.041013196,0
0.0,0.035814524,0
0.0,0.09178963,0
0.0,0.041809455,0
0.0,0.10214248,0
0.0,0.03580562,0
0.0,0.03862635,0
0.0,0.047498986,0
0.0,0.045334015,0
0.0,0.038420103,0
0.0,0.04072365,0
0.0,0.034159295,0
0.0,0.052400485,0
0.0,0.039700586,0
0.0,0.04733535,0
0.0,0.035365347,0
0.0,0.03797885,0
0.0,0.038695693,0
0.0,0.06197515,0
0.0,0.03619002,0
0.0,0.03897271,0
0.0,0.06018762,0
0.0,0.08150301,0
0.0,0.03732357,0
0.0,0.03557622,0
0.0,0.03418074,0
0.0,0.048695784,0
0.0,0.03363311,0
0.0,0.036280118,0
0.0,0.03697564,0
0.0,0.035998195,0
0.0,0.036629077,0
0.0,0.042269215,0
0.0,0.03621602,0
0.0,0.035141688,0
0.0,0.07769703,0
0.0,0.039146625,0
0.0,0.03775388,0
0.0,0.034136835,0
0.0,0.03732812,0
0.0,0.20342647,0
0.0,0.034428827,0
0.0,0.035785887,0
0.0,0.034359515,0
0.0,0.034892384,0
0.0,0.03455356,0
0.0,0.040294424,0
0.0,0.037549824,0
0.0,0.035834737,0
0.0,0.03568043,0
0.0,0.033447955,0
0.0,0.033831876,0
0.0,0.037125353,0
0.0,0.04252338,0
0.0,0.035805814,0
0.0,0.042225685,0
0.0,0.03959812,0
0.0,0.03408161,0
0.0,0.03485013,0
0.0,0.036948934,0
0.0,0.03577781,0
0.0,0.041991558,0
0.0,0.039894212,0
0.0,0.036100738,0
0.0,0.0340609,0
0.0,0.057226844,0
0.0,0.0476219,0
0.0,0.037401065,0
0.0,0.036699716,0
0.0,0.033552438,0
0.0,0.03386066,0
0.0,0.07981622,0
0.0,0.052868303,0
0.0,0.05189163,0
0.0,0.040021718,0
0.0,0.0395886,0
0.0,0.034522127,0
0.0,0.10179796,0
0.0,0.036381364,0
0.0,0.13738412,0
0.0,0.03429192,0
0.0,0.035313413,0
0.0,0.038641904,0
0.0,0.045455575,0
0.0,0.037705462,0
0.0,0.07731104,0
0.0,0.03380245,0
0.0,0.03771184,0
0.0,0.03640258,0
0.0,0.034352846,0
0.0,0.041882418,0
0.0,0.03979658,0
0.0,0.04145532,0
0.0,0.035278343,0
0.0,0.037920892,0
0.0,0.056018706,0
0.0,0.099405564,0
0.0,0.0336576,0
0.0,0.03962089,0
0.0,0.043411937,0
0.0,0.038595244,0
0.0,0.042183697,0
0.0,0.06897485,0
0.0,0.04195255,0
0.0,0.04292768,0
1.0,0.9617957,0
0.0,0.037144814,0
0.0,0.035540327,0
0.0,0.038565334,0
0.0,0.035045233,0
0.0,0.034452487,0
0.0,0.033779077,0
0.0,0.052945204,0
0.0,0.03714509,0
0.0,0.035901092,0
0.0,0.037530307,0
0.0,0.0354553,0
0.0,0.034576695,0
0.0,0.19254434,0
0.0,0.034049008,0
0.0,0.034773327,0
0.0,0.067257866,0
0.0,0.048801884,0
0.0,0.033404484,0
0.0,0.040029146,0
0.0,0.04186542,0
0.0,0.038450487,0
0.0,0.035277937,0
0.0,0.039663516,0
0.0,0.04255789,0
0.0,0.037819397,0
0.0,0.033116393,0
0.0,0.040704753,0
0.0,0.034501977,0
0.0,0.04010916,0
0.0,0.03870725,0
0.0,0.034362484,0
0.0,0.035753928,0
0.0,0.033938378,0
0.0,0.034680087,0
0.0,0.035209667,0
0.0,0.034514926,0
0.0,0.04671707,0
0.0,0.043584578,0
0.0,0.03503028,0
0.0,0.038449105,0
0.0,0.038646117,0
0.0,0.037539944,0
0.0,0.03696163,0
0.0,0.035454903,0
0.0,0.034614917,0
0.0,0.035982534,0
0.0,0.038913876,0
0.0,0.15577237,0
0.0,0.034520287,0
0.0,0.036752,0
0.0,0.034576282,0
0.0,0.045088984,0
0.0,0.038674768,0
0.0,0.03754313,0
0.0,0.03664671,0
0.0,0.04017003,0
0.0,0.037268933,0
0.0,0.08160009,0
0.0,0.08876225,0
0.0,0.054881703,0
0.0,0.038133036,0
0.0,0.036498655,0
0.0,0.040720183,0
0.0,0.034454685,0
0.0,0.03489353,0
0.0,0.03434338,0
0.0,0.068644635,0
0.0,0.037623756,0
0.0,0.035276458,0
0.0,0.033280935,0
0.0,0.036888413,0
0.0,0.0404505,0
0.0,0.036453605,0
1.0,0.95462245,1
1.0,0.94851756,1
0.0,0.26267508,1
1.0,0.86493987,1
0.0,0.28258023,1
1.0,0.94212186,1
1.0,0.9636766,1
1.0,0.9596807,1
1.0,0.9557683,1
1.0,0.94200987,1
1.0,0.858879,1
1.0,0.90627235,1
1.0,0.91801226,1
1.0,0.8982345,1
1.0,0.92527777,1
1.0,0.9401711,1
1.0,0.86175025,1
1.0,0.8976931,1
1.0,0.9333539,1
1.0,0.9400892,1
1.0,0.9344158,1
1.0,0.9513499,1
1.0,0.95832646,1
1.0,0.9438968,1
1.0,0.8617695,1
1.0,0.9109713,1
1.0,0.9457072,1
1.0,0.9081568,1
1.0,0.9551889,1
1.0,0.94256425,1
0.0,0.41762492,1
1.0,0.9322588,1
1.0,0.79706603,1
1.0,0.93244123,1
1.0,0.9531382,1
1.0,0.94295335,1
1.0,0.9458159,1
1.0,0.92419,1
1.0,0.552369,1
0.0,0.07466009,1
0.0,0.23179117,1
1.0,0.5336554,1
1.0,0.6057807,1
1.0,0.9625666,1
1.0,0.9576487,1
1.0,0.9062587,1
0.0,0.36424562,1
1.0,0.63847667,1
1.0,0.5571402,1
1.0,0.91406995,1
1.0,0.9040023,1
1.0,0.95787615,1
1.0,0.87000227,1
1.0,0.96529585,1
1.0,0.96536016,1
1.0,0.96354264,1
1.0,0.96702796,1
1.0,0.95248187,1
1.0,0.9599835,1
1.0,0.96016574,1
1.0,0.9619274,1
1.0,0.8266354,1
0.0,0.4912821,1
1.0,0.58458024,1
1.0,0.8524981,1
1.0,0.5297199,1
1.0,0.8465548,1
1.0,0.94016796,1
1.0,0.85285705,1
1.0,0.9579428,1
1.0,0.93648183,1
1.0,0.94924533,1
1.0,0.96479565,1
1.0,0.9488835,1
1.0,0.957054,1
1.0,0.9667909,1
1.0,0.9656168,1
0.0,0.27620453,1
0.0,0.06259147,1
1.0,0.8836835,1
1.0,0.8387795,1
0.0,0.12554216,1
1.0,0.9602168,1
1.0,0.9123176,1
1.0,0.9411083,1
1.0,0.94781506,1
1.0,0.9591179,1
1.0,0.8487386,1
1.0,0.87852764,1
1.0,0.84625614,1
1.0,0.94054323,1
1.0,0.9276632,1
1.0,0.9643498,1
1.0,0.92358273,1
1.0,0.93671584,1
1.0,0.8345346,1
1.0,0.5405201,1
1.0,0.9600352,1
1.0,0.956584,1
1.0,0.81867164,1
1.0,0.5573028,1
0.0,0.14436382,1
0.0,0.06063889,1
1.0,0.9449717,1
0.0,0.43084443,1
1.0,0.5623976,1
0.0,0.07726388,1
0.0,0.38018182,1
1.0,0.96265924,1
1.0,0.9253338,1
0.0,0.40120968,1
1.0,0.9475532,1
1.0,0.86008656,1
0.0,0.4031302,1
0.0,0.4031302,1
0.0,0.4031302,1
0.0,0.4031302,1
1.0,0.58879524,1
1.0,0.5815954,1
1.0,0.7028804,1
1.0,0.70281625,1
1.0,0.91185766,1
1.0,0.9499945,1
1.0,0.9097858,1
1.0,0.871316,1
1.0,0.9539119,1
1.0,0.8767725,1
1.0,0.94093746,1
1.0,0.93313986,1
1.0,0.6321529,1
0.0,0.080262765,1
0.0,0.4630432,1
0.0,0.40019408,1
1.0,0.5444099,1
1.0,0.8703127,1
1.0,0.8387851,1
1.0,0.5007215,1
1.0,0.9665427,1
1.0,0.9662752,1
1.0,0.96210456,1
1.0,0.7668888,1
1.0,0.9267241,1
1.0,0.5280244,1
0.0,0.43551293,1
0.0,0.3636739,1
0.0,0.10368342,1
1.0,0.7226605,1
1.0,0.5280071,1
0.0,0.312942,1
0.0,0.4380948,1
0.0,0.46996346,1
0.0,0.2959048,1
1.0,0.80253804,1
1.0,0.6861576,1
1.0,0.7317799,1
0.0,0.076079205,1
1.0,0.9676886,1
1.0,0.9684531,1
1.0,0.9690129,1
1.0,0.95400846,1
1.0,0.9514058,1
1.0,0.7771816,1
1.0,0.93156636,1
1.0,0.96690035,1
1.0,0.9597639,1
1.0,0.96520483,1
1.0,0.9673603,1
1.0,0.9655297,1
1.0,0.9603915,1
1.0,0.96512115,1
1.0,0.9638737,1
1.0,0.96513647,1
1.0,0.96110576,1
1.0,0.959935,1
1.0,0.9677468,1
1.0,0.9607982,1
1.0,0.9679959,1
1.0,0.9658454,1
0.0,0.11572633,1
1.0,0.93602467,1
1.0,0.72550213,1
1.0,0.88365716,1
1.0,0.951476,1
1.0,0.69620055,1
1.0,0.75665545,1
1.0,0.6205854,1
1.0,0.9657624,1
1.0,0.96416646,1
1.0,0.96420413,1
1.0,0.95764846,1
1.0,0.9198016,1
1.0,0.95375377,1
1.0,0.9370237,1
1.0,0.9500286,1
1.0,0.95297694,1
1.0,0.53027505,1
1.0,0.96402186,1
1.0,0.94778883,1
1.0,0.93203264,1
1.0,0.9668218,1
1.0,0.96466863,1
1.0,0.9636404,1
1.0,0.9324377,1
1.0,0.9432746,1
1.0,0.8411535,1
1.0,0.94972074,1
1.0,0.90734357,1
1.0,0.942785,1
1.0,0.89176255,1
1.0,0.8652488,1
1.0,0.9499321,1
1.0,0.95917976,1
1.0,0.9620889,1
1.0,0.95156956,1
1.0,0.78084415,1
0.0,0.2254485,1
1.0,0.8917526,1
1.0,0.96601915,1
1.0,0.9369989,1
1.0,0.7421271,1
1.0,0.94884783,1
1.0,0.9435108,1
1.0,0.95178646,1
1.0,0.9317426,1
1.0,0.95886946,1
1.0,0.9355602,1
1.0,0.9622168,1
1.0,0.84680605,1
1.0,0.9324202,1
1.0,0.89507884,1
0.0,0.48531464,1
1.0,0.95164675,1
1.0,0.6649085,1
1.0,0.8370242,1
1.0,0.6777815,1
1.0,0.8688699,1
1.0,0.54964304,1
0.0,0.48815656,1
1.0,0.80926675,1
1.0,0.67851573,1
1.0,0.70273936,1
1.0,0.68083733,1
1.0,0.56322646,1
1.0,0.55819404,1
1.0,0.9643446,1
1.0,0.9539137,1
1.0,0.96386456,1
1.0,0.9581258,1
1.0,0.9555719,1
1.0,0.95346445,1
1.0,0.9612954,1
1.0,0.801906,1
1.0,0.8779729,1
1.0,0.9451236,1
1.0,0.9504735,1
1.0,0.9020333,1
1.0,0.8249912,1
0.0,0.40543085,1
1.0,0.89948624,1
1.0,0.921915,1
1.0,0.93788284,1
1.0,0.92550033,1
1.0,0.6531301,1
1.0,0.8121206,1
1.0,0.9155461,1
1.0,0.9571913,1
1.0,0.9489218,1
1.0,0.7187801,1
1.0,0.88766176,1
1.0,0.8679489,1
1.0,0.9238323,1
0.0,0.2991068,1
0.0,0.22203374,1
1.0,0.76411766,1
1.0,0.71325153,1
1.0,0.5347585,1
1.0,0.7503475,1
1.0,0.622373,1
0.0,0.2339639,1
0.0,0.19721393,1
0.0,0.07033312,1
1.0,0.6817069,1
1.0,0.7556185,1
0.0,0.2115703,1
0.0,0.2960347,1
1.0,0.9647574,1
1.0,0.9582812,1
1.0,0.86569136,1
1.0,0.935906,1
1.0,0.95425785,1
1.0,0.6488161,1
1.0,0.964525,1
1.0,0.9624491,1
1.0,0.75167865,1
1.0,0.9178771,1
1.0,0.9006692,1
1.0,0.9320259,1
1.0,0.9523279,1
1.0,0.9267579,1
1.0,0.90822387,1
1.0,0.5300147,1
0.0,0.17604241,1
0.0,0.03701646,1
0.0,0.4031302,1
1.0,0.5934135,1
1.0,0.65026903,1
1.0,0.7276818,1
0.0,0.39206603,1
1.0,0.9247503,1
1.0,0.6225274,1
0.0,0.068380825,1
1.0,0.9516123,1
0.0,0.28317934,1
1.0,0.95052606,1
1.0,0.944407,1
1.0,0.83410805,1
1.0,0.95260906,1
1.0,0.93805987,1
1.0,0.8460937,1
1.0,0.93406636,1
1.0,0.8966654,1
1.0,0.8471941,1
1.0,0.9331508,1
1.0,0.6486845,1
1.0,0.7379453,1
1.0,0.8082452,1
1.0,0.9577518,1
0.0,0.0460847,1
0.0,0.17654231,1
1.0,0.7086942,1
0.0,0.4408747,1
0.0,0.13242944,1
0.0,0.3421502,1
0.0,0.0831044,1
0.0,0.03783925,1
0.0,0.080955625,1
0.0,0.038863167,0
0.0,0.045295496,0
0.0,0.045566134,0
0.0,0.036605354,0
0.0,0.03451188,0
0.0,0.034752212,0
0.0,0.1559717,0
0.0,0.037905775,0
0.0,0.036064,0
0.0,0.03749351,0
0.0,0.035314344,0
0.0,0.034180976,0
0.0,0.12996744,0
0.0,0.038351357,0
0.0,0.059553057,0
0.0,0.04372631,0
0.0,0.036128707,0
0.0,0.038734484,0
0.0,0.048500605,0
0.0,0.03419995,0
0.0,0.034073744,0
0.0,0.03560652,0
0.0,0.03494077,0
0.0,0.03619659,0
0.0,0.037079886,0
0.0,0.04422391,0
0.0,0.03762985,0
0.0,0.038642596,0
0.0,0.35828638,0
0.0,0.04633959,0
0.0,0.037171602,0
0.0,0.03661977,0
1.0,0.5626286,0
0.0,0.036214948,0
0.0,0.037477862,0
0.0,0.034479972,0
0.0,0.038784914,0
0.0,0.041530315,0
0.0,0.03381477,0
0.0,0.034819856,0
0.0,0.03626362,0
0.0,0.033616494,0
0.0,0.036008693,0
0.0,0.03528401,0
0.0,0.037110295,0
0.0,0.042616516,0
0.0,0.036623515,0
0.0,0.13561855,0
0.0,0.03699262,0
0.0,0.034269616,0
0.0,0.03378849,0
0.0,0.044329185,0
0.0,0.03825246,0
0.0,0.035761278,0
0.0,0.037177745,0
0.0,0.042680204,0
0.0,0.03513069,0
0.0,0.034813974,0
0.0,0.03453245,0
0.0,0.044913393,0
0.0,0.03764412,0
0.0,0.06486247,0
0.0,0.052580435,0
0.0,0.034003686,0
0.0,0.06677395,0
0.0,0.035130035,0
0.0,0.037905954,0
0.0,0.038313918,0
0.0,0.039828178,0
0.0,0.044415552,0
0.0,0.035942636,0
0.0,0.16905427,0
1.0,0.6269864,0
0.0,0.036610294,0
0.0,0.11036219,0
0.0,0.03443723,0
0.0,0.034030065,0
0.0,0.03417013,0
0.0,0.033417962,0
0.0,0.03876788,0
0.0,0.038554363,0
0.0,0.034760613,0
0.0,0.03589628,0
0.0,0.037583105,0
0.0,0.05132621,0
0.0,0.08325028,0
0.0,0.17680481,0
0.0,0.03376725,0
0.0,0.039552663,0
0.0,0.09382156,0
0.0,0.03356204,0
0.0,0.1097,0
0.0,0.039403718,0
0.0,0.03749892,0
0.0,0.037004508,0
0.0,0.037448835,0
0.0,0.038448796,0
0.0,0.03857225,0
0.0,0.03482534,0
0.0,0.061044425,0
0.0,0.034070995,0
0.0,0.036046844,0
0.0,0.035910238,0
0.0,0.035775077,0
0.0,0.037337817,0
0.0,0.032996748,0
0.0,0.04883436,0
0.0,0.035679303,0
0.0,0.04496231,0
1.0,0.7527161,0
0.0,0.035739798,0
0.0,0.03693595,0
0.0,0.035357084,0
0.0,0.05749829,0
0.0,0.049874358,0
0.0,0.033515703,0
0.0,0.03718444,0
0.0,0.03429671,0
0.0,0.039021786,0
0.0,0.036947,0
0.0,0.035021503,0
0.0,0.035761982,0
0.0,0.034334067,0
0.0,0.034269616,0
0.0,0.034345116,0
0.0,0.036118094,0
0.0,0.047551125,0
0.0,0.20997036,0
0.0,0.033869304,0
0.0,0.041966055,0
0.0,0.03781081,0
0.0,0.03876046,0
0.0,0.042200547,0
0.0,0.04405687,0
0.0,0.0639182,0
0.0,0.035798628,0
0.0,0.033212665,0
0.0,0.03867481,0
0.0,0.035368375,0
0.0,0.03508691,0
0.0,0.4031302,0
0.0,0.037342656,0
0.0,0.035382435,0
0.0,0.044022683,0
0.0,0.03364411,0
0.0,0.033326425,0
0.0,0.03682749,0
0.0,0.034816135,0
0.0,0.035302967,0
0.0,0.036551822,0
0.0,0.036849074,0
0.0,0.03566166,0
0.0,0.036354467,0
0.0,0.033622958,0
0.0,0.054621816,0
0.0,0.17535293,0
0.0,0.08464703,0
0.0,0.23455428,0
0.0,0.03432385,0
0.0,0.16591722,0
0.0,0.033475272,0
0.0,0.036896948,0
0.0,0.035868935,0
0.0,0.033723406,0
0.0,0.1758988,0
0.0,0.20765178,0
0.0,0.051523063,0
0.0,0.03713086,0
0.0,0.035694502,0
0.0,0.034487527,0
0.0,0.054922238,0
0.0,0.035423778,0
0.0,0.03466813,0
0.0,0.035116013,0
0.0,0.035968337,0
0.0,0.039378762,0
0.0,0.038051426,0
0.0,0.041978188,0
0.0,0.040585462,0
0.0,0.03338919,0
0.0,0.035083212,0
0.0,0.13806328,0
0.0,0.03892105,0
0.0,0.08356653,0
0.0,0.040706635,0
0.0,0.03367696,0
0.0,0.40343735,0
0.0,0.037257344,0
0.0,0.08534698,0
0.0,0.04051841,0
0.0,0.08979034,0
0.0,0.034689266,0
0.0,0.033067286,0
0.0,0.33938473,0
0.0,0.040127948,0
0.0,0.03515306,0
0.0,0.03490439,0
0.0,0.037276544,0
0.0,0.040289424,0
0.0,0.042282566,0
0.0,0.0506683,0
0.0,0.033801597,0
0.0,0.038800467,0
0.0,0.033977393,0
0.0,0.035191793,0
0.0,0.03634676,0
0.0,0.03491294,0
0.0,0.2949392,0
0.0,0.03671456,0
0.0,0.035482433,0
0.0,0.040145546,0
0.0,0.03923608,0
0.0,0.17602554,0
0.0,0.035118014,0
0.0,0.03427633,0
0.0,0.041321337,0
0.0,0.03731685,0
0.0,0.03708444,0
1.0,0.6473864,0
0.0,0.033572074,0
0.0,0.040577915,0
0.0,0.036395263,0
0.0,0.03423445,0
0.0,0.033575848,0
0.0,0.03846164,0
0.0,0.037276436,0
0.0,0.03486383,0
0.0,0.035456527,0
0.0,0.041153893,0
0.0,0.04161,0
0.0,0.04921069,0
0.0,0.036378186,0
0.0,0.03708255,0
0.0,0.04109832,0
0.0,0.06023718,0
0.0,0.034421835,0
0.0,0.038834114,0
0.0,0.47680035,0
0.0,0.037272677,0
0.0,0.038581006,0
0.0,0.08572075,0
0.0,0.03800926,0
0.0,0.036670614,0
0.0,0.04123058,0
0.0,0.041002147,0
0.0,0.048064023,0
0.0,0.03495723,0
0.0,0.039756376,0
0.0,0.033821773,0
0.0,0.033249807,0
0.0,0.03603451,0
0.0,0.04252225,0
0.0,0.034471303,0
0.0,0.033733018,0
0.0,0.048199847,0
0.0,0.037619717,0
0.0,0.06789998,0
0.0,0.19871663,0
0.0,0.04270442,0
0.0,0.03583332,0
0.0,0.04480454,0
0.0,0.040789943,0
0.0,0.037641425,0
0.0,0.037136137,0
0.0,0.052831892,0
0.0,0.03449672,0
0.0,0.03770811,0
0.0,0.051239375,0
0.0,0.032822423,0
0.0,0.036509197,0
0.0,0.03430257,0
0.0,0.034298677,0
0.0,0.035785057,0
0.0,0.033045538,0
0.0,0.054835714,0
0.0,0.037329923,0
0.0,0.03509385,0
0.0,0.03599755,0
0.0,0.06411265,0
0.0,0.033584263,0
1.0,0.86860245,0
0.0,0.033600923,0
0.0,0.0407348,0
0.0,0.06444657,0
0.0,0.03325846,0
0.0,0.03326443,0
0.0,0.037360586,0
0.0,0.033044938,0
0.0,0.036047813,0
0.0,0.035270408,0
0.0,0.19690557,0
0.0,0.06274891,0
0.0,0.035863288,0
0.0,0.035013095,0
0.0,0.042466436,0
0.0,0.03475655,0
0.0,0.037212223,0
0.0,0.038288616,0
0.0,0.03740515,0
0.0,0.033560373,0
0.0,0.03942298,0
0.0,0.037164245,0
0.0,0.053971082,0
0.0,0.3478058,0
0.0,0.04040817,0
0.0,0.036891017,0
0.0,0.036375977,0
0.0,0.044213515,0
0.0,0.03306524,0
0.0,0.033687122,0
0.0,0.033924513,0
0.0,0.0373237,0
0.0,0.03578457,0
0.0,0.03500559,0
0.0,0.035929393,0
0.0,0.037775718,0
0.0,0.03364642,0
0.0,0.040645234,0
0.0,0.048338484,0
0.0,0.03976934,0
1.0,0.93261886,1
1.0,0.931474,1
1.0,0.7174601,1
1.0,0.96469325,1
0.0,0.43882683,1
1.0,0.8725916,1
1.0,0.95130754,1
1.0,0.8456122,1
1.0,0.9292226,1
1.0,0.9072992,1
1.0,0.84405977,1
1.0,0.91724426,1
1.0,0.54383445,1
1.0,0.8799136,1
1.0,0.59464955,1
0.0,0.39354092,1
1.0,0.730911,1
1.0,0.92751837,1
1.0,0.6236598,1
0.0,0.2379491,1
0.0,0.06643138,1
1.0,0.9503603,1
1.0,0.9352597,1
1.0,0.9547009,1
0.0,0.08522171,1
0.0,0.16860113,1
1.0,0.8199485,1
1.0,0.5658816,1
1.0,0.5312382,1
0.0,0.41187364,1
1.0,0.9138438,1
1.0,0.8169865,1
1.0,0.88478166,1
1.0,0.94991624,1
1.0,0.94151855,1
1.0,0.9256485,1
1.0,0.9528471,1
1.0,0.96042585,1
1.0,0.9597201,1
1.0,0.90666735,1
1.0,0.95376277,1
1.0,0.9463292,1
1.0,0.94793624,1
1.0,0.74732685,1
1.0,0.9021219,1
0.0,0.37643763,1
1.0,0.8536495,1
1.0,0.94371444,1
1.0,0.94110066,1
1.0,0.9642496,1
1.0,0.65728575,1
1.0,0.6874191,1
1.0,0.9417466,1
1.0,0.9034957,1
0.0,0.3065813,1
1.0,0.79064953,1
0.0,0.1103139,1
1.0,0.7030617,1
1.0,0.8490016,1
1.0,0.8146435,1
1.0,0.9149422,1
0.0,0.4422756,1
1.0,0.55997264,1
1.0,0.7112447,1
1.0,0.9573557,1
1.0,0.9161332,1
1.0,0.9152118,1
1.0,0.5111157,1
1.0,0.65472424,1
0.0,0.3633227,1
0.0,0.20740707,1
0.0,0.31600422,1
1.0,0.8298269,1
1.0,0.8853495,1
1.0,0.90433997,1
0.0,0.26568878,1
0.0,0.16273113,1
0.0,0.4887558,1
0.0,0.45262435,1
0.0,0.26285303,1
1.0,0.9455259,1
1.0,0.8232705,1
0.0,0.46586546,1
0.0,0.06236516,1
1.0,0.53488404,1
0.0,0.049468603,1
1.0,0.9447284,1
1.0,0.9600329,1
1.0,0.9595671,1
1.0,0.96094835,1
1.0,0.96449304,1
1.0,0.96238935,1
1.0,0.9557823,1
1.0,0.9636545,1
1.0,0.96339935,1
1.0,0.9659515,1
1.0,0.8641249,1
1.0,0.75410336,1
1.0,0.8158079,1
1.0,0.83053887,1
1.0,0.9619717,1
0.0,0.46630535,1
0.0,0.29820997,1
0.0,0.4073098,1
0.0,0.49652547,1
1.0,0.78434366,1
0.0,0.27388132,1
0.0,0.39514053,1
1.0,0.7296941,1
1.0,0.6065411,1
0.0,0.055733107,1
0.0,0.05921918,1
0.0,0.35312188,1
1.0,0.70072895,1
0.0,0.23551516,1
1.0,0.6463757,1
1.0,0.8430056,1
1.0,0.9260419,1
0.0,0.13869767,1
1.0,0.8503418,1
1.0,0.86643857,1
1.0,0.7150894,1
1.0,0.96233356,1
1.0,0.8964794,1
1.0,0.9453773,1
1.0,0.9468996,1
0.0,0.12658675,1
0.0,0.0821653,1
0.0,0.23364347,1
0.0,0.45375416,1
1.0,0.8236938,1
0.0,0.3797043,1
0.0,0.20602793,1
1.0,0.73751444,1
1.0,0.5361903,1
1.0,0.6637683,1
1.0,0.9067842,1
1.0,0.87907195,1
0.0,0.09790249,1
1.0,0.76322323,1
1.0,0.714456,1
1.0,0.5994934,1
1.0,0.8983953,1
1.0,0.9040734,1
0.0,0.07348717,1
1.0,0.87121314,1
1.0,0.9627889,1
1.0,0.9657155,1
1.0,0.9639541,1
1.0,0.9632771,1
1.0,0.9601999,1
1.0,0.95289165,1
1.0,0.9435148,1
0.0,0.4031302,1
0.0,0.4031302,1
0.0,0.4031302,1
0.0,0.4031302,1
0.0,0.4031302,1
0.0,0.4031302,1
0.0,0.4031302,1
0.0,0.4031302,1
0.0,0.4031302,1
0.0,0.4031302,1
0.0,0.4031302,1
0.0,0.4031302,1
0.0,0.4031302,1
0.0,0.4031302,1
0.0,0.4031302,1
0.0,0.4031302,1
0.0,0.4031302,1
0.0,0.4031302,1
1.0,0.8294198,1
0.0,0.13057183,1
1.0,0.8458983,1
0.0,0.072043836,1
0.0,0.07018223,1
1.0,0.8534623,1
1.0,0.9362454,1
1.0,0.9111266,1
1.0,0.8079722,1
1.0,0.786135,1
0.0,0.1008151,1
1.0,0.6536517,1
1.0,0.54543823,1
1.0,0.93362546,1
1.0,0.9254259,1
1.0,0.9285263,1
0.0,0.4031302,1
0.0,0.4031302,1
0.0,0.4031302,1
0.0,0.4031302,1
0.0,0.4031302,1
0.0,0.4031302,1
0.0,0.07855266,1
1.0,0.9404016,1
1.0,0.5326741,1
1.0,0.9017291,1
1.0,0.92563766,1
1.0,0.9088563,1
1.0,0.9595497,1
1.0,0.9529101,1
1.0,0.9632873,1
1.0,0.9595713,1
1.0,0.9505461,1
1.0,0.8815018,1
1.0,0.9067898,1
1.0,0.84924763,1
1.0,0.6972699,1
1.0,0.94561017,1
1.0,0.67222244,1
1.0,0.7793792,1
1.0,0.956328,1
1.0,0.95340693,1
0.0,0.30391228,1
1.0,0.9457971,1
1.0,0.8793277,1
1.0,0.79760736,1
1.0,0.91566896,1
1.0,0.7521547,1
1.0,0.5039732,1
1.0,0.6802197,1
1.0,0.8621162,1
1.0,0.8177315,1
1.0,0.9324388,1
1.0,0.951002,1
1.0,0.9555206,1
1.0,0.9372802,1
1.0,0.5956099,1
1.0,0.96239775,1
1.0,0.9112962,1
1.0,0.9373493,1
1.0,0.9471169,1
1.0,0.91433734,1
1.0,0.96431524,1
1.0,0.9654256,1
1.0,0.9061331,1
1.0,0.9486798,1
1.0,0.96345335,1
1.0,0.9653044,1
1.0,0.9190842,1
1.0,0.95768195,1
1.0,0.95710355,1
1.0,0.9585792,1
1.0,0.9593381,1
1.0,0.9536768,1
1.0,0.9527355,1
1.0,0.96046996,1
1.0,0.96438426,1
1.0,0.9662112,1
1.0,0.9676615,1
1.0,0.9646989,1
1.0,0.9685477,1
1.0,0.8573047,1
1.0,0.776932,1
1.0,0.9413032,1
1.0,0.8596536,1
0.0,0.22690013,1
1.0,0.9235734,1
1.0,0.9342531,1
1.0,0.6719117,1
1.0,0.8198793,1
1.0,0.77156276,1
1.0,0.93272245,1
0.0,0.31520984,1
1.0,0.80408555,1
1.0,0.51936996,1
1.0,0.57123643,1
1.0,0.53169566,1
1.0,0.70680743,1
1.0,0.9491776,1
0.0,0.17022076,1
1.0,0.53920835,1
1.0,0.59670466,1
1.0,0.8434432,1
1.0,0.7697627,1
1.0,0.79801345,1
1.0,0.71628994,1
1.0,0.93786556,1
1.0,0.7375336,1
1.0,0.9094192,1
1.0,0.8807016,1
1.0,0.9259263,1
1.0,0.95095056,1
1.0,0.94466436,1
1.0,0.9474159,1
1.0,0.9313956,1
1.0,0.9542278,1
1.0,0.9460009,1
0.0,0.33245948,1
1.0,0.9426129,1
1.0,0.7202015,1
0.0,0.3950279,1
1.0,0.8947709,1
1.0,0.5706965,1
0.0,0.077241056,1
1.0,0.964919,1
1.0,0.92855614,1
1.0,0.9138281,1
1.0,0.52547705,1
0.0,0.3583913,1
0.0,0.3828352,1
1.0,0.8760424,1
1.0,0.764826,1
1.0,0.54416454,1
1.0,0.8576285,1
0.0,0.4429911,1
1.0,0.5372257,1
1.0,0.7904695,1
1.0,0.9343404,1
1.0,0.94863474,1
1.0,0.86482066,1
1.0,0.8898501,1
1.0,0.9189659,1
1.0,0.90957516,1
1.0,0.8868972,1
1.0,0.9579893,1
1.0,0.93743974,1
0.0,0.48758507,1
1.0,0.96218646,1
1.0,0.81830627,1
0.0,0.12346504,1
1.0,0.920136,1
1.0,0.9360319,1
1.0,0.58950984,1
0.0,0.27863267,1
0.0,0.0968269,1
1.0,0.8561321,1
1.0,0.55833054,1
1.0,0.61843294,1
1.0,0.9419799,1
1.0,0.87626934,1
1.0,0.5700268,1
1.0,0.6561253,1
1.0,0.9300711,1
1.0,0.9392921,1
1.0,0.9582354,1
1.0,0.9151605,1
1.0,0.9577495,1
1.0,0.9335557,1
1.0,0.9437994,1
1.0,0.95720917,1
1.0,0.80572796,1
1.0,0.9318965,1
1.0,0.82496476,1
1.0,0.89182484,1
0.0,0.43455616,1
1.0,0.9462771,1
0.0,0.057808757,1
1.0,0.7682295,1
0.0,0.32385525,1
0.0,0.28963026,1
0.0,0.034250703,0
0.0,0.034899384,0
0.0,0.035259698,0
0.0,0.035341006,0
0.0,0.033777997,0
0.0,0.035207994,0
0.0,0.040407926,0
0.0,0.0346462,0
0.0,0.04343586,0
0.0,0.035137586,0
0.0,0.05440654,0
0.0,0.036824096,0
0.0,0.036662173,0
0.0,0.03670302,0
0.0,0.033784386,0
0.0,0.051128823,0
0.0,0.06469191,0
0.0,0.04068592,0
0.0,0.036967777,0
0.0,0.0337916,0
0.0,0.043104783,0
0.0,0.036239702,0
0.0,0.03931297,0
0.0,0.035290338,0
0.0,0.05814209,0
0.0,0.055357862,0
0.0,0.18611565,0
0.0,0.0423241,0
0.0,0.036101054,0
0.0,0.041618958,0
0.0,0.15344277,0
0.0,0.03511918,0
0.0,0.03382309,0
0.0,0.035444833,0
0.0,0.4031302,0
0.0,0.040492654,0
0.0,0.036962215,0
0.0,0.034460507,0
0.0,0.06398397,0
0.0,0.035121556,0
0.0,0.036237225,0
0.0,0.034416277,0
0.0,0.06314072,0
0.0,0.114762306,0
0.0,0.036632076,0
0.0,0.034377597,0
0.0,0.033510316,0
0.0,0.038645253,0
0.0,0.046183772,0
0.0,0.03540595,0
0.0,0.033869565,0
0.0,0.03481156,0
0.0,0.0359366,0
0.0,0.07058776,0
0.0,0.046373706,0
0.0,0.034575623,0
0.0,0.034489837,0
0.0,0.035508193,0
0.0,0.035512522,0
0.0,0.038621787,0
0.0,0.03452257,0
0.0,0.04442433,0
0.0,0.035380583,0
0.0,0.035582207,0
0.0,0.03939853,0
0.0,0.035509564,0
0.0,0.04587134,0
0.0,0.037090924,0
0.0,0.045263283,0
0.0,0.04081326,0
0.0,0.03412214,0
0.0,0.13324611,0
0.0,0.037570685,0
0.0,0.037183188,0
0.0,0.038421266,0
0.0,0.038301084,0
0.0,0.03638021,0
0.0,0.040946223,0
0.0,0.03670066,0
0.0,0.29102853,0
0.0,0.03332736,0
0.0,0.0417627,0
0.0,0.034632076,0
0.0,0.033109784,0
0.0,0.041854005,0
0.0,0.4031302,0
0.0,0.037899103,0
0.0,0.034515172,0
0.0,0.03723592,0
0.0,0.07835435,0
0.0,0.034107573,0
0.0,0.03378283,0
0.0,0.05051694,0
0.0,0.034432616,0
0.0,0.041447483,0
0.0,0.035438687,0
0.0,0.037769083,0
0.0,0.057911947,0
0.0,0.039880484,0
0.0,0.0370004,0
0.0,0.4031302,0
0.0,0.4031302,0
0.0,0.036550585,0
0.0,0.070098646,0
0.0,0.048563924,0
0.0,0.035379432,0
0.0,0.15324649,0
0.0,0.03690364,0
0.0,0.034735296,0
0.0,0.037201565,0
0.0,0.03478335,0
0.0,0.034009084,0
0.0,0.033718057,0
0.0,0.040661592,0
0.0,0.038121838,0
0.0,0.03586282,0
0.0,0.03317746,0
0.0,0.05265524,0
0.0,0.038846876,0
0.0,0.037004888,0
0.0,0.03686499,0
0.0,0.038589273,0
0.0,0.04174463,0
0.0,0.035725504,0
0.0,0.31918955,0
0.0,0.03650675,0
0.0,0.046337735,0
0.0,0.034899358,0
0.0,0.037629664,0
0.0,0.036599766,0
0.0,0.045494966,0
0.0,0.039468028,0
0.0,0.04180016,0
0.0,0.035230014,0
0.0,0.035580344,0
0.0,0.042567823,0
0.0,0.03644914,0
0.0,0.4031302,0
0.0,0.036859147,0
0.0,0.03796488,0
0.0,0.035167664,0
0.0,0.05388663,0
0.0,0.4031302,0
0.0,0.034738433,0
0.0,0.03481668,0
0.0,0.03697859,0
0.0,0.03738533,0
0.0,0.4031302,0
0.0,0.4031302,0
0.0,0.036196478,0
0.0,0.034935996,0
0.0,0.046082284,0
0.0,0.038578235,0
0.0,0.03400325,0
0.0,0.034887906,0
0.0,0.045018576,0
0.0,0.036703862,0
0.0,0.034666136,0
0.0,0.04805428,0
0.0,0.038425673,0
0.0,0.04296655,0
0.0,0.03383684,0
0.0,0.032660205,0
0.0,0.036191363,0
0.0,0.038143795,0
0.0,0.034482777,0
0.0,0.03425968,0
0.0,0.047282826,0
0.0,0.039722897,0
0.0,0.034416452,0
0.0,0.03858347,0
0.0,0.035576124,0
0.0,0.44909143,0
0.0,0.034819763,0
0.0,0.033426065,0
0.0,0.039260235,0
0.0,0.03973348,0
0.0,0.0349034,0
0.0,0.4031302,0
0.0,0.03364549,0
0.0,0.034289114,0
0.0,0.03562497,0
0.0,0.04498039,0
0.0,0.040281646,0
0.0,0.03635653,0
0.0,0.040995955,0
0.0,0.03644269,0
0.0,0.0342502,0
0.0,0.038514387,0
0.0,0.04958572,0
0.0,0.4031302,0
1.0,0.7154777,0
0.0,0.03891563,0
0.0,0.03637601,0
0.0,0.03433018,0
0.0,0.03561641,0
0.0,0.043877143,0
0.0,0.03703856,0
0.0,0.034786675,0
1.0,0.73928684,0
0.0,0.036891494,0
0.0,0.03420976,0
0.0,0.056109387,0
0.0,0.22577415,0
0.0,0.03558517,0
0.0,0.036199886,0
0.0,0.03981529,0
0.0,0.03927523,0
0.0,0.03313234,0
0.0,0.037033424,0
0.0,0.035970405,0
0.0,0.03772005,0
0.0,0.03567857,0
0.0,0.036296275,0
0.0,0.036022503,0
0.0,0.06362506,0
0.0,0.054649044,0
0.0,0.055852376,0
0.0,0.049693402,0
0.0,0.035497423,0
0.0,0.040850222,0
0.0,0.04100276,0
0.0,0.0423569,0
0.0,0.037118316,0
0.0,0.034408253,0
0.0,0.034982152,0
0.0,0.039742626,0
0.0,0.035505928,0
0.0,0.034405533,0
0.0,0.041099276,0
0.0,0.03571018,0
0.0,0.4031302,0
0.0,0.03374749,0
0.0,0.07362681,0
0.0,0.034091674,0
0.0,0.035152476,0
0.0,0.034381766,0
0.0,0.03589071,0
0.0,0.03288869,0
0.0,0.035042476,0
0.0,0.035096224,0
0.0,0.03444719,0
0.0,0.043667536,0
0.0,0.034195714,0
0.0,0.05975485,0
0.0,0.0365702,0
0.0,0.035886683,0
1.0,0.92532116,0
0.0,0.035610475,0
0.0,0.062915854,0
0.0,0.033517312,0
0.0,0.03564955,0
0.0,0.047583528,0
0.0,0.047605142,0
0.0,0.033775218,0
0.0,0.03464415,0
0.0,0.036466017,0
0.0,0.25017798,0
0.0,0.03381162,0
0.0,0.046170868,0
0.0,0.06934195,0
0.0,0.035353195,0
0.0,0.048585523,0
0.0,0.033656128,0
0.0,0.03833043,0
0.0,0.4031302,0
0.0,0.03635217,0
0.0,0.42193994,0
0.0,0.035642784,0
0.0,0.03807222,0
1.0,0.7209441,0
0.0,0.046608686,0
0.0,0.035400767,0
0.0,0.03719523,0
0.0,0.04256947,0
0.0,0.040838573,0
0.0,0.036659066,0
0.0,0.034201227,0
0.0,0.03989673,0
0.0,0.0502301,0
0.0,0.06763989,0
1.0,0.68244207,0
0.0,0.050465424,0
0.0,0.03962913,0
0.0,0.033150673,0
0.0,0.03584543,0
0.0,0.039730772,0
0.0,0.036257293,0
0.0,0.23249213,0
0.0,0.034789234,0
0.0,0.03840086,0
0.0,0.03395005,0
0.0,0.4031302,0
0.0,0.19060364,0
0.0,0.041101158,0
0.0,0.03777793,0
0.0,0.043895263,0
0.0,0.03870019,0
0.0,0.03725495,0
0.0,0.03614652,0
0.0,0.033141155,0
0.0,0.16325702,0
0.0,0.034603465,0
0.0,0.03499435,0
0.0,0.034606274,0
0.0,0.057479106,0
0.0,0.038057227,0
0.0,0.034186997,0
0.0,0.035182476,0
0.0,0.03705071,0
0.0,0.03436891,0
0.0,0.04083154,0
0.0,0.059777625,0
0.0,0.05168938,0
0.0,0.040513836,0
0.0,0.03466911,0
0.0,0.035132498,0
0.0,0.033356737,0
0.0,0.03983893,0
0.0,0.03397383,0
0.0,0.033318877,0
0.0,0.03463183,0
0.0,0.03606224,0
0.0,0.034129877,0
0.0,0.4031302,0
0.0,0.04042838,0
0.0,0.033835836,0
0.0,0.03281929,0
0.0,0.03395113,0
0.0,0.03415086,0
0.0,0.04408978,0
0.0,0.036366686,0
0.0,0.03688653,0
0.0,0.03320964,0
0.0,0.0470175,0
0.0,0.033260714,0
0.0,0.0348423,0
0.0,0.4031302,1
0.0,0.4031302,1
0.0,0.4031302,1
1.0,0.89294475,1
1.0,0.547789,1
1.0,0.90173054,1
0.0,0.47762576,1
1.0,0.9615495,1
1.0,0.7718228,1
1.0,0.6581935,1
1.0,0.8849434,1
0.0,0.45368144,1
1.0,0.745605,1
0.0,0.047824375,1
0.0,0.07455959,1
0.0,0.039674412,1
0.0,0.10037603,1
1.0,0.9288406,1
1.0,0.95562315,1
1.0,0.94237894,1
1.0,0.9364785,1
1.0,0.94122946,1
1.0,0.96516854,1
1.0,0.9078994,1
1.0,0.88216376,1
1.0,0.86518115,1
0.0,0.068137184,1
0.0,0.25967044,1
1.0,0.89623404,1
1.0,0.83498645,1
1.0,0.9507817,1
1.0,0.9310128,1
1.0,0.95454216,1
1.0,0.95755816,1
1.0,0.9460203,1
1.0,0.83016706,1
1.0,0.9616561,1
1.0,0.95378405,1
1.0,0.9613658,1
1.0,0.9544393,1
1.0,0.9596664,1
1.0,0.96264356,1
1.0,0.76318157,1
1.0,0.92928845,1
1.0,0.96638674,1
1.0,0.968846,1
1.0,0.9556785,1
1.0,0.90271586,1
1.0,0.873689,1
1.0,0.9470979,1
1.0,0.94435346,1
0.0,0.1723332,1
1.0,0.6081405,1
1.0,0.91142046,1
1.0,0.9402636,1
1.0,0.9581396,1
1.0,0.5795513,1
1.0,0.6772604,1
1.0,0.5514359,1
1.0,0.9510373,1
1.0,0.9391278,1
1.0,0.9412016,1
1.0,0.93033755,1
1.0,0.9557181,1
1.0,0.9209644,1
1.0,0.941388,1
1.0,0.95417255,1
1.0,0.8450099,1
1.0,0.9113847,1
1.0,0.9244056,1
1.0,0.89762414,1
1.0,0.8974507,1
0.0,0.106774695,1
1.0,0.5273485,1
1.0,0.9458574,1
1.0,0.9324478,1
1.0,0.8691953,1
1.0,0.9366668,1
1.0,0.7015416,1
0.0,0.19026528,1
0.0,0.38968384,1
1.0,0.95435613,1
1.0,0.78461516,1
0.0,0.3645028,1
1.0,0.9159468,1
1.0,0.9505031,1
1.0,0.84102297,1
1.0,0.8938088,1
1.0,0.91303456,1
1.0,0.86418265,1
0.0,0.043414846,1
1.0,0.9536033,1
1.0,0.9531708,1
1.0,0.5028031,1
1.0,0.8211879,1
1.0,0.7536871,1
0.0,0.09257316,1
1.0,0.9501262,1
1.0,0.77901155,1
1.0,0.9488981,1
0.0,0.4031302,1
0.0,0.4031302,1
1.0,0.92820007,1
1.0,0.9416215,1
1.0,0.9559343,1
0.0,0.26379797,1
1.0,0.90758944,1
1.0,0.95200616,1
1.0,0.8217724,1
1.0,0.7320579,1
1.0,0.95551854,1
1.0,0.94506395,1
1.0,0.9317874,1
1.0,0.9430162,1
1.0,0.91589606,1
1.0,0.96398246,1
1.0,0.55214214,1
1.0,0.7019544,1
0.0,0.24946699,1
0.0,0.15382974,1
0.0,0.3963938,1
1.0,0.9456334,1
1.0,0.7839107,1
1.0,0.96514577,1
1.0,0.9628826,1
1.0,0.9582599,1
1.0,0.84215635,1
1.0,0.94405955,1
1.0,0.9432024,1
1.0,0.84755963,1
1.0,0.8091445,1
0.0,0.23803316,1
0.0,0.42636207,1
1.0,0.9666553,1
1.0,0.9653619,1
1.0,0.96654475,1
1.0,0.96498436,1
1.0,0.96022344,1
1.0,0.9626057,1
1.0,0.9482447,1
0.0,0.28084975,1
1.0,0.9510264,1
0.0,0.044725038,1
0.0,0.31484738,1
1.0,0.95573634,1
1.0,0.85002863,1
1.0,0.95983845,1
1.0,0.74783295,1
0.0,0.08390721,1
0.0,0.2949307,1
0.0,0.06155246,1
1.0,0.88183695,1
1.0,0.71761596,1
1.0,0.96177274,1
1.0,0.96414965,1
1.0,0.93535763,1
0.0,0.3729864,1
1.0,0.93407947,1
1.0,0.9381413,1
1.0,0.960398,1
1.0,0.65011734,1
1.0,0.7857637,1
1.0,0.6588321,1
1.0,0.89122516,1
1.0,0.9650468,1
1.0,0.96606666,1
1.0,0.9573855,1
0.0,0.4031302,1
0.0,0.23925869,1
1.0,0.76224995,1
1.0,0.75754154,1
0.0,0.2196564,1
1.0,0.58081174,1
1.0,0.55149287,1
1.0,0.522293,1
1.0,0.8365495,1
1.0,0.78867906,1
0.0,0.1308269,1
0.0,0.038015716,1
0.0,0.19053738,1
1.0,0.69653386,1
0.0,0.40503716,1
0.0,0.12284018,1
1.0,0.9106369,1
0.0,0.39985758,1
1.0,0.50878817,1
1.0,0.5543335,1
0.0,0.4031302,1
1.0,0.9605974,1
1.0,0.9462366,1
1.0,0.961847,1
1.0,0.96443063,1
1.0,0.8091775,1
1.0,0.79601854,1
1.0,0.9426149,1
1.0,0.9562872,1
1.0,0.9587533,1
1.0,0.9595204,1
1.0,0.9495191,1
1.0,0.9188481,1
1.0,0.9520027,1
1.0,0.94890654,1
1.0,0.9653395,1
1.0,0.96181685,1
1.0,0.9652464,1
1.0,0.95575106,1
1.0,0.9641116,1
1.0,0.9202161,1
1.0,0.95953655,1
0.0,0.4031302,1
0.0,0.4031302,1
1.0,0.96509683,1
1.0,0.6745853,1
0.0,0.4031302,1
0.0,0.4031302,1
1.0,0.62214476,1
1.0,0.8838125,1
1.0,0.81829,1
1.0,0.90926814,1
1.0,0.5934317,1
1.0,0.595928,1
1.0,0.59183395,1
1.0,0.55190045,1
1.0,0.91730386,1
1.0,0.9642897,1
1.0,0.7924284,1
1.0,0.93435663,1
1.0,0.7885054,1
1.0,0.82725394,1
1.0,0.8566524,1
1.0,0.89185214,1
0.0,0.4031302,1
0.0,0.4031302,1
0.0,0.4031302,1
0.0,0.4031302,1
1.0,0.6393119,1
1.0,0.7196062,1
1.0,0.96117127,1
1.0,0.9238375,1
0.0,0.26050028,1
1.0,0.83888704,1
1.0,0.6907975,1
1.0,0.7277003,1
1.0,0.8738275,1
1.0,0.6897333,1
0.0,0.4031302,1
0.0,0.4031302,1
1.0,0.9470843,1
1.0,0.9416426,1
0.0,0.4031302,1
0.0,0.4031302,1
0.0,0.4031302,1
0.0,0.4031302,1
1.0,0.62148505,1
1.0,0.9458324,1
1.0,0.93293464,1
1.0,0.9315797,1
1.0,0.892451,1
1.0,0.95579594,1
1.0,0.9643907,1
1.0,0.96357703,1
1.0,0.5458752,1
0.0,0.24106205,1
0.0,0.44020835,1
0.0,0.4048617,1
1.0,0.5490085,1
0.0,0.28580052,1
1.0,0.8776376,1
1.0,0.93162626,1
1.0,0.95932376,1
1.0,0.9314492,1
1.0,0.94674206,1
1.0,0.94524544,1
1.0,0.95788413,1
1.0,0.78894675,1
1.0,0.7739741,1
1.0,0.9212224,1
1.0,0.821202,1
1.0,0.9604211,1
1.0,0.9511778,1
1.0,0.9581799,1
1.0,0.9210523,1
1.0,0.80932,1
1.0,0.5560352,1
0.0,0.47405767,1
1.0,0.7245295,1
1.0,0.64621794,1
1.0,0.50877154,1
1.0,0.9672269,1
1.0,0.95327866,1
0.0,0.13811088,1
1.0,0.7279901,1
1.0,0.85163474,1
1.0,0.93922067,1
0.0,0.48967487,1
0.0,0.075040296,1
1.0,0.78487927,1
1.0,0.8996073,1
1.0,0.96419495,1
1.0,0.9671979,1
1.0,0.6359855,1
1.0,0.5535486,1
1.0,0.9650954,1
1.0,0.7617254,1
1.0,0.9314901,1
1.0,0.9662829,1
1.0,0.9357722,1
1.0,0.7091445,1
1.0,0.8322335,1
1.0,0.8820465,1
1.0,0.6683241,1
1.0,0.78266615,1
1.0,0.55647945,1
0.0,0.25287902,1
1.0,0.71830297,1
1.0,0.96333915,1
1.0,0.95926213,1
0.0,0.03351765,0
0.0,0.03420838,0
0.0,0.03464066,0
0.0,0.03510504,0
0.0,0.12176721,0
0.0,0.0449412,0
0.0,0.03488598,0
0.0,0.03732216,0
0.0,0.03847431,0
0.0,0.036499426,0
0.0,0.04056266,0
0.0,0.04150098,0
0.0,0.035155825,0
0.0,0.035079196,0
0.0,0.03424494,0
0.0,0.035066675,0
0.0,0.03731566,0
0.0,0.035674695,0
0.0,0.03385269,0
0.0,0.03594095,0
0.0,0.04297542,0
0.0,0.036364328,0
0.0,0.043393973,0
0.0,0.035651702,0
0.0,0.036157906,0
0.0,0.035958514,0
0.0,0.04289875,0
0.0,0.07018225,0
0.0,0.037159417,0
0.0,0.034498468,0
0.0,0.034863763,0
0.0,0.033686023,0
0.0,0.07730333,0
0.0,0.037368998,0
0.0,0.03523867,0
0.0,0.034216683,0
0.0,0.03641521,0
0.0,0.036274053,0
0.0,0.038812317,0
0.0,0.03918495,0
0.0,0.04161148,0
0.0,0.060098477,0
0.0,0.035110474,0
0.0,0.056771886,0
0.0,0.042443067,0
0.0,0.037979424,0
0.0,0.039053556,0
0.0,0.03265275,0
0.0,0.06989504,0
0.0,0.04303587,0
0.0,0.07231549,0
0.0,0.049741257,0
0.0,0.035450183,0
0.0,0.03444093,0
0.0,0.033199098,0
0.0,0.039966695,0
0.0,0.05273037,0
0.0,0.041004315,0
0.0,0.056718964,0
0.0,0.034595534,0
0.0,0.036675774,0
0.0,0.035490166,0
0.0,0.114316955,0
0.0,0.037635423,0
0.0,0.044962756,0
0.0,0.035437685,0
0.0,0.034720004,0
0.0,0.036930818,0
0.0,0.03381044,0
0.0,0.034462623,0
0.0,0.038806587,0
0.0,0.035501625,0
0.0,0.03516244,0
0.0,0.036314804,0
0.0,0.040367324,0
0.0,0.03482728,0
0.0,0.042455193,0
0.0,0.03380849,0
0.0,0.0436207,0
0.0,0.4031302,0
0.0,0.1344648,0
0.0,0.03531637,0
0.0,0.072186485,0
0.0,0.039945386,0
0.0,0.037609488,0
0.0,0.034010388,0
0.0,0.03600629,0
0.0,0.03733127,0
0.0,0.043154903,0
0.0,0.039147787,0
0.0,0.05408638,0
0.0,0.037612088,0
0.0,0.03528816,0
0.0,0.037863318,0
0.0,0.089483224,0
0.0,0.03790237,0
0.0,0.03587982,0
0.0,0.03846134,0
0.0,0.035322405,0
0.0,0.03493324,0
0.0,0.033622924,0
0.0,0.043364353,0
0.0,0.035076838,0
0.0,0.035217453,0
0.0,0.03905978,0
0.0,0.036180638,0
0.0,0.034572624,0
0.0,0.068399176,0
0.0,0.039706726,0
0.0,0.037089538,0
0.0,0.03680116,0
0.0,0.033269364,0
0.0,0.30547714,0
0.0,0.037227686,0
0.0,0.03566569,0
0.0,0.0345018,0
0.0,0.033665963,0
0.0,0.037416287,0
0.0,0.047500487,0
0.0,0.044133678,0
0.0,0.03459043,0
0.0,0.0361711,0
0.0,0.036613237,0
1.0,0.8117132,0
0.0,0.034545563,0
0.0,0.03747153,0
0.0,0.035286915,0
0.0,0.03394963,0
0.0,0.04080697,0
0.0,0.03725916,0
0.0,0.45917556,0
0.0,0.03371326,0
1.0,0.7073414,0
0.0,0.046855,0
0.0,0.03689852,0
0.0,0.042697642,0
0.0,0.033055376,0
0.0,0.035967562,0
0.0,0.045264818,0
0.0,0.042462137,0
0.0,0.042165693,0
0.0,0.035884243,0
0.0,0.08551279,0
0.0,0.06266496,0
0.0,0.035247844,0
0.0,0.040060345,0
0.0,0.035624433,0
0.0,0.03509532,0
0.0,0.05071117,0
0.0,0.15807621,0
0.0,0.03492001,0
0.0,0.058168784,0
0.0,0.03685331,0
0.0,0.034705933,0
0.0,0.035476893,0
0.0,0.065920934,0
0.0,0.037616573,0
0.0,0.06166598,0
0.0,0.03493139,0
0.0,0.04202566,0
0.0,0.034603212,0
0.0,0.03520449,0
0.0,0.044654276,0
0.0,0.036488403,0
0.0,0.120780356,0
0.0,0.034218572,0
0.0,0.033332273,0
0.0,0.07131414,0
0.0,0.034835827,0
0.0,0.03527268,0
0.0,0.035951126,0
0.0,0.10147966,0
0.0,0.03695337,0
0.0,0.035285767,0
0.0,0.034696773,0
0.0,0.040022638,0
0.0,0.03705268,0
0.0,0.096742906,0
0.0,0.039822698,0
0.0,0.04669225,0
0.0,0.03512036,0
0.0,0.03538491,0
0.0,0.036656223,0
0.0,0.06384133,0
0.0,0.035437465,0
0.0,0.036829717,0
0.0,0.03424258,0
0.0,0.034803867,0
0.0,0.035906434,0
0.0,0.033621825,0
0.0,0.04877249,0
0.0,0.03842349,0
0.0,0.039173085,0
0.0,0.044506077,0
0.0,0.03414018,0
0.0,0.034079324,0
0.0,0.03532238,0
0.0,0.034375973,0
0.0,0.1008013,0
0.0,0.04297811,0
0.0,0.038658883,0
0.0,0.034248035,0
0.0,0.039401285,0
0.0,0.036079895,0
0.0,0.03954231,0
0.0,0.033445798,0
0.0,0.035558574,0
0.0,0.03697337,0
0.0,0.28275388,0
0.0,0.03585278,0
0.0,0.037957612,0
0.0,0.038879987,0
0.0,0.035724565,0
0.0,0.03569271,0
0.0,0.03600409,0
0.0,0.03614654,0
0.0,0.036407832,0
0.0,0.033916865,0
0.0,0.0344801,0
0.0,0.041026473,0
0.0,0.034716148,0
0.0,0.033309743,0
0.0,0.038700134,0
0.0,0.04043791,0
0.0,0.035080083,0
0.0,0.036290966,0
0.0,0.03588952,0
0.0,0.034471735,0
0.0,0.03379038,0
0.0,0.03371848,0
0.0,0.04234978,0
0.0,0.038800463,0
0.0,0.03709154,0
0.0,0.03436985,0
0.0,0.03677428,0
0.0,0.042473383,0
0.0,0.30070788,0
0.0,0.03774593,0
0.0,0.034122113,0
0.0,0.033853807,0
0.0,0.037878957,0
0.0,0.0382235,0
0.0,0.03788212,0
0.0,0.06618047,0
0.0,0.034404155,0
0.0,0.039396927,0
0.0,0.033870753,0
0.0,0.03861889,0
0.0,0.034722812,0
0.0,0.036368962,0
0.0,0.096463725,0
0.0,0.0471435,0
0.0,0.033837885,0
0.0,0.041090995,0
0.0,0.03493732,0
0.0,0.15802532,0
0.0,0.035275165,0
0.0,0.04039674,0
0.0,0.03733705,0
0.0,0.046480764,0
0.0,0.034533583,0
0.0,0.04393561,0
0.0,0.04025104,0
0.0,0.037194416,0
0.0,0.040032145,0
0.0,0.033573348,0
0.0,0.03901424,0
0.0,0.035665087,0
0.0,0.03694415,0
0.0,0.047152333,0
0.0,0.036081865,0
1.0,0.96290106,1
1.0,0.82620865,1
1.0,0.95689076,1
1.0,0.7423649,1
1.0,0.9360169,1
1.0,0.63319886,1
1.0,0.9307453,1
0.0,0.2982049,1
0.0,0.17560318,1
0.0,0.30778173,1
1.0,0.946625,1
1.0,0.50201577,1
1.0,0.7490547,1
1.0,0.7030438,1
1.0,0.92979264,1
0.0,0.05907444,1
0.0,0.03898281,1
0.0,0.04625208,1
0.0,0.22021481,1
1.0,0.95009637,1
1.0,0.862504,1
1.0,0.90160745,1
0.0,0.10045337,1
1.0,0.75238794,1
1.0,0.91132045,1
1.0,0.8956918,1
1.0,0.91331834,1
1.0,0.8709925,1
1.0,0.5928237,1
1.0,0.7560131,1
0.0,0.17402366,1
1.0,0.8960149,1
1.0,0.964193,1
1.0,0.96634597,1
1.0,0.9610529,1
1.0,0.9066238,1
1.0,0.9023649,1
1.0,0.87188464,1
0.0,0.36241505,1
1.0,0.78301185,1
1.0,0.96429527,1
0.0,0.21384433,1
1.0,0.9025065,1
1.0,0.918718,1
0.0,0.17372009,1
1.0,0.95855457,1
1.0,0.95833784,1
1.0,0.9526356,1
0.0,0.06406429,1
1.0,0.95516145,1
1.0,0.96507615,1
1.0,0.91906667,1
1.0,0.8226595,1
1.0,0.80178714,1
1.0,0.95632166,1
1.0,0.95425916,1
1.0,0.9159979,1
1.0,0.9218686,1
1.0,0.78038985,1
1.0,0.8371775,1
1.0,0.95293224,1
1.0,0.9602905,1
1.0,0.9502835,1
1.0,0.80272126,1
1.0,0.95676845,1
1.0,0.9405956,1
0.0,0.2028549,1
0.0,0.41977397,1
1.0,0.9523237,1
1.0,0.96050775,1
1.0,0.9558372,1
1.0,0.9336473,1
1.0,0.8822703,1
1.0,0.89769465,1
1.0,0.9369611,1
1.0,0.9455525,1
1.0,0.59791756,1
1.0,0.7296866,1
1.0,0.8402434,1
1.0,0.8141924,1
1.0,0.9600873,1
1.0,0.6175017,1
1.0,0.9491669,1
1.0,0.9629329,1
1.0,0.9515625,1
1.0,0.9591637,1
1.0,0.9605435,1
0.0,0.15583093,1
0.0,0.092655614,1
0.0,0.12543988,1
1.0,0.8774044,1
1.0,0.9577053,1
1.0,0.90104747,1
1.0,0.95028245,1
1.0,0.91091853,1
1.0,0.51755565,1
0.0,0.16201098,1
1.0,0.9631277,1
1.0,0.9232302,1
1.0,0.84229785,1
1.0,0.95000887,1
1.0,0.9603151,1
1.0,0.90749836,1
1.0,0.9438124,1
1.0,0.9467794,1
1.0,0.5569914,1
1.0,0.9576238,1
1.0,0.9502775,1
0.0,0.10686146,1
1.0,0.92368203,1
1.0,0.9484928,1
1.0,0.87712055,1
1.0,0.9597266,1
0.0,0.04299222,1
0.0,0.045362744,1
1.0,0.6049896,1
1.0,0.5720835,1
0.0,0.3676671,1
0.0,0.37398958,1
0.0,0.05300932,1
0.0,0.14214112,1
1.0,0.77875406,1
1.0,0.7841554,1
1.0,0.9386237,1
1.0,0.9588337,1
1.0,0.94894874,1
0.0,0.15345712,1
1.0,0.96544623,1
1.0,0.95840245,1
1.0,0.66766274,1
1.0,0.5114965,1
1.0,0.9353132,1
1.0,0.913756,1
1.0,0.89252967,1
1.0,0.94463277,1
1.0,0.94493824,1
1.0,0.9647576,1
1.0,0.96479946,1
1.0,0.96131724,1
1.0,0.9623007,1
0.0,0.13000901,1
0.0,0.18141292,1
0.0,0.17518908,1
1.0,0.85052717,1
1.0,0.86522204,1
0.0,0.33294353,1
1.0,0.9527767,1
1.0,0.95176196,1
1.0,0.6856181,1
0.0,0.26161632,1
1.0,0.8369824,1
1.0,0.9612401,1
1.0,0.9574404,1
1.0,0.88493437,1
1.0,0.50345224,1
1.0,0.5313442,1
1.0,0.96091783,1
0.0,0.4031302,1
0.0,0.105265565,1
0.0,0.046847086,1
0.0,0.056981344,1
0.0,0.39703906,1
1.0,0.50088483,1
0.0,0.09037337,1
1.0,0.8756215,1
1.0,0.960887,1
1.0,0.90290785,1
1.0,0.8302709,1
1.0,0.96755654,1
1.0,0.9631278,1
1.0,0.95804584,1
1.0,0.9502675,1
1.0,0.953977,1
1.0,0.96085787,1
1.0,0.9556598,1
1.0,0.9614315,1
1.0,0.9039848,1
1.0,0.956427,1
1.0,0.9593449,1
1.0,0.9566025,1
1.0,0.8854986,1
1.0,0.8875418,1
1.0,0.926963,1
0.0,0.26550564,1
1.0,0.9641137,1
1.0,0.9354461,1
1.0,0.9597545,1
1.0,0.60182095,1
0.0,0.19925705,1
0.0,0.07307656,1
1.0,0.773362,1
1.0,0.81270564,1
0.0,0.2819752,1
0.0,0.40263066,1
0.0,0.10559822,1
0.0,0.30730107,1
0.0,0.040682524,1
1.0,0.8104063,1
0.0,0.38819385,1
1.0,0.95831114,1
1.0,0.87821466,1
1.0,0.94514966,1
1.0,0.94971764,1
1.0,0.88718927,1
1.0,0.95313597,1
1.0,0.9408999,1
1.0,0.95577276,1
1.0,0.9316669,1
1.0,0.9447964,1
1.0,0.9451388,1
1.0,0.945109,1
1.0,0.923971,1
1.0,0.9627514,1
1.0,0.9516425,1
0.0,0.11041147,1
1.0,0.95719457,1
1.0,0.9565149,1
1.0,0.9544304,1
0.0,0.12124968,1
1.0,0.9394771,1
1.0,0.9457352,1
1.0,0.93951446,1
1.0,0.9611343,1
1.0,0.9517057,1
1.0,0.94110286,1
1.0,0.94071376,1
1.0,0.683817,1
1.0,0.6547034,1
1.0,0.6167968,1
1.0,0.94203365,1
1.0,0.9507055,1
1.0,0.84105784,1
1.0,0.78162205,1
1.0,0.8850776,1
1.0,0.8453509,1
1.0,0.95645636,1
1.0,0.936341,1
1.0,0.94514585,1
1.0,0.8980591,1
1.0,0.9564846,1
1.0,0.9266959,1
1.0,0.9118767,1
1.0,0.9319752,1
1.0,0.79034656,1
1.0,0.86549217,1
1.0,0.8308132,1
1.0,0.86629266,1
1.0,0.9396018,1
1.0,0.93939906,1
1.0,0.9089204,1
1.0,0.9587651,1
1.0,0.82100004,1
1.0,0.6964118,1
1.0,0.9381013,1
1.0,0.76475304,1
1.0,0.86111265,1
1.0,0.95975435,1
1.0,0.95172286,1
1.0,0.9017571,1
1.0,0.9460129,1
1.0,0.95156103,1
1.0,0.8827195,1
1.0,0.80130446,1
1.0,0.86729383,1
1.0,0.93840116,1
1.0,0.7572403,1
1.0,0.731879,1
1.0,0.8210366,1
1.0,0.95546573,1
1.0,0.9439791,1
1.0,0.96790653,1
1.0,0.9611367,1
0.0,0.48935804,1
1.0,0.8916426,1
1.0,0.9339667,1
1.0,0.9305294,1
1.0,0.94841504,1
0.0,0.25359857,1
0.0,0.18632825,1
1.0,0.92967725,1
1.0,0.7701954,1
1.0,0.95183265,1
1.0,0.9550453,1
1.0,0.82802135,1
0.0,0.23647708,1
0.0,0.20303951,1
1.0,0.96127415,1
1.0,0.64888734,1
1.0,0.73433834,1
0.0,0.480528,1
1.0,0.91003335,1
1.0,0.8657122,1
1.0,0.9290288,1
0.0,0.3681085,1
0.0,0.3524441,1
0.0,0.42587784,1
1.0,0.5644375,1
1.0,0.9565533,1
0.0,0.15602306,1
1.0,0.93688387,1
1.0,0.95717543,1
0.0,0.051840417,1
0.0,0.07937233,1
1.0,0.93738586,1
1.0,0.9588288,1
1.0,0.9599338,1
1.0,0.9089822,1
1.0,0.958954,1
1.0,0.9356198,1
1.0,0.91818106,1
1.0,0.93002933,1
1.0,0.92158484,1
0.0,0.32823285,1
1.0,0.79566175,1
1.0,0.93776774,1
1.0,0.95540166,1
1.0,0.95697564,1
1.0,0.84406656,1
1.0,0.8390522,1
1.0,0.96504396,1
1.0,0.9403979,1
0.0,0.050295543,0
0.0,0.044681728,0
0.0,0.04173356,0
0.0,0.034704406,0
0.0,0.04014698,0
0.0,0.03775428,0
0.0,0.03792791,0
0.0,0.036952525,0
0.0,0.035685737,0
0.0,0.051800214,0
0.0,0.04039763,0
0.0,0.04812677,0
0.0,0.049116746,0
0.0,0.03784595,0
0.0,0.033982154,0
0.0,0.042297482,0
0.0,0.034923684,0
0.0,0.03413886,0
0.0,0.046724875,0
0.0,0.034354247,0
0.0,0.043914173,0
0.0,0.03849954,0
0.0,0.03581616,0
0.0,0.038479477,0
0.0,0.35077432,0
0.0,0.05030149,0
0.0,0.038312193,0
0.0,0.04223196,0
0.0,0.034207653,0
0.0,0.0390765,0
0.0,0.4031302,0
0.0,0.035195135,0
0.0,0.043377433,0
0.0,0.28603205,0
0.0,0.034841605,0
0.0,0.033618156,0
0.0,0.040535323,0
0.0,0.040057953,0
0.0,0.08848608,0
0.0,0.034090307,0
0.0,0.034053843,0
0.0,0.089147165,0
0.0,0.038061097,0
0.0,0.037762854,0
0.0,0.03415976,0
0.0,0.035799015,0
0.0,0.061634287,0
0.0,0.040825974,0
0.0,0.03458349,0
0.0,0.038192548,0
0.0,0.07515499,0
0.0,0.037045967,0
0.0,0.16383319,0
0.0,0.041356813,0
0.0,0.070145264,0
0.0,0.042710338,0
0.0,0.037667964,0
0.0,0.035919495,0
0.0,0.0744644,0
0.0,0.038918037,0
0.0,0.03655557,0
0.0,0.03635378,0
0.0,0.06235339,0
0.0,0.039571278,0
0.0,0.0346595,0
0.0,0.03474585,0
0.0,0.039048526,0
0.0,0.034471907,0
0.0,0.038184825,0
0.0,0.036606714,0
0.0,0.036999926,0
0.0,0.060600705,0
0.0,0.089960136,0
0.0,0.037413787,0
0.0,0.040343665,0
0.0,0.03378809,0
0.0,0.036438324,0
0.0,0.035222154,0
0.0,0.038507838,0
0.0,0.04403075,0
0.0,0.11713423,0
0.0,0.042160984,0
0.0,0.047747284,0
0.0,0.10777504,0
0.0,0.07489004,0
0.0,0.03651576,0
0.0,0.03471447,0
0.0,0.034765866,0
0.0,0.035764627,0
1.0,0.5958632,0
0.0,0.036210667,0
0.0,0.034884214,0
1.0,0.809981,0
0.0,0.033858143,0
0.0,0.0390365,0
0.0,0.17244494,0
0.0,0.034294616,0
0.0,0.03919603,0
0.0,0.05877877,0
0.0,0.04443046,0
0.0,0.13946316,0
0.0,0.036574684,0
0.0,0.036024,0
0.0,0.0381176,0
0.0,0.034711216,0
0.0,0.04973688,0
0.0,0.03526327,0
0.0,0.034396283,0
0.0,0.03986742,0
0.0,0.03477836,0
0.0,0.045326367,0
0.0,0.050676152,0
0.0,0.0354484,0
0.0,0.034079734,0
0.0,0.04393033,0
0.0,0.035486676,0
0.0,0.07606531,0
0.0,0.038640622,0
0.0,0.0365968,0
0.0,0.034449458,0
0.0,0.034227,0
0.0,0.036137935,0
0.0,0.03449865,0
0.0,0.039178718,0
0.0,0.039184924,0
0.0,0.036145832,0
0.0,0.052825112,0
0.0,0.039805315,0
0.0,0.039260697,0
0.0,0.036530837,0
0.0,0.15896803,0
0.0,0.054055426,0
1.0,0.6267204,0
0.0,0.06201189,0
0.0,0.05714669,0
0.0,0.033532545,0
0.0,0.045903794,0
0.0,0.033985775,0
0.0,0.03994867,0
1.0,0.6641144,0
0.0,0.03771515,0
0.0,0.043984547,0
0.0,0.03977937,0
0.0,0.048965294,0
0.0,0.03462995,0
0.0,0.041928954,0
0.0,0.06596147,0
0.0,0.037954077,0
0.0,0.0349108,0
0.0,0.03400297,0
0.0,0.042231165,0
0.0,0.03606859,0
0.0,0.045712437,0
0.0,0.03708451,0
0.0,0.04521734,0
0.0,0.05629985,0
0.0,0.039164975,0
0.0,0.045642566,0
0.0,0.044337913,0
0.0,0.07802633,0
0.0,0.041022662,0
0.0,0.03882422,0
0.0,0.034798738,0
0.0,0.04273919,0
0.0,0.042082954,0
0.0,0.04631042,0
0.0,0.033886418,0
0.0,0.039534617,0
0.0,0.03700949,0
0.0,0.042488657,0
0.0,0.045814153,0
0.0,0.03725475,0
0.0,0.040788755,0
0.0,0.037134606,0
0.0,0.041455578,0
0.0,0.03464288,0
0.0,0.035908807,0
0.0,0.035559814,0
0.0,0.035754785,0
0.0,0.033839077,0
0.0,0.035370458,0
0.0,0.039550643,0
0.0,0.03592458,0
0.0,0.037248883,0
0.0,0.045476116,0
0.0,0.0667025,0
1.0,0.80881983,0
0.0,0.17475834,0
0.0,0.0351195,0
0.0,0.047830492,0
0.0,0.033307992,0
0.0,0.040969446,0
0.0,0.0377702,0
0.0,0.033531625,0
1.0,0.82745206,0
0.0,0.042779602,0
0.0,0.035740916,0
0.0,0.03484117,0
0.0,0.03616086,0
0.0,0.035133366,0
0.0,0.049794745,0
0.0,0.05179897,0
0.0,0.08916923,0
0.0,0.036917377,0
0.0,0.4031302,0
0.0,0.035401303,0
0.0,0.040646367,0
0.0,0.03662552,0
0.0,0.048365936,0
0.0,0.043897614,0
0.0,0.03397082,0
0.0,0.03771503,0
0.0,0.072133236,0
0.0,0.034487255,0
0.0,0.03419943,0
0.0,0.040727664,0
0.0,0.03561434,0
0.0,0.0348675,0
0.0,0.093754016,0
0.0,0.052407075,0
0.0,0.04101217,0
1.0,0.8373621,0
0.0,0.036475945,0
0.0,0.040626153,0
0.0,0.040638495,0
0.0,0.16538659,0
0.0,0.045144502,0
0.0,0.036333617,0
0.0,0.03412654,0
0.0,0.039026167,0
0.0,0.033322122,0
0.0,0.04400913,0
0.0,0.06382184,0
0.0,0.035736132,0
0.0,0.03534406,0
0.0,0.03634847,0
0.0,0.14568834,0
0.0,0.03726805,0
0.0,0.04137027,0
0.0,0.038564935,0
0.0,0.03409404,0
0.0,0.04730896,0
0.0,0.036676154,0
0.0,0.03669146,0
0.0,0.034385867,0
0.0,0.036480725,0
0.0,0.037128396,0
0.0,0.042373307,0
0.0,0.036698878,0
0.0,0.036421772,0
0.0,0.10068002,0
0.0,0.03698754,0
0.0,0.034419563,0
0.0,0.033609904,0
0.0,0.040378015,0
0.0,0.042680167,0
0.0,0.05034602,0
0.0,0.039872907,0
0.0,0.03413001,0
0.0,0.044066504,0
0.0,0.03395954,0
0.0,0.04334959,0
0.0,0.037801143,0
0.0,0.05107564,0
0.0,0.059059087,0
0.0,0.034906566,0
0.0,0.044604935,0
0.0,0.039169103,0
0.0,0.074873015,0
0.0,0.035186265,0
0.0,0.05305453,0
0.0,0.07117757,0
0.0,0.05126428,0
0.0,0.04770038,0
0.0,0.08815331,0
0.0,0.03794151,0
0.0,0.17152683,0
0.0,0.0336405,0
0.0,0.0330016,0
0.0,0.042745724,0
0.0,0.049089305,0
0.0,0.05551176,0
0.0,0.056460917,0
0.0,0.034822922,0
0.0,0.03741657,0
0.0,0.0343807,0
0.0,0.037094463,0
0.0,0.03410245,0
0.0,0.038044766,0
0.0,0.034261297,0
0.0,0.09862975,0
0.0,0.05322014,0
0.0,0.035687327,0
0.0,0.039116755,0
0.0,0.036171418,0
0.0,0.03532269,0
0.0,0.034810167,0
0.0,0.05665714,0
1.0,0.6512513,0
0.0,0.042768642,0
0.0,0.03976712,0
0.0,0.037466712,0
0.0,0.05974244,0
0.0,0.036708567,0
0.0,0.03363944,0
0.0,0.03566166,0
1.0,0.5257248,0
0.0,0.04417243,0
0.0,0.036661975,0
0.0,0.036191303,0
0.0,0.037448954,0
0.0,0.03409806,0
0.0,0.03407619,0
0.0,0.039218254,0
0.0,0.40134394,0
0.0,0.2567692,0
0.0,0.08253378,0
0.0,0.051012885,1
0.0,0.041742608,1
1.0,0.9501022,1
1.0,0.9225286,1
1.0,0.8957133,1
1.0,0.9601802,1
1.0,0.9174199,1
0.0,0.42512864,1
1.0,0.94658434,1
1.0,0.9410007,1
1.0,0.96392727,1
1.0,0.96152264,1
1.0,0.95868784,1
1.0,0.94028944,1
1.0,0.96277195,1
1.0,0.96212643,1
1.0,0.95652366,1
1.0,0.9593538,1
1.0,0.96608615,1
1.0,0.9567526,1
1.0,0.96369255,1
1.0,0.96331733,1
1.0,0.9681032,1
1.0,0.6543396,1
0.0,0.09121844,1
1.0,0.90988034,1
0.0,0.17985477,1
0.0,0.22746739,1
0.0,0.12316528,1
0.0,0.068087466,1
0.0,0.28920853,1
0.0,0.06552914,1
0.0,0.18935078,1
1.0,0.6380408,1
1.0,0.9613627,1
1.0,0.8948739,1
1.0,0.94774914,1
0.0,0.09921338,1
0.0,0.1992262,1
0.0,0.057504207,1
1.0,0.5134098,1
1.0,0.9409891,1
1.0,0.5224328,1
1.0,0.95623076,1
1.0,0.7922122,1
1.0,0.9342103,1
1.0,0.9175997,1
1.0,0.95105666,1
0.0,0.37104973,1
0.0,0.4648994,1
0.0,0.47520536,1
1.0,0.9571372,1
0.0,0.05996741,1
0.0,0.3633904,1
1.0,0.9551835,1
1.0,0.96233714,1
1.0,0.95758384,1
1.0,0.92334896,1
1.0,0.9549096,1
1.0,0.95121443,1
1.0,0.92950016,1
1.0,0.95534235,1
0.0,0.066275716,1
0.0,0.19524845,1
0.0,0.038523715,1
0.0,0.055217355,1
1.0,0.94174427,1
1.0,0.906597,1
1.0,0.9397114,1
1.0,0.96246266,1
1.0,0.96000695,1
1.0,0.9624856,1
1.0,0.96489424,1
1.0,0.96169555,1
1.0,0.9565762,1
1.0,0.90946287,1
1.0,0.92354506,1
1.0,0.9350618,1
1.0,0.9315506,1
1.0,0.95615274,1
1.0,0.96764237,1
1.0,0.9642775,1
1.0,0.9303713,1
1.0,0.93796927,1
0.0,0.2610001,1
1.0,0.9644216,1
1.0,0.94366235,1
1.0,0.95581836,1
1.0,0.9593958,1
1.0,0.95550185,1
1.0,0.9401591,1
1.0,0.94325477,1
1.0,0.93510205,1
1.0,0.95755816,1
1.0,0.94608146,1
1.0,0.9503843,1
1.0,0.78268355,1
1.0,0.5509987,1
1.0,0.7105091,1
1.0,0.9581129,1
1.0,0.5934343,1
1.0,0.9640896,1
0.0,0.1287966,1
1.0,0.9547816,1
1.0,0.86238545,1
1.0,0.921927,1
1.0,0.9601719,1
1.0,0.9398492,1
1.0,0.53667355,1
1.0,0.9505289,1
1.0,0.92740685,1
1.0,0.8950732,1
1.0,0.5599937,1
1.0,0.7686345,1
1.0,0.5897762,1
1.0,0.5596246,1
0.0,0.10250336,1
0.0,0.07113564,1
1.0,0.7975692,1
0.0,0.25775188,1
1.0,0.7982643,1
0.0,0.2596291,1
1.0,0.6373988,1
0.0,0.07777128,1
0.0,0.068815984,1
0.0,0.07474488,1
0.0,0.41807854,1
0.0,0.062035006,1
1.0,0.83458304,1
1.0,0.9490349,1
1.0,0.9572,1
1.0,0.9586426,1
1.0,0.96366364,1
0.0,0.2313506,1
1.0,0.5025601,1
1.0,0.875167,1
1.0,0.96458375,1
1.0,0.9456061,1
1.0,0.9547199,1
1.0,0.9556387,1
1.0,0.899577,1
1.0,0.9652772,1
1.0,0.9627744,1
1.0,0.9559172,1
1.0,0.91935974,1
1.0,0.9522591,1
1.0,0.9385734,1
1.0,0.9556868,1
1.0,0.6976179,1
1.0,0.95400816,1
1.0,0.95590836,1
1.0,0.95698553,1
1.0,0.96850216,1
0.0,0.12117204,1
1.0,0.92658186,1
1.0,0.9561734,1
0.0,0.06178869,1
0.0,0.054680992,1
1.0,0.51676494,1
1.0,0.95873946,1
1.0,0.94241136,1
1.0,0.94280815,1
1.0,0.9276458,1
1.0,0.9363821,1
1.0,0.9655682,1
1.0,0.9659165,1
1.0,0.9456557,1
1.0,0.9600717,1
1.0,0.9600493,1
1.0,0.9634261,1
1.0,0.9617765,1
1.0,0.5427327,1
1.0,0.8936702,1
1.0,0.86710894,1
1.0,0.9455984,1
1.0,0.9328548,1
1.0,0.783,1
0.0,0.32650912,1
1.0,0.941113,1
1.0,0.9383662,1
1.0,0.59523565,1
1.0,0.89211744,1
1.0,0.88094604,1
0.0,0.36542556,1
1.0,0.9208471,1
1.0,0.5439153,1
1.0,0.96349704,1
1.0,0.9602854,1
1.0,0.9354948,1
1.0,0.9540075,1
1.0,0.7444131,1
1.0,0.8623406,1
1.0,0.917057,1
1.0,0.87492067,1
1.0,0.802647,1
1.0,0.6891877,1
1.0,0.9501708,1
0.0,0.06585224,1
0.0,0.046088316,1
0.0,0.048820414,1
0.0,0.053930536,1
0.0,0.04632132,1
1.0,0.9220251,1
1.0,0.6041809,1
1.0,0.86626536,1
1.0,0.6211195,1
1.0,0.8150127,1
1.0,0.64938074,1
1.0,0.9631184,1
1.0,0.96765715,1
1.0,0.9658789,1
1.0,0.65595365,1
0.0,0.3557931,1
1.0,0.85759145,1
1.0,0.93638504,1
1.0,0.9543862,1
1.0,0.9568504,1
1.0,0.95508367,1
1.0,0.9373904,1
0.0,0.07663885,1
1.0,0.6013279,1
1.0,0.72309387,1
1.0,0.9271468,1
1.0,0.93717945,1
1.0,0.6904228,1
1.0,0.6730415,1
1.0,0.8420738,1
1.0,0.8018594,1
0.0,0.4452711,1
0.0,0.11218111,1
0.0,0.20363908,1
1.0,0.93531406,1
1.0,0.8774942,1
0.0,0.40091348,1
1.0,0.551203,1
1.0,0.953483,1
1.0,0.9049087,1
1.0,0.8754904,1
0.0,0.25576577,1
0.0,0.043450154,1
1.0,0.8046389,1
0.0,0.12381017,1
1.0,0.89504206,1
1.0,0.7355094,1
0.0,0.16954753,1
0.0,0.13902965,1
1.0,0.6787549,1
1.0,0.5600451,1
0.0,0.18103148,1
1.0,0.7955792,1
1.0,0.6017901,1
1.0,0.9336524,1
1.0,0.9560906,1
0.0,0.37699783,1
1.0,0.74081564,1
1.0,0.72552276,1
0.0,0.044004325,0
0.0,0.040110633,0
0.0,0.035810757,0
0.0,0.045442592,0
0.0,0.044168953,0
0.0,0.035254933,0
0.0,0.04428761,0
0.0,0.04511372,0
0.0,0.039227072,0
0.0,0.03479975,0
0.0,0.03467475,0
0.0,0.040894594,0
0.0,0.035727695,0
0.0,0.03992883,0
0.0,0.034550603,0
0.0,0.036351215,0
0.0,0.03730577,0
0.0,0.037900712,0
0.0,0.037234224,0
0.0,0.035522826,0
0.0,0.034600638,0
0.0,0.039530415,0
0.0,0.036662485,0
0.0,0.06029981,0
0.0,0.036160033,0
0.0,0.045397855,0
0.0,0.05081885,0
0.0,0.041827034,0
0.0,0.040091064,0
0.0,0.037247952,0
0.0,0.046393517,0
0.0,0.037833225,0
0.0,0.10604783,0
0.0,0.036625415,0
0.0,0.034945186,0
0.0,0.035605714,0
0.0,0.08378347,0
0.0,0.034991223,0
0.0,0.036634024,0
0.0,0.03526002,0
0.0,0.0371217,0
0.0,0.033863626,0
0.0,0.034458224,0
0.0,0.033812348,0
0.0,0.03590833,0
0.0,0.036962464,0
0.0,0.03418408,0
0.0,0.03482717,0
0.0,0.061653,0
0.0,0.03766698,0
0.0,0.034538213,0
0.0,0.043703243,0
0.0,0.06484658,0
0.0,0.036367897,0
0.0,0.05324006,0
0.0,0.034871273,0
1.0,0.61057323,0
0.0,0.034379054,0
0.0,0.03771477,0
0.0,0.033675093,0
0.0,0.032896098,0
0.0,0.04192022,0
0.0,0.03791312,0
0.0,0.036236618,0
0.0,0.036368076,0
0.0,0.03476486,0
0.0,0.03575865,0
0.0,0.045338195,0
0.0,0.03871754,0
0.0,0.033553135,0
0.0,0.03702843,0
0.0,0.03348251,0
0.0,0.034498133,0
0.0,0.06338998,0
0.0,0.2910981,0
0.0,0.033939373,0
0.0,0.06322731,0
0.0,0.039932597,0
0.0,0.039263964,0
0.0,0.036627058,0
0.0,0.110598,0
0.0,0.03517885,0
0.0,0.035251833,0
0.0,0.057494905,0
0.0,0.03589252,0
0.0,0.07276975,0
0.0,0.1892636,0
0.0,0.03718558,0
0.0,0.03261746,0
1.0,0.56064385,0
0.0,0.037447844,0
0.0,0.034792587,0
0.0,0.034913678,0
0.0,0.03487235,0
0.0,0.03572974,0
0.0,0.035475843,0
0.0,0.037388444,0
0.0,0.033238158,0
0.0,0.043593004,0
0.0,0.03589698,0
0.0,0.049201477,0
0.0,0.034056745,0
0.0,0.036832538,0
0.0,0.034547087,0
0.0,0.045872115,0
0.0,0.035014134,0
0.0,0.035727784,0
0.0,0.29069617,0
0.0,0.0395442,0
0.0,0.038184475,0
0.0,0.14513877,0
0.0,0.039641473,0
0.0,0.054552108,0
0.0,0.042133536,0
0.0,0.036801856,0
0.0,0.036932107,0
0.0,0.04764087,0
0.0,0.05272312,0
0.0,0.10675337,0
0.0,0.10312362,0
0.0,0.04250292,0
0.0,0.041097645,0
0.0,0.035372034,0
0.0,0.033065267,0
0.0,0.046730377,0
0.0,0.37131914,0
0.0,0.035671044,0
0.0,0.037204448,0
0.0,0.035233155,0
0.0,0.04079482,0
0.0,0.09205468,0
0.0,0.033605926,0
0.0,0.033451214,0
0.0,0.04287938,0
0.0,0.03542117,0
0.0,0.03655187,0
0.0,0.03702125,0
0.0,0.03510781,0
0.0,0.08231936,0
0.0,0.039387815,0
0.0,0.123556904,0
0.0,0.0569608,0
0.0,0.03840609,0
0.0,0.04007138,0
0.0,0.034050312,0
0.0,0.053729415,0
0.0,0.04102043,0
0.0,0.03485911,0
0.0,0.047888983,0
0.0,0.036493585,0
0.0,0.034401886,0
0.0,0.04113701,0
0.0,0.041172802,0
0.0,0.034956396,0
0.0,0.036633268,0
0.0,0.0343506,0
0.0,0.16707103,0
0.0,0.03500951,0
0.0,0.044395067,0
0.0,0.059249427,0
0.0,0.0944498,0
0.0,0.035165016,0
0.0,0.03962853,0
0.0,0.03950206,0
0.0,0.047757152,0
0.0,0.037930187,0
0.0,0.09645809,0
0.0,0.041043624,0
0.0,0.06000755,0
0.0,0.037473466,0
0.0,0.1291585,0
0.0,0.038873624,0
0.0,0.04072433,0
0.0,0.03389871,0
0.0,0.033062115,0
0.0,0.037278224,0
1.0,0.9464987,0
0.0,0.036550328,0
0.0,0.03340586,0
0.0,0.13913557,0
0.0,0.037652824,0
0.0,0.03668171,0
0.0,0.036033377,0
0.0,0.034691185,0
0.0,0.037646383,0
0.0,0.03588226,0
0.0,0.09527899,0
0.0,0.04456141,0
0.0,0.033180047,0
0.0,0.03926974,0
0.0,0.03518354,0
0.0,0.058036502,0
0.0,0.035499066,0
0.0,0.03305777,0
0.0,0.035417,0
0.0,0.0364119,0
0.0,0.033602305,0
0.0,0.035075594,0
0.0,0.03647298,0
0.0,0.033786647,0
0.0,0.04081173,0
0.0,0.03854509,0
0.0,0.036370005,0
0.0,0.03494456,0
0.0,0.03283282,0
0.0,0.05045853,0
0.0,0.13956328,0
0.0,0.035854343,0
0.0,0.035513204,0
0.0,0.035384096,0
0.0,0.039702363,0
0.0,0.064298384,0
0.0,0.03578516,0
0.0,0.03489887,0
0.0,0.03503108,0
0.0,0.03539099,0
0.0,0.03611187,0
0.0,0.05789055,0
0.0,0.033613723,0
0.0,0.03814345,0
0.0,0.036743466,0
0.0,0.033436716,0
0.0,0.03743998,0
0.0,0.08105853,0
0.0,0.034232944,0
0.0,0.041176435,0
0.0,0.037357453,0
0.0,0.035955794,0
0.0,0.15794426,0
0.0,0.033069495,0
0.0,0.07328317,0
0.0,0.035246275,0
0.0,0.04966675,0
0.0,0.045710865,0
0.0,0.15068907,0
0.0,0.0345207,0
0.0,0.1933916,0
0.0,0.034721073,0
0.0,0.036149446,0
0.0,0.25352898,0
0.0,0.04777494,0
0.0,0.03668827,0
0.0,0.035775974,0
0.0,0.04221885,0
0.0,0.034952205,0
0.0,0.03466865,0
1.0,0.9607904,1
1.0,0.9646247,1
1.0,0.9589887,1
1.0,0.9424696,1
1.0,0.9600254,1
0.0,0.14298476,1
0.0,0.081619434,1
0.0,0.41114247,1
0.0,0.16300865,1
1.0,0.96618074,1
1.0,0.9609599,1
1.0,0.96746486,1
1.0,0.9608121,1
1.0,0.9622553,1
1.0,0.9660383,1
1.0,0.95651793,1
1.0,0.96576345,1
1.0,0.968385,1
1.0,0.9661679,1
1.0,0.9670109,1
1.0,0.96599644,1
1.0,0.9666725,1
1.0,0.9673327,1
1.0,0.9655095,1
1.0,0.94100744,1
1.0,0.964523,1
1.0,0.9300625,1
1.0,0.9659678,1
1.0,0.94464666,1
1.0,0.7550524,1
1.0,0.96497136,1
1.0,0.96574426,1
1.0,0.8872545,1
1.0,0.9377783,1
1.0,0.96157974,1
1.0,0.96420103,1
1.0,0.9350585,1
1.0,0.8602865,1
1.0,0.800919,1
0.0,0.19545154,1
1.0,0.8975071,1
1.0,0.95864195,1
1.0,0.9574256,1
1.0,0.9346139,1
1.0,0.9422601,1
1.0,0.95283055,1
1.0,0.73411393,1
1.0,0.9619403,1
1.0,0.9496167,1
0.0,0.067153774,1
0.0,0.17250979,1
0.0,0.041088175,1
0.0,0.057216242,1
1.0,0.9620696,1
1.0,0.95636433,1
1.0,0.9577493,1
1.0,0.95793194,1
1.0,0.9679975,1
1.0,0.9660463,1
1.0,0.9356922,1
1.0,0.9185057,1
0.0,0.37365705,1
0.0,0.47661704,1
1.0,0.95049435,1
1.0,0.77962375,1
1.0,0.954385,1
1.0,0.9590762,1
1.0,0.9549934,1
1.0,0.96740526,1
0.0,0.121747665,1
1.0,0.95451486,1
1.0,0.9457303,1
0.0,0.21058226,1
1.0,0.9231556,1
1.0,0.8677512,1
1.0,0.95409256,1
1.0,0.90071225,1
1.0,0.9178673,1
1.0,0.9277437,1
1.0,0.94385695,1
1.0,0.8317061,1
0.0,0.056015193,1
1.0,0.53229094,1
0.0,0.4723998,1
1.0,0.5243493,1
1.0,0.75774914,1
1.0,0.6493933,1
1.0,0.8430621,1
1.0,0.7730329,1
1.0,0.9605326,1
0.0,0.4053038,1
1.0,0.9605443,1
1.0,0.95252395,1
0.0,0.13302122,1
1.0,0.937824,1
1.0,0.9518814,1
1.0,0.9483057,1
1.0,0.7458496,1
0.0,0.07767287,1
1.0,0.8705955,1
0.0,0.15157615,1
1.0,0.56782013,1
1.0,0.85673004,1
1.0,0.95373255,1
1.0,0.9193911,1
1.0,0.87331027,1
1.0,0.78687125,1
1.0,0.95598644,1
1.0,0.9625304,1
1.0,0.66683066,1
1.0,0.79200965,1
1.0,0.5574109,1
1.0,0.8483369,1
1.0,0.8509259,1
1.0,0.8604828,1
1.0,0.80080324,1
1.0,0.6273208,1
0.0,0.41221517,1
1.0,0.64457655,1
0.0,0.29767704,1
1.0,0.9610594,1
1.0,0.96050775,1
1.0,0.95967937,1
1.0,0.88795805,1
1.0,0.93648434,1
1.0,0.74654084,1
0.0,0.051104188,1
0.0,0.12273748,1
0.0,0.09591456,1
0.0,0.058365528,1
0.0,0.11840769,1
0.0,0.049491785,1
0.0,0.039962515,1
0.0,0.060649164,1
1.0,0.9024259,1
1.0,0.72143286,1
1.0,0.8781127,1
1.0,0.6436092,1
1.0,0.7122487,1
1.0,0.94224536,1
1.0,0.93360054,1
1.0,0.80026835,1
1.0,0.95920444,1
1.0,0.9293527,1
1.0,0.87424225,1
1.0,0.95838636,1
1.0,0.9092727,1
1.0,0.91634774,1
1.0,0.9446313,1
1.0,0.9207178,1
1.0,0.9525083,1
1.0,0.7339651,1
1.0,0.9508808,1
1.0,0.8742486,1
1.0,0.92781997,1
1.0,0.7804855,1
1.0,0.54261947,1
1.0,0.8423333,1
1.0,0.9372809,1
1.0,0.960886,1
1.0,0.93380773,1
1.0,0.72649837,1
1.0,0.74913627,1
0.0,0.12953226,1
1.0,0.9425135,1
0.0,0.22719361,1
1.0,0.9619959,1
1.0,0.9526389,1
1.0,0.9510444,1
0.0,0.2374658,1
1.0,0.9040048,1
1.0,0.5584788,1
1.0,0.9540162,1
1.0,0.9432378,1
1.0,0.5845282,1
1.0,0.55935925,1
0.0,0.29814908,1
1.0,0.6207312,1
1.0,0.8192508,1
1.0,0.86183995,1
1.0,0.78381306,1
1.0,0.67603606,1
0.0,0.4357945,1
1.0,0.91346496,1
1.0,0.9582239,1
1.0,0.95644236,1
1.0,0.87061816,1
1.0,0.95348865,1
0.0,0.2767047,1
0.0,0.116490036,1
1.0,0.91014576,1
1.0,0.87177086,1
1.0,0.80041164,1
1.0,0.8990217,1
1.0,0.9314644,1
1.0,0.96398365,1
1.0,0.835494,1
1.0,0.89932626,1
1.0,0.8664947,1
1.0,0.6331644,1
0.0,0.110125825,1
0.0,0.21705496,1
0.0,0.12789685,1
0.0,0.3897248,1
1.0,0.6860267,1
1.0,0.94734955,1
1.0,0.95147413,1
0.0,0.14302139,1
0.0,0.22897139,1
0.0,0.49207157,1
1.0,0.84699297,1
1.0,0.8282113,1
1.0,0.87223583,1
1.0,0.6238139,1
1.0,0.5574302,1
1.0,0.8938891,1
0.0,0.04660896,1
1.0,0.5188792,1
1.0,0.82572037,1
1.0,0.58531654,1
1.0,0.9336768,1
0.0,0.2635829,1
1.0,0.5221647,1
1.0,0.8354447,1
1.0,0.94317055,1
1.0,0.75810546,1
1.0,0.73234993,1
1.0,0.83156615,1
1.0,0.93517715,1
1.0,0.9441033,1
1.0,0.95547545,1
1.0,0.9566887,1
1.0,0.8563004,1
1.0,0.9598284,1
1.0,0.9642945,1
1.0,0.956933,1
1.0,0.9667671,1
1.0,0.96400625,1
1.0,0.9594368,1
1.0,0.96429336,1
1.0,0.9638452,1
1.0,0.8957208,1
1.0,0.95056623,1
1.0,0.9397764,1
0.0,0.4703223,1
0.0,0.19553845,1
0.0,0.083857484,1
1.0,0.7710654,1
1.0,0.89913666,1
1.0,0.9317225,1
0.0,0.3331062,1
0.0,0.39662278,1
1.0,0.94707835,1
1.0,0.9420779,1
0.0,0.3979531,1
1.0,0.9208368,1
1.0,0.9147372,1
1.0,0.86246383,1
1.0,0.6047993,1
1.0,0.96181685,1
1.0,0.8851685,1
1.0,0.83428675,1
1.0,0.951052,1
1.0,0.9558768,1
1.0,0.96442467,1
1.0,0.9653198,1
1.0,0.96268654,1
1.0,0.964911,1
1.0,0.6743167,1
1.0,0.91251314,1
1.0,0.954509,1
1.0,0.9659847,1
1.0,0.9633211,1
1.0,0.53451604,1
0.0,0.056514867,1
0.0,0.03878676,1
0.0,0.043726478,1
0.0,0.06946152,1
0.0,0.076863736,1
1.0,0.9629289,1
1.0,0.9623444,1
1.0,0.82559776,1
0.0,0.055486273,1
1.0,0.8649791,1
0.0,0.052037094,1
0.0,0.044461932,1
0.0,0.26729423,1
0.0,0.06481761,1
0.0,0.03982842,1
1.0,0.7832445,1
0.0,0.036402076,0
0.0,0.049057633,0
0.0,0.037226602,0
0.0,0.03893676,0
1.0,0.50620514,0
0.0,0.033929206,0
0.0,0.048457272,0
0.0,0.03519477,0
0.0,0.05149697,0
0.0,0.038842004,0
0.0,0.22825971,0
0.0,0.03977074,0
0.0,0.0363768,0
0.0,0.03459604,0
0.0,0.036185034,0
0.0,0.035981983,0
0.0,0.03773128,0
0.0,0.043952763,0
0.0,0.033784796,0
0.0,0.034161936,0
0.0,0.03622565,0
0.0,0.040929116,0
0.0,0.035804417,0
0.0,0.035256237,0
0.0,0.06948772,0
0.0,0.04193721,0
0.0,0.034908827,0
0.0,0.11120889,0
0.0,0.04140401,0
0.0,0.034157943,0
0.0,0.03615237,0
0.0,0.040870287,0
1.0,0.5285187,0
0.0,0.041125633,0
0.0,0.035909425,0
0.0,0.04040896,0
0.0,0.032961506,0
0.0,0.036127057,0
0.0,0.03848842,0
0.0,0.035327077,0
0.0,0.042171437,0
0.0,0.15767793,0
0.0,0.04295737,0
0.0,0.0337661,0
0.0,0.04036682,0
0.0,0.042279772,0
0.0,0.039226715,0
0.0,0.075703256,0
0.0,0.036098976,0
0.0,0.047594972,0
0.0,0.034976523,0
0.0,0.08315544,0
0.0,0.034258585,0
0.0,0.035019312,0
0.0,0.03598578,0
0.0,0.03879732,0
0.0,0.035345055,0
0.0,0.035947,0
0.0,0.034299884,0
0.0,0.050191987,0
0.0,0.038695008,0
0.0,0.052591283,0
0.0,0.03474903,0
0.0,0.038478643,0
0.0,0.038889572,0
0.0,0.040660884,0
0.0,0.03396729,0
0.0,0.03672753,0
0.0,0.033617903,0
0.0,0.075415716,0
0.0,0.03848468,0
0.0,0.046361323,0
0.0,0.040943343,0
0.0,0.074210845,0
0.0,0.03572028,0
0.0,0.03404088,0
0.0,0.27692065,0
0.0,0.034925032,0
0.0,0.034077268,0
0.0,0.044009585,0
0.0,0.08430349,0
0.0,0.03463881,0
0.0,0.03530259,0
0.0,0.05636809,0
0.0,0.10121298,0
0.0,0.046400134,0
0.0,0.04219161,0
0.0,0.035016622,0
0.0,0.04068854,0
0.0,0.03457878,0
0.0,0.07215034,0
1.0,0.89028895,0
0.0,0.03932332,0
0.0,0.03461086,0
0.0,0.03416043,0
0.0,0.44172925,0
0.0,0.03370534,0
0.0,0.033723574,0
0.0,0.038682513,0
0.0,0.035812765,0
0.0,0.033613313,0
0.0,0.04668547,0
0.0,0.039062664,0
0.0,0.03586384,0
0.0,0.038893927,0
0.0,0.035176437,0
0.0,0.037920225,0
0.0,0.033376724,0
0.0,0.03547592,0
0.0,0.039288197,0
0.0,0.036404755,0
0.0,0.044973746,0
0.0,0.03476804,0
0.0,0.039731313,0
0.0,0.03290313,0
0.0,0.041443024,0
0.0,0.04182516,0
0.0,0.034559693,0
0.0,0.0433767,0
0.0,0.036355898,0
0.0,0.048042174,0
0.0,0.034545083,0
0.0,0.07675738,0
0.0,0.034139637,0
0.0,0.04364928,0
0.0,0.043722235,0
0.0,0.059217945,0
0.0,0.034169283,0
0.0,0.04710927,0
0.0,0.034574952,0
0.0,0.047927223,0
0.0,0.035905465,0
0.0,0.03629267,0
1.0,0.74107605,0
0.0,0.037413828,0
0.0,0.034125607,0
0.0,0.03405662,0
0.0,0.03789369,0
0.0,0.0389262,0
0.0,0.0394238,0
0.0,0.036436506,0
0.0,0.041984476,0
0.0,0.034318514,0
0.0,0.04136949,0
0.0,0.17720163,0
0.0,0.03702234,0
0.0,0.038821857,0
1.0,0.6394688,0
0.0,0.03552132,0
0.0,0.048894897,0
0.0,0.036756355,0
0.0,0.07087026,0
0.0,0.033518825,0
0.0,0.2943577,0
0.0,0.034718044,0
1.0,0.6157759,0
0.0,0.045748882,0
0.0,0.043139983,0
0.0,0.03929825,0
0.0,0.039718222,0
0.0,0.15561044,0
0.0,0.03511916,0
0.0,0.038788572,0
0.0,0.39426577,0
0.0,0.05892595,0
0.0,0.07753681,0
0.0,0.034221884,0
0.0,0.03408298,0
0.0,0.057088632,0
0.0,0.042565815,0
0.0,0.038669366,0
0.0,0.050417863,0
0.0,0.036655374,0
0.0,0.037275467,0
0.0,0.1186681,0
0.0,0.035733223,0
0.0,0.03927458,0
0.0,0.03850557,0
0.0,0.079759926,0
0.0,0.037104145,0
0.0,0.036931336,0
0.0,0.04301166,0
0.0,0.05352802,0
0.0,0.04130294,0
0.0,0.3664041,0
0.0,0.4000023,0
0.0,0.03468001,0
0.0,0.052002437,0
0.0,0.03692275,0
0.0,0.035365302,0
0.0,0.050051413,0
0.0,0.03762275,0
0.0,0.033466555,0
0.0,0.039147213,0
0.0,0.045052037,0
0.0,0.038514193,0
0.0,0.034172148,0
0.0,0.03418337,0
0.0,0.04498874,0
0.0,0.061258074,0
0.0,0.03453165,0
0.0,0.04581276,0
0.0,0.04145008,0
0.0,0.035852674,0
0.0,0.057458892,0
0.0,0.03306933,0
0.0,0.034841437,0
0.0,0.03695617,0
1.0,0.6761232,0
0.0,0.04072649,0
0.0,0.03954813,0
0.0,0.034265906,0
0.0,0.09347323,0
0.0,0.035419367,0
0.0,0.033786047,0
0.0,0.03681445,0
0.0,0.03475668,0
0.0,0.03430238,0
0.0,0.035678778,0
0.0,0.07484206,0
0.0,0.08464388,0
0.0,0.033954877,0
0.0,0.041178748,0
0.0,0.03626811,0
0.0,0.03697702,0
0.0,0.043175757,0
0.0,0.034042094,0
0.0,0.03271362,0
0.0,0.044399094,0
0.0,0.03384093,0
0.0,0.17499116,0
0.0,0.034195542,0
0.0,0.041810546,0
0.0,0.04381984,0
0.0,0.037456606,0
0.0,0.035139024,0
0.0,0.03650859,0
0.0,0.044714577,0
0.0,0.043064293,0
0.0,0.034633543,0
0.0,0.06999554,0
0.0,0.03729573,0
0.0,0.03477529,0
0.0,0.4002098,0
0.0,0.036329668,0
0.0,0.12125635,0
0.0,0.038530406,0
0.0,0.03358192,0
0.0,0.11977751,0
0.0,0.03504215,0
0.0,0.041283876,0
0.0,0.09509942,0
0.0,0.05792459,0
0.0,0.04520499,0
0.0,0.035908714,0
0.0,0.045673933,0
0.0,0.058074486,0
0.0,0.051233888,0
0.0,0.034505025,0
0.0,0.03493449,0
0.0,0.056290124,0
0.0,0.038333647,0
0.0,0.04193523,0
0.0,0.055541724,0
0.0,0.036034096,0
0.0,0.038935155,0
0.0,0.035970777,0
0.0,0.036044244,0
0.0,0.042306647,0
0.0,0.036910273,0
0.0,0.03342825,0
0.0,0.035266366,0
0.0,0.03570494,0
0.0,0.096350655,0
0.0,0.03411432,0
0.0,0.04208541,0
0.0,0.0851923,0
0.0,0.04493899,0
0.0,0.058448307,0
0.0,0.037006367,0
0.0,0.039248474,0
0.0,0.035490524,0
0.0,0.07113263,0
0.0,0.03866334,0
0.0,0.101712875,0
0.0,0.03891826,0
0.0,0.2529973,0
0.0,0.037815582,0
0.0,0.039028563,0
0.0,0.044205096,0
0.0,0.048837926,0
0.0,0.092756376,0
0.0,0.04900173,0
0.0,0.034749784,0
0.0,0.13259298,0
0.0,0.03323066,0
0.0,0.037332304,0
0.0,0.03666734,0
0.0,0.0654716,0
0.0,0.038011476,0
0.0,0.032956578,0
0.0,0.121292986,0
0.0,0.034287285,0
0.0,0.03658119,0
0.0,0.041470442,0
0.0,0.034567643,0
0.0,0.03600443,0
0.0,0.038950726,0
1.0,0.9148774,0
0.0,0.039221305,0
0.0,0.05765654,0
0.0,0.2451898,1
1.0,0.8488042,1
1.0,0.9364594,1
1.0,0.9630881,1
0.0,0.21157928,1
1.0,0.91847754,1
1.0,0.9064385,1
0.0,0.46673617,1
1.0,0.94183457,1
0.0,0.40157136,1
1.0,0.9096598,1
1.0,0.5293802,1
0.0,0.31082016,1
1.0,0.9219538,1
1.0,0.9558435,1
1.0,0.92789483,1
1.0,0.9440931,1
1.0,0.9330759,1
1.0,0.73362726,1
0.0,0.26048878,1
1.0,0.7100466,1
1.0,0.92995405,1
1.0,0.9476957,1
0.0,0.08484102,1
0.0,0.18421435,1
0.0,0.16687892,1
0.0,0.057209525,1
1.0,0.96646714,1
1.0,0.8886947,1
1.0,0.9430481,1
1.0,0.92681056,1
0.0,0.4360149,1
0.0,0.26707235,1
0.0,0.067049816,1
1.0,0.9340725,1
0.0,0.11227354,1
1.0,0.9666381,1
1.0,0.9639285,1
1.0,0.9459358,1
1.0,0.91348845,1
1.0,0.93800783,1
1.0,0.8632748,1
1.0,0.9078159,1
1.0,0.83968866,1
1.0,0.9572436,1
1.0,0.9631036,1
1.0,0.9485854,1
1.0,0.562674,1
1.0,0.9372867,1
0.0,0.4647345,1
1.0,0.95876205,1
1.0,0.95885813,1
1.0,0.959994,1
1.0,0.89489365,1
1.0,0.8409704,1
1.0,0.86601907,1
1.0,0.93832576,1
1.0,0.9368735,1
1.0,0.96275836,1
1.0,0.96209174,1
1.0,0.957278,1
1.0,0.95652497,1
1.0,0.9610647,1
1.0,0.82713014,1
1.0,0.9039417,1
1.0,0.9427203,1
1.0,0.8758293,1
1.0,0.9394426,1
1.0,0.94018227,1
1.0,0.85445094,1
1.0,0.9528965,1
1.0,0.8894731,1
1.0,0.9255281,1
1.0,0.7466834,1
1.0,0.95193607,1
1.0,0.72353363,1
1.0,0.83348775,1
1.0,0.96439826,1
1.0,0.9538833,1
1.0,0.95291436,1
1.0,0.9625427,1
1.0,0.96499276,1
1.0,0.9674928,1
1.0,0.9652564,1
1.0,0.95505476,1
1.0,0.9588287,1
1.0,0.9427365,1
1.0,0.8840899,1
0.0,0.1378631,1
0.0,0.05148715,1
0.0,0.0498194,1
0.0,0.11715421,1
1.0,0.91809213,1
1.0,0.7659197,1
1.0,0.6901167,1
1.0,0.7458375,1
1.0,0.95864713,1
1.0,0.95709616,1
1.0,0.9566592,1
1.0,0.9578405,1
1.0,0.9618887,1
1.0,0.9605801,1
1.0,0.9453246,1
1.0,0.95903105,1
1.0,0.77098316,1
1.0,0.9621731,1
1.0,0.9593106,1
1.0,0.9595149,1
1.0,0.9274588,1
0.0,0.23365892,1
0.0,0.39155465,1
0.0,0.12577643,1
0.0,0.2964156,1
0.0,0.29409218,1
1.0,0.693121,1
1.0,0.9419945,1
1.0,0.9383644,1
1.0,0.93275344,1
1.0,0.635667,1
1.0,0.6688493,1
1.0,0.955345,1
1.0,0.9478259,1
1.0,0.9564475,1
1.0,0.6281429,1
0.0,0.27115548,1
1.0,0.8632511,1
0.0,0.4153981,1
1.0,0.70833856,1
1.0,0.8266031,1
1.0,0.6340148,1
1.0,0.90100557,1
1.0,0.9585521,1
1.0,0.8477523,1
1.0,0.87835157,1
1.0,0.8664299,1
1.0,0.94296,1
1.0,0.8245726,1
1.0,0.93377244,1
1.0,0.91150033,1
1.0,0.9310487,1
1.0,0.8494711,1
1.0,0.87288237,1
1.0,0.72190756,1
1.0,0.9579254,1
1.0,0.95702726,1
1.0,0.9573617,1
1.0,0.9387211,1
1.0,0.9167193,1
1.0,0.9309174,1
0.0,0.109258704,1
1.0,0.5617234,1
0.0,0.07967875,1
1.0,0.88269544,1
1.0,0.7681366,1
1.0,0.9346578,1
0.0,0.38996193,1
0.0,0.19522288,1
0.0,0.050586917,1
0.0,0.36074138,1
1.0,0.93645215,1
1.0,0.93983257,1
1.0,0.9174103,1
1.0,0.96408737,1
0.0,0.052545134,1
0.0,0.12646747,1
1.0,0.9455787,1
1.0,0.8086399,1
0.0,0.051833585,1
0.0,0.4827121,1
1.0,0.6293033,1
0.0,0.28512275,1
0.0,0.29294667,1
0.0,0.31672978,1
0.0,0.4642859,1
1.0,0.71202654,1
1.0,0.7956769,1
1.0,0.8829793,1
1.0,0.7027244,1
1.0,0.9247363,1
1.0,0.66317105,1
1.0,0.89625835,1
0.0,0.34815857,1
1.0,0.7805648,1
1.0,0.87644964,1
1.0,0.69451827,1
1.0,0.8300424,1
1.0,0.51072395,1
1.0,0.9253634,1
1.0,0.6518899,1
1.0,0.93004566,1
1.0,0.5665563,1
1.0,0.9176351,1
1.0,0.5963328,1
1.0,0.8058168,1
1.0,0.9212376,1
1.0,0.9429671,1
1.0,0.9596507,1
1.0,0.8942591,1
1.0,0.96591604,1
1.0,0.738231,1
1.0,0.66194993,1
1.0,0.96550983,1
1.0,0.96314037,1
1.0,0.9620493,1
1.0,0.9319936,1
1.0,0.9608532,1
1.0,0.7755713,1
1.0,0.73103535,1
1.0,0.86849254,1
1.0,0.90344465,1
1.0,0.83826196,1
1.0,0.52743804,1
0.0,0.045918286,0
0.0,0.03371472,0
0.0,0.034256127,0
0.0,0.033565834,0
0.0,0.03359968,0
0.0,0.034863587,0
0.0,0.037164096,0
0.0,0.034504123,0
0.0,0.034758072,0
0.0,0.040871862,0
0.0,0.03770596,0
0.0,0.0373542,0
0.0,0.034675013,0
0.0,0.03821494,0
0.0,0.03756653,0
0.0,0.03395562,0
0.0,0.04198842,0
0.0,0.037121713,0
0.0,0.04774398,0
0.0,0.036054384,0
0.0,0.040989306,0
0.0,0.034563903,0
0.0,0.03929922,0
0.0,0.033970173,0
0.0,0.09348435,0
0.0,0.07150675,0
0.0,0.03832277,0
0.0,0.040372994,0
0.0,0.03595108,0
0.0,0.038921308,0
0.0,0.03602026,0
0.0,0.039645392,0
0.0,0.034694575,0
0.0,0.037020586,0
0.0,0.03489882,0
0.0,0.047253687,0
0.0,0.035087228,0
0.0,0.041637752,0
0.0,0.037443515,0
0.0,0.18265516,0
0.0,0.034826536,0
0.0,0.034062892,0
0.0,0.033321194,0
0.0,0.03425774,0
0.0,0.08527886,0
0.0,0.038324695,0
0.0,0.049612917,0
0.0,0.05908938,0
0.0,0.06581504,0
0.0,0.035740003,0
0.0,0.042970844,0
0.0,0.08022252,0
0.0,0.40308273,0
0.0,0.064152606,0
0.0,0.034113776,0
0.0,0.0766519,0
0.0,0.03704987,0
1.0,0.8366447,0
0.0,0.03617455,0
0.0,0.04987754,0
0.0,0.18524615,0
0.0,0.035080694,0
0.0,0.044617288,0
0.0,0.04227206,0
0.0,0.05825817,0
0.0,0.039910235,0
0.0,0.037908234,0
0.0,0.038566194,0
1.0,0.5143913,0
0.0,0.44870028,0
0.0,0.035467517,0
0.0,0.04748694,0
0.0,0.03635491,0
0.0,0.05987246,0
0.0,0.03384911,0
1.0,0.89279985,0
0.0,0.057287704,0
0.0,0.033912066,0
0.0,0.038345,0
0.0,0.04743497,0
0.0,0.037535034,0
0.0,0.03434649,0
0.0,0.03877343,0
0.0,0.037587207,0
0.0,0.03300666,0
0.0,0.047755282,0
0.0,0.043219946,0
0.0,0.03350043,0
0.0,0.034106553,0
0.0,0.039180398,0
0.0,0.03490848,0
0.0,0.035952054,0
0.0,0.034066442,0
0.0,0.047679503,0
0.0,0.06038271,0
0.0,0.03307039,0
0.0,0.04044581,0
0.0,0.035603106,0
0.0,0.04696813,0
0.0,0.039755814,0
0.0,0.04294755,0
0.0,0.036938705,0
0.0,0.03949667,0
0.0,0.042290416,0
0.0,0.043059055,0
0.0,0.050365254,0
0.0,0.039392866,0
0.0,0.04175888,0
0.0,0.0353546,0
0.0,0.04369132,0
0.0,0.045979552,0
0.0,0.038666334,0
0.0,0.038705155,0
0.0,0.03876675,0
0.0,0.040115803,0
0.0,0.07105789,0
0.0,0.035388894,0
0.0,0.05818983,0
0.0,0.048799995,0
0.0,0.056031678,0
0.0,0.044091832,0
0.0,0.037340485,0
0.0,0.043120094,0
0.0,0.050235607,0
0.0,0.043251842,0
0.0,0.03438084,0
0.0,0.034141235,0
0.0,0.040976048,0
0.0,0.05294836,0
0.0,0.039737705,0
0.0,0.056646258,0
0.0,0.061164413,0
0.0,0.035997435,0
0.0,0.033867735,0
0.0,0.034693595,0
0.0,0.03420656,0
0.0,0.039204456,0
0.0,0.0359544,0
1.0,0.72187334,0
0.0,0.07018272,0
0.0,0.03923412,0
0.0,0.044940196,0
0.0,0.044484783,0
0.0,0.050990358,0
0.0,0.038635314,0
0.0,0.0343622,0
0.0,0.038486354,0
0.0,0.039310943,0
0.0,0.03599317,0
0.0,0.046192825,0
0.0,0.04372693,0
0.0,0.13340932,0
0.0,0.045802657,0
0.0,0.038491104,0
0.0,0.050059285,0
0.0,0.03666324,0
0.0,0.03546879,0
0.0,0.28787845,0
0.0,0.033886593,0
0.0,0.04013048,0
0.0,0.037055247,0
0.0,0.03357486,0
0.0,0.0369507,0
0.0,0.03352747,0
0.0,0.07895744,0
0.0,0.03479752,0
0.0,0.056519777,0
0.0,0.035502035,0
0.0,0.041290823,0
0.0,0.09408794,0
0.0,0.040558547,0
0.0,0.03534071,0
0.0,0.038615406,0
0.0,0.03812696,0
0.0,0.045486324,0
0.0,0.08128518,0
0.0,0.10564515,0
0.0,0.046879355,0
0.0,0.05272185,0
0.0,0.039913,0
0.0,0.033854708,0
0.0,0.035696555,0
0.0,0.03766338,0
0.0,0.035078462,0
0.0,0.088441245,0
0.0,0.033986505,0
0.0,0.06909448,0
0.0,0.04365807,0
0.0,0.053650904,0
0.0,0.04103501,0
0.0,0.03550261,0
0.0,0.04222889,0
0.0,0.043615267,0
0.0,0.08101251,0
0.0,0.042461693,0
0.0,0.0380356,0
0.0,0.06693227,0
0.0,0.038044035,0
0.0,0.040556684,0
0.0,0.050062515,0
0.0,0.03981833,0
0.0,0.4416959,0
0.0,0.03590898,0
0.0,0.033238903,0
0.0,0.035948537,0
0.0,0.09312431,0
0.0,0.03573569,0
0.0,0.047319163,0
0.0,0.13106197,0
0.0,0.04012916,0
0.0,0.048606116,0
0.0,0.035667744,0
0.0,0.044540938,0
0.0,0.36879054,0
0.0,0.037507113,0
0.0,0.035649728,0
0.0,0.034296017,0
0.0,0.034302756,0
0.0,0.034560114,0
0.0,0.038273934,0
0.0,0.035501625,0
0.0,0.035280276,0
0.0,0.035492517,0
0.0,0.05032849,0
0.0,0.03819426,0
0.0,0.064103134,0
0.0,0.03384724,0
0.0,0.040766515,0
0.0,0.03528899,0
0.0,0.035636738,0
0.0,0.033820827,0
0.0,0.03641217,0
0.0,0.03546948,0
0.0,0.036896933,0
0.0,0.045702778,0
0.0,0.07058396,0
0.0,0.036178898,0
0.0,0.039947007,0
0.0,0.037199717,0
0.0,0.034856535,0
0.0,0.03530386,0
0.0,0.03944135,0
0.0,0.04340956,0
0.0,0.4031302,0
0.0,0.03826565,0
0.0,0.042492382,0
0.0,0.033279814,0
0.0,0.033819117,0
0.0,0.03848244,0
0.0,0.034023836,0
0.0,0.035884812,0
0.0,0.0367293,0
0.0,0.20456217,0
0.0,0.036799017,0
0.0,0.036514897,0
0.0,0.047918104,0
0.0,0.03668304,0
0.0,0.035651095,0
0.0,0.10232814,0
0.0,0.043717697,0
0.0,0.035701934,0
0.0,0.046612762,0
0.0,0.09458331,0
0.0,0.038561027,0
1.0,0.8185557,1
1.0,0.93440926,1
1.0,0.95873904,1
1.0,0.9127534,1
1.0,0.96031564,1
1.0,0.92223865,1
1.0,0.9302449,1
1.0,0.84339803,1
1.0,0.6705461,1
1.0,0.9665877,1
1.0,0.9581846,1
1.0,0.9657485,1
1.0,0.96025753,1
1.0,0.9593239,1
1.0,0.94806695,1
1.0,0.93994105,1
1.0,0.96496326,1
1.0,0.965965,1
1.0,0.92982113,1
1.0,0.9631763,1
1.0,0.96403784,1
1.0,0.90249246,1
1.0,0.94604975,1
1.0,0.9485513,1
1.0,0.8042277,1
1.0,0.94726354,1
1.0,0.9333375,1
1.0,0.95307857,1
1.0,0.9534671,1
1.0,0.95012105,1
1.0,0.9428075,1
1.0,0.95242155,1
1.0,0.69087714,1
1.0,0.94055355,1
1.0,0.961672,1
1.0,0.50411874,1
0.0,0.32222787,1
0.0,0.30281335,1
1.0,0.52422065,1
1.0,0.50803095,1
0.0,0.059660755,1
1.0,0.70212066,1
0.0,0.19133739,1
0.0,0.43642884,1
1.0,0.8175744,1
1.0,0.90104747,1
0.0,0.12190224,1
1.0,0.7596113,1
0.0,0.40522808,1
1.0,0.7652485,1
1.0,0.83639383,1
0.0,0.32318053,1
1.0,0.7693095,1
1.0,0.58896375,1
1.0,0.57716644,1
0.0,0.10927689,1
0.0,0.24149048,1
1.0,0.7032427,1
1.0,0.9341045,1
1.0,0.92128825,1
1.0,0.9339345,1
0.0,0.32112253,1
1.0,0.92321455,1
1.0,0.9559863,1
1.0,0.93854904,1
1.0,0.9633238,1
1.0,0.8763663,1
1.0,0.9661984,1
1.0,0.95921946,1
0.0,0.06875118,1
0.0,0.056689035,1
0.0,0.04555023,1
1.0,0.95460916,1
1.0,0.752401,1
1.0,0.9207984,1
1.0,0.9402358,1
1.0,0.75341487,1
1.0,0.6837427,1
0.0,0.33502135,1
1.0,0.56038904,1
1.0,0.9389322,1
0.0,0.4703553,1
1.0,0.8855083,1
1.0,0.6291233,1
1.0,0.63342756,1
1.0,0.85380214,1
1.0,0.63124466,1
1.0,0.95958287,1
0.0,0.096631825,1
0.0,0.03785307,1
0.0,0.29105407,1
1.0,0.57904977,1
1.0,0.93690807,1
1.0,0.90175456,1
1.0,0.95267755,1
1.0,0.93136895,1
1.0,0.8610483,1
1.0,0.5992235,1
0.0,0.09220877,1
1.0,0.78045803,1
1.0,0.95831263,1
1.0,0.89649254,1
1.0,0.9634632,1
1.0,0.9331904,1
1.0,0.9628845,1
1.0,0.96583754,1
1.0,0.9640671,1
1.0,0.9596405,1
1.0,0.9559726,1
1.0,0.958585,1
1.0,0.92302805,1
1.0,0.9507524,1
1.0,0.9141077,1
1.0,0.5397828,1
0.0,0.22316566,1
1.0,0.9373404,1
0.0,0.098295175,1
0.0,0.4272889,1
0.0,0.43220356,1
1.0,0.95953983,1
1.0,0.9604761,1
1.0,0.9629667,1
1.0,0.95747,1
1.0,0.941388,1
1.0,0.813646,1
0.0,0.05696059,1
0.0,0.078998424,1
0.0,0.09195006,1
0.0,0.12990256,1
0.0,0.065856166,1
0.0,0.06205081,1
1.0,0.95547956,1
1.0,0.8765381,1
1.0,0.9642375,1
1.0,0.96235645,1
1.0,0.9596949,1
1.0,0.9583631,1
1.0,0.95810634,1
1.0,0.76462907,1
1.0,0.95994794,1
1.0,0.9269323,1
1.0,0.93523675,1
1.0,0.9542481,1
0.0,0.46319854,1
1.0,0.94992507,1
1.0,0.965683,1
1.0,0.9554876,1
1.0,0.92185587,1
1.0,0.9653063,1
1.0,0.9618793,1
1.0,0.94362974,1
1.0,0.9077471,1
1.0,0.7597472,1
1.0,0.95783865,1
1.0,0.9315312,1
1.0,0.9277576,1
1.0,0.64169246,1
1.0,0.89105386,1
1.0,0.70320624,1
0.0,0.41207373,1
1.0,0.9493653,1
1.0,0.6354209,1
0.0,0.33198884,1
1.0,0.9620793,1
1.0,0.793015,1
1.0,0.8594109,1
1.0,0.95775247,1
1.0,0.9654845,1
1.0,0.90358806,1
1.0,0.9661094,1
1.0,0.9610829,1
1.0,0.9625185,1
1.0,0.8314094,1
1.0,0.9549059,1
1.0,0.9565872,1
1.0,0.77890944,1
1.0,0.9550751,1
1.0,0.96322596,1
1.0,0.953908,1
1.0,0.93337077,1
1.0,0.95033866,1
1.0,0.8761545,1
1.0,0.95047444,1
1.0,0.9111867,1
1.0,0.8857656,1
0.0,0.12687507,1
1.0,0.8075265,1
1.0,0.6227498,1
0.0,0.3917563,1
0.0,0.30688977,1
0.0,0.1522495,1
1.0,0.8049399,1
0.0,0.31469342,1
1.0,0.9521422,1
1.0,0.91758734,1
1.0,0.96027815,1
1.0,0.95051473,1
1.0,0.96207136,1
1.0,0.9315755,1
1.0,0.9501586,1
1.0,0.9300871,1
0.0,0.07311728,1
1.0,0.9569388,1
1.0,0.9380213,1
1.0,0.9414479,1
0.0,0.1279364,1
0.0,0.22757515,1
0.0,0.40186706,1
1.0,0.94627196,1
1.0,0.92650336,1
1.0,0.94532084,1
1.0,0.8092118,1
1.0,0.9623172,1
1.0,0.96270114,1
1.0,0.9600397,1
1.0,0.56951714,1
1.0,0.94410694,1
1.0,0.78936696,1
1.0,0.8398718,1
1.0,0.9526102,1
0.0,0.14803015,1
1.0,0.60021883,1
1.0,0.85073346,1
0.0,0.18315318,1
1.0,0.88028944,1
1.0,0.7341069,1
1.0,0.62979525,1
0.0,0.13220687,1
1.0,0.77325547,1
1.0,0.9401691,1
1.0,0.85630894,1
1.0,0.5630803,1
0.0,0.3043539,1
1.0,0.6563905,1
1.0,0.6510352,1
1.0,0.7650821,1
1.0,0.812869,1
1.0,0.646398,1
1.0,0.58523905,1
1.0,0.8819675,1
1.0,0.8113659,1
1.0,0.91523325,1
1.0,0.9552044,1
1.0,0.8616307,1
1.0,0.9410996,1
1.0,0.96083087,1
1.0,0.9608488,1
1.0,0.86624444,1
1.0,0.84083354,1
1.0,0.94143397,1
1.0,0.9189731,1
1.0,0.9504264,1
1.0,0.81570643,1
0.0,0.062460735,1
0.0,0.07232723,1
0.0,0.14033191,1
1.0,0.908966,1
1.0,0.94626284,1
1.0,0.93731713,1
0.0,0.08579186,1
0.0,0.18615438,1
0.0,0.1687172,1
0.0,0.47329083,1
1.0,0.9397497,1
1.0,0.95380604,1
1.0,0.94044155,1
1.0,0.9606841,1
1.0,0.8607449,1
1.0,0.90739673,1
1.0,0.93616235,1
1.0,0.93940955,1
1.0,0.661676,1
1.0,0.9535309,1
1.0,0.9604558,1
1.0,0.9466728,1
0.0,0.48957032,1
0.0,0.04243974,1
1.0,0.8932457,1
1.0,0.93800986,1
1.0,0.9212834,1
1.0,0.8974384,1
1.0,0.95551354,1
1.0,0.947411,1
1.0,0.93989825,1
1.0,0.93412,1
1.0,0.9456784,1
1.0,0.8948153,1
1.0,0.85680366,1
1.0,0.83568084,1
1.0,0.6115884,1
1.0,0.8338046,1
1.0,0.915891,1
1.0,0.9490431,1
1.0,0.9284078,1
1.0,0.9690605,1
1.0,0.96687263,1
1.0,0.96696955,1
1.0,0.94729406,1
1.0,0.8749458,1
1.0,0.6172993,1
1.0,0.565221,1
0.0,0.33376786,1
1.0,0.79194367,1
1.0,0.92934304,1
1.0,0.9287255,1
0.0,0.21997933,1
1.0,0.8733132,1
1.0,0.87782556,1
1.0,0.960319,1
1.0,0.9475394,1
1.0,0.94313884,1
1.0,0.96564853,1
1.0,0.93737835,1
1.0,0.9266429,1
1.0,0.9576947,1
1.0,0.5967111,1
1.0,0.87965924,1
1.0,0.9570103,1
1.0,0.94937855,1
1.0,0.9596206,1
1.0,0.8797751,1
0.0,0.053730384,1
1.0,0.67095435,1
1.0,0.82522094,1
1.0,0.7539348,1
1.0,0.9668909,1
1.0,0.9586426,1
1.0,0.94466233,1
1.0,0.96183836,1
1.0,0.5458783,1
0.0,0.09797013,1
0.0,0.07231296,1
1.0,0.53759813,1
1.0,0.9586133,1
1.0,0.8982908,1
1.0,0.95518035,1
1.0,0.95227015,1
1.0,0.9650743,1
1.0,0.96265364,1
1.0,0.94985175,1
1.0,0.9110456,1
1.0,0.946765,1
1.0,0.9332069,1
1.0,0.9174937,1
1.0,0.86776876,1
1.0,0.9535248,1
1.0,0.9606713,1
1.0,0.9549769,1
1.0,0.9377505,1
1.0,0.95359963,1
1.0,0.94037664,1
1.0,0.9557686,1
1.0,0.96225685,1
1.0,0.9564372,1
1.0,0.9513374,1
1.0,0.95955616,1
1.0,0.9456225,1
1.0,0.9640241,1
1.0,0.9469632,1
1.0,0.7298506,1
1.0,0.8096988,1
1.0,0.9548105,1
1.0,0.9511519,1
1.0,0.9359407,1
1.0,0.9386652,1
1.0,0.93842643,1
0.0,0.39041805,1
0.0,0.40487462,1
1.0,0.8295389,1
1.0,0.9129604,1
1.0,0.90460867,1
1.0,0.8955089,1
1.0,0.94835675,1
1.0,0.9617418,1
1.0,0.9272549,1
1.0,0.5406552,1
1.0,0.90089035,1
1.0,0.91076773,1
1.0,0.9608223,1
1.0,0.95950407,1
1.0,0.9584713,1
1.0,0.96624017,1
1.0,0.9654258,1
1.0,0.9660885,1
1.0,0.96530205,1
1.0,0.9623865,1
1.0,0.9461933,1
1.0,0.92205274,1
1.0,0.9464346,1
1.0,0.9606072,1
1.0,0.95669085,1
0.0,0.036061294,0
1.0,0.6994443,0
0.0,0.48812026,0
0.0,0.03886675,0
0.0,0.035069007,0
0.0,0.035754178,0
0.0,0.03724751,0
0.0,0.034964167,0
0.0,0.053083714,0
0.0,0.036391184,0
0.0,0.050835088,0
0.0,0.03500098,0
0.0,0.05016983,0
0.0,0.041676376,0
0.0,0.34173512,0
0.0,0.04678888,0
0.0,0.037750397,0
0.0,0.062251158,0
0.0,0.037301317,0
0.0,0.053738836,0
0.0,0.055278845,0
0.0,0.034956124,0
0.0,0.037028387,0
0.0,0.0681284,0
0.0,0.043788396,0
0.0,0.04549763,0
0.0,0.04128552,0
0.0,0.033451602,0
0.0,0.2777319,0
0.0,0.07519608,0
0.0,0.0368339,0
0.0,0.03472264,0
0.0,0.037976258,0
0.0,0.06579291,0
0.0,0.036220647,0
0.0,0.038275704,0
0.0,0.21529658,0
0.0,0.03475175,0
0.0,0.035647277,0
0.0,0.036531467,0
0.0,0.036158055,0
0.0,0.120534465,0
0.0,0.03584909,0
0.0,0.050715763,0
0.0,0.03561738,0
0.0,0.034595754,0
0.0,0.03873162,0
0.0,0.033257745,0
0.0,0.035184406,0
0.0,0.03651321,0
0.0,0.07003854,0
0.0,0.033977192,0
0.0,0.034967177,0
0.0,0.083591975,0
0.0,0.04203768,0
0.0,0.03440007,0
0.0,0.18961045,0
0.0,0.14226331,0
0.0,0.034927968,0
0.0,0.3933723,0
0.0,0.03689646,0
0.0,0.037904333,0
0.0,0.035551604,0
0.0,0.0338888,0
0.0,0.039240018,0
0.0,0.045953725,0
0.0,0.04610605,0
0.0,0.036064245,0
0.0,0.036365435,0
0.0,0.2561768,0
0.0,0.033463474,0
0.0,0.036045924,0
0.0,0.045106247,0
0.0,0.03341725,0
0.0,0.03725836,0
0.0,0.04339766,0
0.0,0.03569104,0
0.0,0.0423341,0
0.0,0.039617676,0
0.0,0.07306467,0
0.0,0.06907024,0
0.0,0.036966037,0
0.0,0.050874587,0
0.0,0.03482319,0
0.0,0.20471828,0
0.0,0.28375554,0
0.0,0.049040195,0
0.0,0.041048363,0
0.0,0.04995677,0
0.0,0.034465604,0
0.0,0.040747266,0
0.0,0.042415954,0
0.0,0.03647547,0
0.0,0.034355335,0
0.0,0.041326378,0
0.0,0.06380816,0
0.0,0.034651797,0
0.0,0.03418975,0
0.0,0.03638992,0
0.0,0.03588683,0
0.0,0.036014687,0
0.0,0.033789825,0
0.0,0.033385787,0
0.0,0.06632892,0
0.0,0.051546592,0
0.0,0.038889233,0
0.0,0.035969026,0
0.0,0.039587375,0
0.0,0.035103638,0
0.0,0.046874307,0
0.0,0.038426407,0
0.0,0.035679735,0
0.0,0.059987895,0
0.0,0.036096353,0
0.0,0.03523956,0
0.0,0.04456357,0
0.0,0.03627598,0
0.0,0.035796333,0
0.0,0.036224604,0
0.0,0.036653645,0
0.0,0.034104776,0
0.0,0.036484614,0
0.0,0.05182153,0
0.0,0.037787404,0
0.0,0.038549222,0
0.0,0.033889055,0
0.0,0.03903128,0
0.0,0.25291464,0
0.0,0.0362728,0
0.0,0.034622703,0
0.0,0.05049332,0
0.0,0.47610313,0
0.0,0.048233435,0
0.0,0.03324018,0
0.0,0.039976805,0
0.0,0.038245287,0
0.0,0.24134527,0
0.0,0.042864315,0
0.0,0.052128058,0
0.0,0.043335594,0
0.0,0.042362995,0
0.0,0.03915624,0
0.0,0.03332575,0
0.0,0.36108336,0
0.0,0.036411215,0
0.0,0.046008468,0
0.0,0.04863194,0
0.0,0.035193704,0
0.0,0.033961374,0
0.0,0.033969916,0
1.0,0.81211495,0
0.0,0.03553652,0
0.0,0.03360647,0
0.0,0.034470655,0
0.0,0.034412146,0
0.0,0.039926045,0
0.0,0.039414268,0
0.0,0.037710316,0
0.0,0.034347996,0
0.0,0.036611322,0
0.0,0.04283174,0
0.0,0.100323424,0
0.0,0.034775842,0
0.0,0.034313317,0
0.0,0.13904604,0
0.0,0.04061016,0
0.0,0.054732986,0
0.0,0.04584325,0
0.0,0.03753913,0
0.0,0.038769696,0
0.0,0.035222556,0
0.0,0.040468328,0
0.0,0.041343648,0
0.0,0.0673097,0
0.0,0.037498098,0
0.0,0.03317567,0
0.0,0.1288371,0
0.0,0.03783669,0
0.0,0.03327842,0
0.0,0.035900634,0
0.0,0.036417857,0
0.0,0.035451323,0
0.0,0.033168808,0
0.0,0.033232942,0
0.0,0.042246852,0
0.0,0.03633134,0
0.0,0.042174727,0
0.0,0.03510336,0
0.0,0.03771287,0
0.0,0.03473568,0
0.0,0.033689685,0
0.0,0.046941947,0
0.0,0.041353952,0
0.0,0.036985047,0
0.0,0.03396318,0
0.0,0.03647285,0
0.0,0.03895698,0
0.0,0.036612667,0
0.0,0.049826313,0
0.0,0.036490966,0
0.0,0.040037848,0
0.0,0.035790164,0
0.0,0.03799624,0
0.0,0.034443066,0
0.0,0.46962315,0
0.0,0.033639707,0
0.0,0.035433307,0
0.0,0.16751288,0
0.0,0.07443942,0
0.0,0.036803782,0
0.0,0.03881599,0
0.0,0.054682136,0
0.0,0.03718738,0
0.0,0.04107086,0
0.0,0.03434342,0
0.0,0.12734677,0
0.0,0.3452721,0
0.0,0.11624294,0
0.0,0.044026818,0
0.0,0.052953053,0
0.0,0.04565018,0
0.0,0.034850113,0
0.0,0.034628212,0
0.0,0.03421098,0
0.0,0.036457226,0
0.0,0.26177123,0
0.0,0.033420414,0
0.0,0.032957867,0
0.0,0.04260995,0
0.0,0.032923896,0
0.0,0.039255712,0
0.0,0.035454176,0
0.0,0.058969844,0
0.0,0.041760214,0
0.0,0.046902575,0
0.0,0.09904129,0
0.0,0.09914619,0
0.0,0.040607776,0
0.0,0.040710844,0
0.0,0.03573326,0
0.0,0.035984352,0
0.0,0.036219906,0
0.0,0.042298064,0
0.0,0.039599363,0
0.0,0.03931259,0
0.0,0.033939824,0
0.0,0.033712436,0
0.0,0.0354579,0
0.0,0.036063917,0
0.0,0.065667056,0
0.0,0.06908695,0
0.0,0.04375304,0
0.0,0.035127386,0
0.0,0.04018224,0
0.0,0.042835318,0
0.0,0.057365365,0
0.0,0.03414762,0
0.0,0.033862066,0
0.0,0.035763033,0
0.0,0.03470644,0
0.0,0.034291502,0
0.0,0.036095455,0
0.0,0.245726,0
0.0,0.034176633,0
0.0,0.03961391,0
0.0,0.041344773,0
1.0,0.57894075,0
0.0,0.05447041,0
0.0,0.037502095,0
0.0,0.035015397,0
0.0,0.035817984,0
0.0,0.036596786,0
0.0,0.034422487,0
0.0,0.037298217,0
0.0,0.033255924,0
0.0,0.036422223,0
0.0,0.035863716,0
0.0,0.037889812,0
0.0,0.03801993,0
0.0,0.03619999,0
0.0,0.061548848,0
0.0,0.037219476,0
0.0,0.032881126,0
0.0,0.034955904,0
0.0,0.039852533,0
0.0,0.040047456,0
0.0,0.033527024,0
0.0,0.033823416,0
0.0,0.034014683,0
0.0,0.040220577,0
0.0,0.037000604,0
0.0,0.13960119,0
0.0,0.05193649,0
0.0,0.12304994,0
0.0,0.03616424,0
0.0,0.036408853,0
0.0,0.03835866,0
0.0,0.037638452,0
0.0,0.036597796,0
0.0,0.05280979,0
0.0,0.05312088,0
0.0,0.08591382,0
0.0,0.034964323,0
0.0,0.038461905,0
0.0,0.18593791,0
0.0,0.052991178,0
0.0,0.034483064,0
0.0,0.03548697,0
0.0,0.033843674,0
0.0,0.039448526,0
0.0,0.17038377,0
0.0,0.035542216,0
0.0,0.06575252,0
0.0,0.24471955,0
0.0,0.03496214,0
0.0,0.038016576,0
1.0,0.725009,0
0.0,0.054794114,0
0.0,0.03505522,0
0.0,0.035035536,0
0.0,0.037689094,0
0.0,0.035309155,0
0.0,0.0349371,0
0.0,0.040743746,0
0.0,0.03672479,0
0.0,0.03757979,0
0.0,0.034193117,0
0.0,0.073669456,0
0.0,0.03400404,0
0.0,0.054754846,0
0.0,0.03947375,0
0.0,0.04231642,0
0.0,0.27170876,0
0.0,0.03426593,0
0.0,0.03808009,0
0.0,0.05878146,0
0.0,0.038034525,0
0.0,0.035037614,0
0.0,0.033095423,0
0.0,0.033260766,0
0.0,0.035195537,0
0.0,0.035187602,0
0.0,0.033577375,0
0.0,0.052322455,0
0.0,0.1785993,0
0.0,0.03316087,0
0.0,0.039935388,0
0.0,0.036421813,0
0.0,0.034472875,0
0.0,0.06536884,0
0.0,0.036397967,0
0.0,0.049229134,0
0.0,0.14311099,0
0.0,0.035616357,0
0.0,0.03649671,0
0.0,0.03530776,0
0.0,0.05790165,0
0.0,0.03779076,0
0.0,0.04818174,0
0.0,0.034573667,0
0.0,0.033753566,0
0.0,0.06337306,0
0.0,0.052312117,0
0.0,0.037204448,0
0.0,0.034925684,0
0.0,0.035501882,0
0.0,0.03802236,0
0.0,0.05247351,0
0.0,0.04014911,0
0.0,0.036527395,0
0.0,0.035916436,0
0.0,0.039509494,0
0.0,0.03419114,0
0.0,0.03777209,0
0.0,0.033203803,0
0.0,0.041431412,0
0.0,0.03569322,0
0.0,0.07312906,0
0.0,0.05516222,0
0.0,0.043454867,0
0.0,0.037999842,0
0.0,0.051287126,0
0.0,0.08461531,0
0.0,0.039323907,0
0.0,0.037289657,0
0.0,0.060949303,0
0.0,0.16985886,0
1.0,0.96416646,1
0.0,0.033985097,1
0.0,0.036940165,1
0.0,0.042973276,1
1.0,0.8618443,1
0.0,0.4031302,1
0.0,0.4031302,1
0.0,0.4031302,1
0.0,0.4031302,1
0.0,0.4031302,1
0.0,0.4031302,1
0.0,0.4031302,1
0.0,0.4031302,1
0.0,0.4031302,1
0.0,0.4031302,1
0.0,0.4031302,1
1.0,0.8442431,1
1.0,0.8762782,1
1.0,0.9204758,1
0.0,0.35173532,1
0.0,0.06370126,1
1.0,0.8923915,1
0.0,0.0954665,1
0.0,0.08106176,1
0.0,0.042188637,1
0.0,0.14301875,1
1.0,0.9512698,1
1.0,0.6803698,1
1.0,0.9624662,1
1.0,0.96821064,1
1.0,0.50302356,1
1.0,0.84788173,1
0.0,0.25571138,1
1.0,0.9076928,1
1.0,0.9461287,1
0.0,0.22007559,1
1.0,0.8392708,1
1.0,0.5898652,1
0.0,0.3532273,1
1.0,0.5008735,1
1.0,0.6312459,1
1.0,0.89354676,1
1.0,0.869037,1
1.0,0.92761254,1
1.0,0.86613274,1
1.0,0.84071535,1
1.0,0.69081634,1
1.0,0.908165,1
1.0,0.9363359,1
1.0,0.92743236,1
1.0,0.7821877,1
1.0,0.9571446,1
1.0,0.87114805,1
1.0,0.51266134,1
1.0,0.8355156,1
1.0,0.9498245,1
1.0,0.9607224,1
1.0,0.9601131,1
1.0,0.9641986,1
1.0,0.5789817,1
1.0,0.8532226,1
1.0,0.9288532,1
0.0,0.46023217,1
1.0,0.8898957,1
0.0,0.042486068,1
1.0,0.8960684,1
1.0,0.67865956,1
1.0,0.96385676,1
1.0,0.94427854,1
1.0,0.90253365,1
0.0,0.35063067,1
1.0,0.5801841,1
0.0,0.21190557,1
0.0,0.23660722,1
0.0,0.2412149,1
1.0,0.6042064,1
1.0,0.92566925,1
0.0,0.13299955,1
1.0,0.9479227,1
1.0,0.9217245,1
1.0,0.6504631,1
1.0,0.947488,1
1.0,0.9131535,1
1.0,0.9299807,1
1.0,0.96550435,1
1.0,0.9660019,1
1.0,0.7818216,1
0.0,0.3410899,1
1.0,0.9212299,1
0.0,0.17560029,1
0.0,0.17088833,1
1.0,0.7866101,1
1.0,0.95537835,1
1.0,0.94889975,1
1.0,0.7245177,1
0.0,0.35785252,1
1.0,0.93839276,1
1.0,0.95384955,1
1.0,0.94435644,1
1.0,0.9040224,1
1.0,0.9596755,1
1.0,0.9456225,1
1.0,0.8216693,1
1.0,0.95004696,1
0.0,0.3120764,1
1.0,0.95882946,1
1.0,0.612109,1
1.0,0.95108104,1
1.0,0.80227286,1
1.0,0.91249794,1
1.0,0.8534006,1
1.0,0.9331942,1
1.0,0.66669714,1
1.0,0.7865554,1
1.0,0.95464283,1
1.0,0.9239024,1
0.0,0.07012337,1
1.0,0.5010762,1
1.0,0.50595695,1
1.0,0.95546925,1
1.0,0.93356115,1
0.0,0.17934595,1
0.0,0.2840581,1
0.0,0.24253434,1
0.0,0.42036444,1
0.0,0.39944804,1
1.0,0.9554367,1
1.0,0.9455032,1
0.0,0.04549394,1
1.0,0.859278,1
1.0,0.89088017,1
1.0,0.943513,1
0.0,0.21580677,1
1.0,0.9248918,1
1.0,0.95451117,1
1.0,0.9439041,1
0.0,0.06730623,1
1.0,0.6719527,1
1.0,0.93925935,1
1.0,0.95123905,1
1.0,0.9080986,1
1.0,0.93051404,1
0.0,0.3959253,1
0.0,0.10849234,1
0.0,0.37857828,1
1.0,0.57921165,1
1.0,0.85529083,1
0.0,0.04094323,1
0.0,0.0944982,1
0.0,0.055685513,1
1.0,0.56930935,1
1.0,0.7313315,1
1.0,0.963342,1
1.0,0.9639235,1
1.0,0.9332797,1
1.0,0.94315994,1
1.0,0.9234593,1
1.0,0.9066606,1
1.0,0.89437884,1
1.0,0.9296911,1
1.0,0.93794984,1
1.0,0.9112035,1
1.0,0.8774483,1
1.0,0.74999493,1
1.0,0.8934225,1
0.0,0.42334643,1
0.0,0.4329004,1
1.0,0.7038915,1
1.0,0.7048376,1
1.0,0.9484939,1
1.0,0.8958585,1
1.0,0.94398975,1
0.0,0.18538243,1
1.0,0.7939956,1
1.0,0.8394036,1
1.0,0.58273923,1
1.0,0.7792098,1
1.0,0.94023657,1
1.0,0.93731046,1
1.0,0.9551944,1
1.0,0.90367246,1
1.0,0.9038825,1
1.0,0.8910465,1
1.0,0.6743341,1
1.0,0.8552075,1
1.0,0.9574208,1
1.0,0.963342,1
0.0,0.054829992,1
0.0,0.062098958,1
0.0,0.11124866,1
0.0,0.12031797,1
0.0,0.121758565,1
1.0,0.96010333,1
1.0,0.95743227,1
1.0,0.9527444,1
1.0,0.9177841,1
1.0,0.935711,1
1.0,0.7375348,1
0.0,0.21572073,1
0.0,0.10524012,1
0.0,0.070888005,1
0.0,0.08671024,1
0.0,0.3405654,1
1.0,0.5367112,1
1.0,0.9589704,1
1.0,0.9584978,1
1.0,0.96491706,1
1.0,0.9243033,1
1.0,0.9490231,1
1.0,0.948739,1
1.0,0.94263566,1
1.0,0.9273602,1
1.0,0.96475476,1
1.0,0.96469736,1
1.0,0.9285211,1
1.0,0.96653694,1
1.0,0.96146375,1
1.0,0.94421166,1
1.0,0.9151726,1
1.0,0.93067163,1
1.0,0.73102814,1
1.0,0.9244599,1
1.0,0.94975376,1
1.0,0.7503243,1
0.0,0.053572677,1
0.0,0.41785544,1
0.0,0.063788645,1
1.0,0.94536155,1
1.0,0.94992024,1
1.0,0.9259997,1
1.0,0.9110447,1
0.0,0.1393726,1
1.0,0.934315,1
1.0,0.8995014,1
1.0,0.9178161,1
1.0,0.9274251,1
1.0,0.82568055,1
1.0,0.96079093,1
1.0,0.96136385,1
1.0,0.94549024,1
1.0,0.95725286,1
1.0,0.8150011,1
1.0,0.93687433,1
1.0,0.94096047,1
1.0,0.94739366,1
1.0,0.96103466,1
1.0,0.9381232,1
0.0,0.17496282,1
1.0,0.93572134,1
1.0,0.9593604,1
1.0,0.92038906,1
1.0,0.9481387,1
1.0,0.9232361,1
1.0,0.9357851,1
1.0,0.9377413,1
1.0,0.86621064,1
0.0,0.063878745,0
0.0,0.03804577,0
0.0,0.033800647,0
0.0,0.03889809,0
0.0,0.04617118,0
0.0,0.04662266,0
0.0,0.04095762,0
0.0,0.03541902,0
0.0,0.036398526,0
0.0,0.04083954,0
0.0,0.038242016,0
0.0,0.038048707,0
0.0,0.039919894,0
0.0,0.06747167,0
0.0,0.044791743,0
0.0,0.034747656,0
0.0,0.035072558,0
0.0,0.032983996,0
0.0,0.035282884,0
0.0,0.04273642,0
0.0,0.07126397,0
0.0,0.0390169,0
0.0,0.0340623,0
0.0,0.046141453,0
0.0,0.0458408,0
0.0,0.034960948,0
0.0,0.0369501,0
0.0,0.037420295,0
0.0,0.034112945,0
0.0,0.035562333,0
0.0,0.0375151,0
0.0,0.03370473,0
0.0,0.10876386,0
0.0,0.03423465,0
0.0,0.043335967,0
0.0,0.09376322,0
0.0,0.050066,0
0.0,0.036978785,0
0.0,0.033863187,0
0.0,0.036213573,0
0.0,0.038172618,0
0.0,0.034623783,0
0.0,0.049311746,0
0.0,0.03596776,0
0.0,0.03421139,0
0.0,0.057873927,0
0.0,0.038273923,0
0.0,0.035293583,0
0.0,0.045540776,0
0.0,0.034011155,0
0.0,0.034248415,0
0.0,0.048821915,0
0.0,0.03881769,0
0.0,0.06560218,0
0.0,0.035614688,0
0.0,0.03399894,0
0.0,0.035458997,0
0.0,0.04093524,0
0.0,0.034476392,0
0.0,0.037412487,0
0.0,0.038605463,0
0.0,0.036851265,0
0.0,0.04315567,0
0.0,0.038698558,0
0.0,0.035104994,0
0.0,0.040024836,0
0.0,0.06378292,0
0.0,0.03342541,0
0.0,0.040950645,0
0.0,0.03619512,0
0.0,0.3724843,0
0.0,0.035188384,0
0.0,0.036864076,0
0.0,0.036267787,0
0.0,0.033381104,0
0.0,0.03266316,0
0.0,0.03613164,0
0.0,0.20021723,0
0.0,0.034663968,0
0.0,0.033675328,0
0.0,0.033995595,0
0.0,0.036214564,0
0.0,0.034833193,0
0.0,0.22388525,0
0.0,0.037809126,0
0.0,0.035140093,0
0.0,0.037783217,0
0.0,0.036346108,0
0.0,0.03984827,0
0.0,0.039208334,0
0.0,0.051996864,0
0.0,0.036070857,0
0.0,0.049236815,0
0.0,0.08072184,0
0.0,0.033383217,0
0.0,0.03742174,0
0.0,0.04159355,0
0.0,0.036526777,0
0.0,0.037634723,0
0.0,0.032955997,0
0.0,0.043281138,0
0.0,0.03649392,0
0.0,0.038641576,0
0.0,0.03890255,0
0.0,0.033182867,0
0.0,0.13362993,0
0.0,0.03326608,0
0.0,0.03462325,0
0.0,0.034326166,0
0.0,0.03693538,0
0.0,0.0348474,0
0.0,0.03363191,0
0.0,0.049331356,0
0.0,0.039906923,0
0.0,0.0399042,0
0.0,0.058585215,0
0.0,0.03474598,0
0.0,0.04875785,0
0.0,0.037416045,0
0.0,0.033152368,0
0.0,0.033974938,0
0.0,0.0360369,0
0.0,0.034453467,0
0.0,0.03708176,0
0.0,0.034454755,0
0.0,0.038066715,0
0.0,0.034397613,0
0.0,0.03848385,0
0.0,0.03377093,0
0.0,0.03384538,0
0.0,0.12796342,0
0.0,0.30553272,0
0.0,0.048785903,0
0.0,0.036383018,0
0.0,0.041293863,0
0.0,0.039437838,0
0.0,0.034256037,0
0.0,0.033563912,0
0.0,0.038394485,0
0.0,0.03609785,0
0.0,0.03498456,0
0.0,0.036086716,0
0.0,0.07265169,0
0.0,0.04040554,0
0.0,0.033671483,0
0.0,0.06630727,0
0.0,0.03777431,0
0.0,0.07351136,0
0.0,0.03411115,0
0.0,0.045261085,0
0.0,0.03824478,0
0.0,0.05492177,0
0.0,0.037746053,0
0.0,0.052070152,0
0.0,0.033836193,0
0.0,0.03961868,0
0.0,0.03475546,0
0.0,0.04466454,0
0.0,0.033499785,0
0.0,0.03546129,0
0.0,0.034219824,0
0.0,0.03431779,0
0.0,0.03993801,0
0.0,0.1538433,0
0.0,0.037911225,0
0.0,0.033053286,0
0.0,0.03410036,0
0.0,0.041225158,0
0.0,0.03316324,0
0.0,0.033572577,0
0.0,0.09822324,0
0.0,0.18565147,0
0.0,0.03510457,0
0.0,0.03446358,0
0.0,0.047612455,0
0.0,0.035005365,0
0.0,0.034135044,0
0.0,0.036439948,0
0.0,0.034571327,0
0.0,0.036606874,0
0.0,0.038097695,0
0.0,0.03409425,0
0.0,0.03803072,0
0.0,0.036172397,0
0.0,0.040115736,0
0.0,0.044955008,0
0.0,0.044376526,0
0.0,0.034618594,0
0.0,0.03902157,0
0.0,0.03693815,0
0.0,0.036411114,0
0.0,0.03943046,0
0.0,0.042250462,0
0.0,0.03398516,0
0.0,0.035620596,0
0.0,0.034628354,0
0.0,0.10569701,0
0.0,0.040904325,0
0.0,0.064535566,0
0.0,0.04120799,0
0.0,0.054615896,0
0.0,0.034315437,0
0.0,0.035396546,0
0.0,0.03708312,0
0.0,0.040130503,0
0.0,0.03551458,0
0.0,0.051270097,0
0.0,0.03507723,0
0.0,0.076010786,0
0.0,0.03999553,0
0.0,0.27699715,0
0.0,0.037613705,0
0.0,0.034673166,0
0.0,0.0329445,0
0.0,0.16696572,0
0.0,0.03702562,0
0.0,0.038394477,0
0.0,0.033087667,0
0.0,0.037192453,0
0.0,0.06993804,0
0.0,0.034585405,0
0.0,0.033354055,0
0.0,0.076936536,0
0.0,0.038888894,0
0.0,0.048283093,0
0.0,0.03440286,0
0.0,0.037430167,0
0.0,0.05078298,0
0.0,0.042670593,0
0.0,0.0393591,0
0.0,0.039820362,0
0.0,0.040056966,0
0.0,0.054192815,0
0.0,0.1187548,0
0.0,0.034500998,0
0.0,0.059835456,0
0.0,0.033902038,0
0.0,0.034653913,0
0.0,0.04811665,0
0.0,0.038648367,0
0.0,0.038648263,0
0.0,0.03419459,0
0.0,0.033797894,0
0.0,0.04275134,0
0.0,0.042422384,0
0.0,0.38253897,0
0.0,0.051261492,0
1.0,0.7509884,0
0.0,0.04409623,0
0.0,0.03520451,0
0.0,0.03519945,0
0.0,0.038433,0
0.0,0.03938481,0
0.0,0.038460016,0
0.0,0.03594604,0
0.0,0.03902974,0
0.0,0.03401893,0
0.0,0.03494009,0
0.0,0.038754992,0
0.0,0.035876933,0
0.0,0.056533683,0
0.0,0.082832105,0
0.0,0.03721588,0
0.0,0.03318681,0
0.0,0.03341673,0
0.0,0.0342005,0
0.0,0.03362406,0
0.0,0.034244474,0
0.0,0.070083775,0
0.0,0.03288882,0
0.0,0.033874266,0
0.0,0.037774775,0
0.0,0.035710894,0
0.0,0.036407024,0
0.0,0.03752056,0
0.0,0.04730793,0
0.0,0.03809477,0
0.0,0.03802976,0
0.0,0.035549276,0
0.0,0.051480994,0
0.0,0.033989225,0
0.0,0.15258858,0
0.0,0.03313657,0
0.0,0.03747553,0
0.0,0.034119688,0
0.0,0.034313012,0
0.0,0.061485294,0
