y_predict,y_score,y_true
1.0,0.9923773,1
1.0,0.99601376,1
1.0,0.9953544,1
1.0,0.996002,1
1.0,0.961847,1
1.0,0.9892509,1
1.0,0.8132764,1
1.0,0.96320254,1
1.0,0.99552333,1
1.0,0.9932545,1
1.0,0.9963319,1
1.0,0.9952272,1
1.0,0.9966287,1
1.0,0.9970188,1
1.0,0.9958703,1
1.0,0.9966174,1
1.0,0.99589086,1
1.0,0.99571073,1
1.0,0.9964729,1
1.0,0.9956832,1
1.0,0.98931736,1
1.0,0.99508685,1
1.0,0.99349385,1
1.0,0.9972389,1
1.0,0.9963701,1
1.0,0.9968856,1
1.0,0.9965837,1
1.0,0.99686086,1
1.0,0.9964135,1
1.0,0.9975937,1
1.0,0.99751246,1
1.0,0.9973465,1
1.0,0.9754893,1
1.0,0.9930108,1
1.0,0.99681467,1
1.0,0.9957826,1
1.0,0.919927,1
1.0,0.9936779,1
1.0,0.99595284,1
0.0,0.38242683,1
1.0,0.99380314,1
1.0,0.9970842,1
1.0,0.9975158,1
1.0,0.9953371,1
1.0,0.9961056,1
1.0,0.9955916,1
1.0,0.996252,1
1.0,0.9928933,1
1.0,0.99435365,1
1.0,0.9953431,1
1.0,0.9930623,1
1.0,0.9962804,1
1.0,0.9951414,1
1.0,0.9926488,1
1.0,0.99446845,1
1.0,0.9966074,1
1.0,0.9969042,1
1.0,0.9898537,1
1.0,0.98752916,1
1.0,0.9952254,1
0.0,0.012372446,1
1.0,0.99509853,1
1.0,0.99564135,1
1.0,0.9968071,1
1.0,0.9958799,1
1.0,0.9967519,1
1.0,0.9971867,1
1.0,0.99718046,1
1.0,0.9973131,1
1.0,0.9975763,1
1.0,0.997474,1
1.0,0.99722373,1
1.0,0.99602485,1
1.0,0.99520266,1
1.0,0.9974535,1
1.0,0.9960806,1
1.0,0.9972932,1
1.0,0.993911,1
1.0,0.9966935,1
1.0,0.99594927,1
1.0,0.9974726,1
1.0,0.99746263,1
1.0,0.9941188,1
1.0,0.9964024,1
1.0,0.995471,1
1.0,0.9969938,1
1.0,0.9962591,1
1.0,0.99686426,1
1.0,0.9976043,1
1.0,0.99610305,1
1.0,0.9969907,1
1.0,0.99197525,1
1.0,0.9908165,1
1.0,0.99567705,1
1.0,0.9946045,1
1.0,0.997264,1
1.0,0.99711007,1
1.0,0.9976514,1
1.0,0.7591834,1
1.0,0.9414677,1
1.0,0.6225978,1
0.0,0.01488463,1
1.0,0.99457574,1
1.0,0.9924648,1
1.0,0.9938921,1
1.0,0.9932766,1
1.0,0.9960317,1
1.0,0.9940057,1
1.0,0.9966449,1
1.0,0.99633884,1
1.0,0.997378,1
1.0,0.99402124,1
1.0,0.996942,1
1.0,0.9972994,1
1.0,0.9963882,1
1.0,0.99481285,1
1.0,0.9912389,1
0.0,0.10291295,1
1.0,0.9930467,1
1.0,0.9957969,1
1.0,0.99504787,1
1.0,0.9948166,1
1.0,0.9967458,1
1.0,0.9961372,1
1.0,0.96666104,1
1.0,0.6989117,1
1.0,0.9916829,1
1.0,0.99594504,1
1.0,0.9955291,1
1.0,0.9933513,1
1.0,0.996642,1
1.0,0.9966426,1
1.0,0.9968561,1
1.0,0.99641174,1
1.0,0.9957231,1
1.0,0.9955088,1
1.0,0.99611413,1
0.0,0.4837262,1
0.0,0.37273812,1
1.0,0.93417025,1
1.0,0.98587716,1
1.0,0.99737906,1
1.0,0.9917521,1
1.0,0.9961175,1
1.0,0.98020977,1
1.0,0.9423902,1
1.0,0.9948271,1
1.0,0.9926098,1
1.0,0.9957722,1
1.0,0.99551207,1
1.0,0.9366393,1
1.0,0.9964753,1
1.0,0.99719363,1
1.0,0.9951891,1
1.0,0.99390525,1
1.0,0.99214315,1
1.0,0.99288404,1
1.0,0.99367744,1
1.0,0.9951626,1
1.0,0.99446374,1
1.0,0.9935249,1
1.0,0.9973953,1
1.0,0.99660647,1
1.0,0.9961887,1
1.0,0.99131244,1
1.0,0.99041945,1
1.0,0.83615744,1
1.0,0.99556786,1
1.0,0.9885439,1
1.0,0.996121,1
0.0,0.19213602,1
1.0,0.9943012,1
1.0,0.99158734,1
1.0,0.9897915,1
1.0,0.99155676,1
1.0,0.9967284,1
1.0,0.996911,1
1.0,0.9957896,1
1.0,0.99380916,1
1.0,0.9949167,1
1.0,0.99725205,1
1.0,0.9977927,1
1.0,0.99728477,1
1.0,0.9979087,1
1.0,0.99751127,1
1.0,0.99736905,1
1.0,0.99776673,1
1.0,0.99736017,1
1.0,0.9976283,1
1.0,0.97895163,1
1.0,0.9051573,1
1.0,0.9629372,1
1.0,0.9957408,1
1.0,0.9955142,1
0.0,0.2843341,1
1.0,0.93360883,1
1.0,0.9816836,1
1.0,0.99415034,1
1.0,0.9899687,1
1.0,0.9969176,1
1.0,0.99626166,1
1.0,0.9969169,1
1.0,0.99026626,1
1.0,0.9970534,1
1.0,0.9971734,1
1.0,0.99431133,1
1.0,0.99595547,1
1.0,0.9915981,1
1.0,0.9968195,1
1.0,0.99307126,1
1.0,0.9969081,1
1.0,0.9970945,1
1.0,0.99743265,1
1.0,0.99551445,1
1.0,0.99080616,1
1.0,0.9964043,1
1.0,0.9967244,1
1.0,0.99579877,1
1.0,0.9954341,1
1.0,0.9968156,1
1.0,0.99700975,1
1.0,0.9964988,1
1.0,0.99454206,1
1.0,0.99657345,1
1.0,0.99616975,1
1.0,0.99617946,1
1.0,0.99500376,1
1.0,0.9803231,1
1.0,0.9950636,1
1.0,0.9964455,1
1.0,0.9965239,1
1.0,0.99667823,1
1.0,0.99466693,1
1.0,0.99599814,1
1.0,0.9958325,1
1.0,0.99684024,1
1.0,0.9968772,1
1.0,0.9950079,1
1.0,0.9965508,1
1.0,0.99610883,1
1.0,0.9960836,1
1.0,0.99411654,1
1.0,0.99470913,1
1.0,0.97486275,1
1.0,0.9122685,1
0.0,0.036162093,1
1.0,0.9907307,1
1.0,0.9882797,1
1.0,0.99572045,1
1.0,0.99582654,1
1.0,0.99592173,1
1.0,0.994361,1
1.0,0.9948414,1
1.0,0.9954791,1
1.0,0.99315506,1
1.0,0.99436027,1
1.0,0.9957183,1
1.0,0.9891944,1
1.0,0.99647,1
1.0,0.9957514,1
1.0,0.99534297,1
1.0,0.99696606,1
1.0,0.9959889,1
1.0,0.9969891,1
1.0,0.99246407,1
1.0,0.99628866,1
1.0,0.9971675,1
1.0,0.9974203,1
1.0,0.9914647,1
1.0,0.9965346,1
1.0,0.9964072,1
1.0,0.997265,1
1.0,0.99566865,1
1.0,0.9965737,1
1.0,0.99754995,1
1.0,0.9975182,1
1.0,0.9777369,1
1.0,0.99629337,1
1.0,0.98664385,1
1.0,0.9493306,1
1.0,0.97691,1
1.0,0.98488706,1
1.0,0.98920816,1
1.0,0.989674,1
1.0,0.9223916,1
1.0,0.9966455,1
1.0,0.9960517,1
0.0,0.0031289957,0
0.0,0.004591514,0
0.0,0.003802326,0
0.0,0.0033379665,0
0.0,0.011414244,0
0.0,0.0060998797,0
0.0,0.008616626,0
0.0,0.008524936,0
0.0,0.006480261,0
0.0,0.0048587546,0
0.0,0.0045907986,0
0.0,0.004906069,0
0.0,0.0070542935,0
0.0,0.0032778725,0
0.0,0.35051075,0
0.0,0.008227712,0
0.0,0.0040935767,0
0.0,0.0036762778,0
0.0,0.006484558,0
0.0,0.024014032,0
0.0,0.0037725253,0
0.0,0.0033245063,0
0.0,0.0041208873,0
0.0,0.005962682,0
0.0,0.010431241,0
0.0,0.004140058,0
0.0,0.0052059344,0
0.0,0.0033752453,0
0.0,0.0057842378,0
0.0,0.023812952,0
0.0,0.0054380735,0
0.0,0.0026540945,0
0.0,0.009241064,0
0.0,0.0027618976,0
0.0,0.026766313,0
0.0,0.015295218,0
0.0,0.0028708403,0
0.0,0.0027278906,0
0.0,0.011387511,0
1.0,0.7335932,0
0.0,0.0044448227,0
0.0,0.008589261,0
0.0,0.024653906,0
0.0,0.020614302,0
0.0,0.00910739,0
0.0,0.0044243666,0
0.0,0.0048677656,0
0.0,0.0028929845,0
0.0,0.0029526919,0
0.0,0.008590129,0
0.0,0.002376269,0
0.0,0.003553907,0
0.0,0.0031837292,0
0.0,0.0043026083,0
0.0,0.012635748,0
0.0,0.0038046099,0
0.0,0.011602878,0
0.0,0.005151054,0
0.0,0.0042812508,0
0.0,0.0072770664,0
0.0,0.004359177,0
0.0,0.07738583,0
0.0,0.0043687387,0
0.0,0.0034428777,0
0.0,0.00323461,0
0.0,0.0031111492,0
0.0,0.005404229,0
0.0,0.0033815792,0
0.0,0.004771688,0
0.0,0.0039470037,0
0.0,0.004080612,0
0.0,0.003240704,0
0.0,0.00301143,0
0.0,0.20199685,0
0.0,0.009058551,0
0.0,0.03749577,0
0.0,0.011663477,0
0.0,0.0026947574,0
0.0,0.0094632935,0
0.0,0.0061983336,0
1.0,0.7503777,0
0.0,0.02962683,0
0.0,0.0036950572,0
0.0,0.0034922627,0
0.0,0.02834699,0
0.0,0.0035219872,0
0.0,0.007878264,0
0.0,0.002635608,0
0.0,0.005592693,0
0.0,0.009966636,0
0.0,0.005237276,0
0.0,0.002817954,0
0.0,0.0024159818,0
0.0,0.009589939,0
0.0,0.0043640244,0
0.0,0.024056038,0
0.0,0.004053071,0
0.0,0.002714056,0
0.0,0.004285941,0
0.0,0.0071824295,0
0.0,0.040034574,0
0.0,0.0027638557,0
0.0,0.0032782215,0
0.0,0.0046902513,0
0.0,0.0063804225,0
0.0,0.004006507,0
0.0,0.044355087,0
0.0,0.0028563887,0
0.0,0.004458041,0
0.0,0.00837658,0
0.0,0.12282783,0
0.0,0.016505064,0
1.0,0.70179313,0
0.0,0.008200186,0
0.0,0.014811129,0
0.0,0.0036989017,0
0.0,0.0045101354,0
0.0,0.03677229,0
0.0,0.17927273,0
0.0,0.22488335,0
0.0,0.002759553,0
0.0,0.016465496,0
0.0,0.3606498,0
0.0,0.0028247556,0
0.0,0.004777954,0
0.0,0.0035728018,0
0.0,0.013112975,0
0.0,0.004216769,0
0.0,0.0040855403,0
0.0,0.002686131,0
0.0,0.0047704973,0
0.0,0.009069236,0
0.0,0.0172248,0
0.0,0.0056701414,0
0.0,0.0031879477,0
0.0,0.015012859,0
0.0,0.07226151,0
0.0,0.0026822914,0
0.0,0.0042984653,0
0.0,0.0034226452,0
0.0,0.005352021,0
0.0,0.0042217737,0
0.0,0.004447915,0
0.0,0.0027467795,0
0.0,0.003852766,0
0.0,0.0027940818,0
0.0,0.0030965114,0
0.0,0.0037686403,0
0.0,0.0026069542,0
0.0,0.0035624853,0
0.0,0.003176212,0
0.0,0.0034664792,0
0.0,0.0033724683,0
0.0,0.0062946244,0
0.0,0.0032934851,0
0.0,0.0028859535,0
0.0,0.005670438,0
0.0,0.018049316,0
0.0,0.003793949,0
0.0,0.003961487,0
0.0,0.0036666198,0
0.0,0.0077202613,0
0.0,0.2400655,0
0.0,0.005868436,0
0.0,0.023353413,0
0.0,0.0028252986,0
0.0,0.0052258484,0
1.0,0.63737196,0
0.0,0.009996728,0
0.0,0.0063497494,0
0.0,0.0068663624,0
0.0,0.0067592678,0
0.0,0.003284898,0
0.0,0.14210832,0
0.0,0.0035814461,0
1.0,0.9616981,0
0.0,0.0029406252,0
0.0,0.0036270425,0
0.0,0.002230089,0
0.0,0.0037326014,0
0.0,0.003920892,0
0.0,0.02722106,0
0.0,0.0027654553,0
0.0,0.0039357534,0
0.0,0.0058432673,0
0.0,0.0021083932,0
0.0,0.024713596,0
0.0,0.0033109635,0
0.0,0.055728596,0
0.0,0.003116891,0
0.0,0.004193005,0
0.0,0.008275613,0
0.0,0.014114775,0
0.0,0.0022663472,0
0.0,0.05996993,0
0.0,0.016398003,0
0.0,0.0025801775,0
0.0,0.0040180907,0
0.0,0.01579243,0
0.0,0.0047723115,0
0.0,0.0029392638,0
1.0,0.99651694,0
0.0,0.033239815,0
0.0,0.005791089,0
0.0,0.006860966,0
0.0,0.0058031487,0
0.0,0.0037998795,0
0.0,0.0027975477,0
0.0,0.012047126,0
0.0,0.004119885,0
0.0,0.005505356,0
0.0,0.0049977438,0
0.0,0.003782761,0
0.0,0.0034957707,0
0.0,0.008600731,0
0.0,0.0030467615,0
0.0,0.002799409,0
0.0,0.005238012,0
0.0,0.4157719,0
0.0,0.003619843,0
0.0,0.0046988335,0
0.0,0.008216941,0
0.0,0.002676242,0
0.0,0.008870348,0
0.0,0.0073072207,0
0.0,0.0060852584,0
0.0,0.0058946945,0
0.0,0.0025944456,0
0.0,0.0064533255,0
0.0,0.009760612,0
0.0,0.004497901,0
0.0,0.03497989,0
0.0,0.0039375857,0
0.0,0.02353176,0
0.0,0.0028867025,0
0.0,0.00365028,0
0.0,0.00285208,0
0.0,0.0027769133,0
0.0,0.0049288445,0
0.0,0.03472414,0
0.0,0.003360786,0
0.0,0.0047017382,0
0.0,0.003224378,0
0.0,0.0029204616,0
0.0,0.0044183885,0
0.0,0.005659216,0
0.0,0.0035274436,0
0.0,0.0044820695,0
0.0,0.0073044756,0
0.0,0.191301,0
0.0,0.0036237976,0
0.0,0.0056044953,0
0.0,0.0061012795,0
0.0,0.0063176746,0
0.0,0.0044090855,0
0.0,0.004505175,0
0.0,0.0032332696,0
0.0,0.005427211,0
0.0,0.024729261,0
0.0,0.06068934,0
0.0,0.03091043,0
0.0,0.00791654,0
0.0,0.0043629953,0
0.0,0.0028891345,0
0.0,0.007109988,0
0.0,0.004611273,0
0.0,0.00387545,0
0.0,0.004389333,0
0.0,0.36565098,0
0.0,0.0033556886,0
0.0,0.0061091036,0
0.0,0.0027513038,0
0.0,0.0027369682,0
0.0,0.0052881115,0
0.0,0.007550753,0
1.0,0.9968123,1
1.0,0.9970041,1
1.0,0.9801569,1
1.0,0.9887207,1
1.0,0.93824667,1
1.0,0.99627954,1
1.0,0.99757093,1
1.0,0.9975432,1
1.0,0.99624795,1
1.0,0.9964561,1
1.0,0.9959241,1
1.0,0.9867812,1
1.0,0.9947752,1
1.0,0.9826766,1
1.0,0.99529344,1
1.0,0.9956656,1
1.0,0.9970968,1
1.0,0.99639845,1
1.0,0.99735487,1
1.0,0.9966272,1
1.0,0.99768054,1
1.0,0.99758327,1
1.0,0.99554247,1
1.0,0.99551845,1
1.0,0.99144155,1
1.0,0.9909424,1
1.0,0.9957503,1
1.0,0.99515057,1
1.0,0.9960769,1
1.0,0.9931306,1
1.0,0.9949181,1
1.0,0.99692637,1
1.0,0.996385,1
1.0,0.99640816,1
1.0,0.99694806,1
1.0,0.9968959,1
1.0,0.9973066,1
1.0,0.99725264,1
1.0,0.98940617,1
1.0,0.98914963,1
1.0,0.9957736,1
1.0,0.99687,1
1.0,0.99699163,1
1.0,0.9965103,1
1.0,0.9962404,1
1.0,0.9944378,1
1.0,0.9935162,1
1.0,0.9924091,1
1.0,0.9926287,1
1.0,0.99202794,1
1.0,0.98523235,1
1.0,0.9967237,1
1.0,0.9962919,1
1.0,0.9956968,1
1.0,0.99574983,1
1.0,0.99610066,1
1.0,0.9967423,1
1.0,0.99560636,1
1.0,0.9964812,1
1.0,0.9972451,1
1.0,0.9969681,1
1.0,0.9962758,1
1.0,0.9947115,1
1.0,0.98807716,1
1.0,0.99674183,1
1.0,0.9949915,1
1.0,0.99614835,1
1.0,0.99755704,1
1.0,0.99720424,1
1.0,0.99650145,1
1.0,0.9966888,1
1.0,0.9953531,1
1.0,0.9974674,1
1.0,0.9968053,1
1.0,0.99719006,1
1.0,0.9969885,1
1.0,0.996976,1
1.0,0.9946489,1
1.0,0.9915057,1
1.0,0.99591583,1
1.0,0.99591404,1
1.0,0.54288656,1
1.0,0.9969338,1
1.0,0.9970499,1
1.0,0.99597484,1
1.0,0.99682367,1
1.0,0.9960079,1
1.0,0.9952656,1
1.0,0.9941549,1
1.0,0.9578547,1
1.0,0.99437296,1
1.0,0.98321474,1
1.0,0.9972914,1
1.0,0.9967527,1
1.0,0.99574226,1
1.0,0.99602413,1
1.0,0.9968172,1
1.0,0.9976253,1
1.0,0.99743736,1
1.0,0.99586004,1
1.0,0.9960056,1
1.0,0.9867294,1
0.0,0.10421453,1
1.0,0.9966556,1
1.0,0.9952435,1
1.0,0.99581426,1
1.0,0.98406845,1
1.0,0.99451196,1
1.0,0.99522614,1
1.0,0.9960736,1
1.0,0.98760134,1
1.0,0.9952767,1
1.0,0.99258196,1
1.0,0.97396016,1
1.0,0.97396016,1
1.0,0.97396016,1
1.0,0.97396016,1
1.0,0.9958411,1
1.0,0.9964676,1
1.0,0.9967205,1
1.0,0.99636334,1
1.0,0.99688834,1
1.0,0.99704736,1
1.0,0.99715257,1
1.0,0.9969131,1
1.0,0.9969342,1
1.0,0.9969457,1
1.0,0.9966922,1
1.0,0.9964813,1
1.0,0.9956261,1
1.0,0.9927114,1
1.0,0.9934089,1
1.0,0.9949056,1
1.0,0.99184436,1
1.0,0.995369,1
1.0,0.99618274,1
1.0,0.9960019,1
1.0,0.9957417,1
1.0,0.99497163,1
1.0,0.9948939,1
1.0,0.9585755,1
1.0,0.9903252,1
1.0,0.99269015,1
1.0,0.98260146,1
1.0,0.9964574,1
1.0,0.8468452,1
1.0,0.99665314,1
1.0,0.9963407,1
1.0,0.9954301,1
1.0,0.9963313,1
1.0,0.99366224,1
1.0,0.945261,1
1.0,0.99629563,1
1.0,0.9973469,1
1.0,0.9955928,1
1.0,0.9951953,1
1.0,0.99720997,1
1.0,0.9977969,1
1.0,0.9973847,1
1.0,0.9969873,1
1.0,0.99762756,1
1.0,0.99718744,1
1.0,0.9974172,1
1.0,0.9977175,1
1.0,0.99697804,1
1.0,0.99784946,1
1.0,0.9968574,1
1.0,0.9966349,1
1.0,0.99716514,1
1.0,0.997698,1
1.0,0.9972024,1
1.0,0.9972874,1
1.0,0.997047,1
1.0,0.99695,1
1.0,0.99714285,1
1.0,0.9966569,1
1.0,0.99749976,1
1.0,0.997136,1
1.0,0.9809326,1
1.0,0.9970982,1
1.0,0.9958287,1
1.0,0.987621,1
1.0,0.9967302,1
1.0,0.9962412,1
1.0,0.9931117,1
1.0,0.9962289,1
1.0,0.9973717,1
1.0,0.9970438,1
1.0,0.99670595,1
1.0,0.99567056,1
1.0,0.9930761,1
1.0,0.99680233,1
1.0,0.9970726,1
1.0,0.9973563,1
1.0,0.9970701,1
1.0,0.99146855,1
1.0,0.9963398,1
1.0,0.9926208,1
1.0,0.99651474,1
1.0,0.99647254,1
1.0,0.9970005,1
1.0,0.9958151,1
1.0,0.9964921,1
1.0,0.996283,1
1.0,0.99072146,1
1.0,0.99646133,1
1.0,0.99365133,1
1.0,0.9962681,1
1.0,0.9832599,1
1.0,0.9952874,1
1.0,0.99406767,1
1.0,0.99671006,1
1.0,0.9962458,1
1.0,0.9946037,1
1.0,0.995047,1
1.0,0.809597,1
1.0,0.99583626,1
1.0,0.99709153,1
1.0,0.9936148,1
1.0,0.9875551,1
1.0,0.9974687,1
1.0,0.997341,1
1.0,0.9957854,1
1.0,0.99635446,1
1.0,0.9973832,1
1.0,0.997251,1
1.0,0.9968575,1
1.0,0.99611264,1
1.0,0.99750394,1
1.0,0.9966143,1
1.0,0.99632215,1
1.0,0.9975721,1
1.0,0.9950216,1
1.0,0.9931993,1
1.0,0.6941347,1
1.0,0.9942669,1
1.0,0.9971046,1
1.0,0.99578565,1
1.0,0.995977,1
1.0,0.9966973,1
1.0,0.9931623,1
1.0,0.9943421,1
1.0,0.99357843,1
1.0,0.9960568,1
1.0,0.99697626,1
1.0,0.9964768,1
1.0,0.9959495,1
1.0,0.9963736,1
1.0,0.99513066,1
1.0,0.9966684,1
1.0,0.9959479,1
1.0,0.99559855,1
1.0,0.9973773,1
1.0,0.9973808,1
1.0,0.9955687,1
1.0,0.99705553,1
1.0,0.99711823,1
1.0,0.99681383,1
1.0,0.99776936,1
1.0,0.99631244,1
1.0,0.99644476,1
1.0,0.9964365,1
1.0,0.99280834,1
1.0,0.9947594,1
1.0,0.9965816,1
1.0,0.99633896,1
1.0,0.99153286,1
1.0,0.9950911,1
1.0,0.9591473,1
1.0,0.98943603,1
1.0,0.9911402,1
1.0,0.99578154,1
1.0,0.99343914,1
1.0,0.9954679,1
1.0,0.99560034,1
1.0,0.99448746,1
1.0,0.99598026,1
1.0,0.9956501,1
1.0,0.99419594,1
1.0,0.9908698,1
1.0,0.9934818,1
1.0,0.99566853,1
1.0,0.99406505,1
1.0,0.9935288,1
1.0,0.9922157,1
1.0,0.9968708,1
1.0,0.9976255,1
1.0,0.995697,1
1.0,0.9973853,1
1.0,0.9962368,1
1.0,0.98912597,1
1.0,0.99773586,1
1.0,0.9976496,1
0.0,0.24620458,1
1.0,0.98459584,1
1.0,0.9864586,1
1.0,0.99700326,1
1.0,0.9972849,1
1.0,0.99631774,1
1.0,0.99693274,1
1.0,0.9934458,1
1.0,0.9896026,1
1.0,0.6112501,1
1.0,0.97396016,1
1.0,0.99693847,1
1.0,0.9955693,1
1.0,0.9974261,1
1.0,0.99639434,1
1.0,0.99617165,1
1.0,0.996636,1
1.0,0.95659876,1
1.0,0.99649733,1
1.0,0.99706995,1
1.0,0.9955621,1
1.0,0.9962018,1
1.0,0.98762697,1
1.0,0.9946472,1
1.0,0.9953916,1
1.0,0.9975151,1
1.0,0.9963393,1
1.0,0.99694926,1
1.0,0.99636155,1
1.0,0.9969317,1
1.0,0.99667966,1
1.0,0.99543625,1
1.0,0.997514,1
1.0,0.9975592,1
1.0,0.925978,1
1.0,0.99574184,1
1.0,0.99718946,1
1.0,0.9971522,1
1.0,0.99657935,1
1.0,0.9558407,1
1.0,0.97617674,1
1.0,0.8100726,1
1.0,0.9931718,1
0.0,0.0031955952,0
0.0,0.009338816,0
0.0,0.0067138444,0
0.0,0.003361837,0
0.0,0.0026964466,0
0.0,0.0032726042,0
0.0,0.27903146,0
0.0,0.008712546,0
0.0,0.0038501353,0
0.0,0.01827662,0
0.0,0.016295904,0
0.0,0.003129897,0
1.0,0.98125273,0
0.0,0.0062081493,0
0.0,0.0032922453,0
1.0,0.73243666,0
0.0,0.016806332,0
0.0,0.004473728,0
0.0,0.027747685,0
0.0,0.004478501,0
0.0,0.0030213313,0
0.0,0.0066342647,0
0.0,0.019771913,0
0.0,0.005512217,0
0.0,0.005136496,0
0.0,0.1575047,0
0.0,0.0037537904,0
0.0,0.0029810895,0
0.0,0.019486636,0
0.0,0.014022384,0
0.0,0.0041115126,0
0.0,0.0030868792,0
0.0,0.032586522,0
0.0,0.0054835845,0
0.0,0.008395521,0
0.0,0.004562004,0
0.0,0.0040008347,0
0.0,0.0053704614,0
0.0,0.0043374165,0
0.0,0.003267476,0
0.0,0.20915404,0
0.0,0.003079721,0
0.0,0.0033299588,0
0.0,0.0030100374,0
0.0,0.0026727696,0
0.0,0.0052987877,0
0.0,0.015800852,0
0.0,0.027078774,0
0.0,0.01277959,0
0.0,0.0038683878,0
0.0,0.00268631,0
0.0,0.005441225,0
0.0,0.007712568,0
0.0,0.0030801806,0
0.0,0.02240495,0
0.0,0.0032798168,0
0.0,0.0057679038,0
0.0,0.0029351078,0
0.0,0.0057490505,0
0.0,0.004131009,0
0.0,0.009641299,0
0.0,0.007153057,0
0.0,0.004841709,0
0.0,0.0021610619,0
0.0,0.006344697,0
0.0,0.0033476604,0
0.0,0.0043146084,0
0.0,0.003861208,0
0.0,0.0064755287,0
0.0,0.0069795023,0
0.0,0.0023754647,0
0.0,0.094995454,0
1.0,0.5667759,0
0.0,0.0026509885,0
0.0,0.014283096,0
0.0,0.0027670995,0
0.0,0.0024357105,0
0.0,0.004468961,0
0.0,0.003141447,0
0.0,0.01242437,0
0.0,0.003267156,0
0.0,0.0033481328,0
0.0,0.0035398079,0
0.0,0.0050692605,0
0.0,0.010218965,0
0.0,0.008078206,0
1.0,0.62481105,0
0.0,0.0032432154,0
0.0,0.004013427,0
1.0,0.8218494,0
0.0,0.0023176365,0
0.0,0.009218068,0
0.0,0.0061199004,0
0.0,0.0038631102,0
0.0,0.0028028267,0
0.0,0.0025710072,0
0.0,0.0032915536,0
0.0,0.016338939,0
0.0,0.0030896289,0
0.0,0.09551853,0
0.0,0.0041787103,0
0.0,0.0027211665,0
0.0,0.0031820314,0
0.0,0.004441925,0
0.0,0.00672297,0
0.0,0.0031542026,0
0.0,0.046331085,0
0.0,0.004001793,0
0.0,0.007907524,0
0.0,0.02058315,0
0.0,0.0057734405,0
0.0,0.0028295333,0
0.0,0.0023564266,0
0.0,0.0084312195,0
0.0,0.0035168563,0
0.0,0.0029873487,0
0.0,0.0036843258,0
0.0,0.0026776257,0
0.0,0.0032693339,0
0.0,0.005797121,0
0.0,0.0032432447,0
0.0,0.0057246587,0
0.0,0.0026696245,0
0.0,0.0036590153,0
0.0,0.002467895,0
0.0,0.021268776,0
0.0,0.0077352417,0
0.0,0.07548064,0
0.0,0.0026376105,0
0.0,0.011157327,0
0.0,0.004409701,0
0.0,0.016113766,0
0.0,0.02038143,0
0.0,0.008976643,0
0.0,0.053405054,0
0.0,0.0040826784,0
0.0,0.0023318855,0
0.0,0.003715402,0
0.0,0.0037312964,0
0.0,0.003635636,0
1.0,0.97396016,0
0.0,0.003475795,0
0.0,0.002272885,0
0.0,0.009306148,0
0.0,0.0028494585,0
0.0,0.0019224718,0
0.0,0.003971453,0
0.0,0.0025539133,0
0.0,0.003422351,0
0.0,0.0032388808,0
0.0,0.0071792062,0
0.0,0.0029493764,0
0.0,0.0034293074,0
0.0,0.004156828,0
0.0,0.0038727962,0
0.0,0.020071726,0
0.0,0.006690106,0
0.0,0.13582079,0
0.0,0.0021122121,0
0.0,0.01588286,0
0.0,0.0043146797,0
0.0,0.022676306,0
0.0,0.002613469,0
0.0,0.002453384,0
0.0,0.07935014,0
1.0,0.7734719,0
0.0,0.004630527,0
0.0,0.0069016744,0
0.0,0.0033832237,0
0.0,0.0041769966,0
0.0,0.0045133606,0
0.0,0.006360824,0
0.0,0.0109753115,0
0.0,0.0055823284,0
0.0,0.0022040494,0
0.0,0.0050621186,0
0.0,0.003920004,0
0.0,0.004543068,0
0.0,0.0025872334,0
0.0,0.002415752,0
0.0,0.026252853,0
0.0,0.122918114,0
0.0,0.0064014127,0
0.0,0.0077532623,0
0.0,0.011825044,0
0.0,0.0029943702,0
1.0,0.5719237,0
0.0,0.0058124624,0
0.0,0.09571383,0
0.0,0.011315345,0
0.0,0.01943879,0
0.0,0.0023826542,0
0.0,0.002531523,0
0.0,0.24611734,0
0.0,0.020604283,0
0.0,0.0040608705,0
0.0,0.0025199617,0
0.0,0.0063379635,0
0.0,0.0039898637,0
0.0,0.0033475999,0
0.0,0.017476851,0
0.0,0.006051763,0
0.0,0.008397383,0
0.0,0.0027475974,0
0.0,0.00329356,0
0.0,0.005546036,0
0.0,0.0051529454,0
0.0,0.08570375,0
0.0,0.0050210017,0
0.0,0.008698465,0
0.0,0.004982156,0
0.0,0.004506574,0
0.0,0.42362386,0
0.0,0.0028818292,0
0.0,0.0052544484,0
0.0,0.004102779,0
0.0,0.0044782716,0
0.0,0.006287357,0
1.0,0.56528926,0
0.0,0.0028668272,0
0.0,0.0039140186,0
0.0,0.005199155,0
0.0,0.002594679,0
0.0,0.0024903954,0
0.0,0.0029968424,0
0.0,0.008244273,0
0.0,0.0032043303,0
0.0,0.0028146305,0
0.0,0.005038826,0
0.0,0.0031557507,0
0.0,0.0046772566,0
0.0,0.012394905,0
0.0,0.0045398194,0
0.0,0.0052649193,0
0.0,0.005213914,0
0.0,0.003597508,0
0.0,0.004007761,0
1.0,0.8164615,0
0.0,0.0061983513,0
0.0,0.0026672676,0
0.0,0.012598987,0
0.0,0.004732062,0
0.0,0.0044444916,0
0.0,0.0064143552,0
0.0,0.0040824106,0
0.0,0.0063994927,0
0.0,0.012026876,0
0.0,0.004324388,0
0.0,0.0041020443,0
0.0,0.0025595839,0
0.0,0.0036871226,0
0.0,0.21721843,0
0.0,0.0035289559,0
0.0,0.0067680907,0
0.0,0.3404928,0
0.0,0.003269954,0
0.0,0.03943338,0
1.0,0.84531564,0
0.0,0.0040734946,0
0.0,0.0034124108,0
0.0,0.006768241,0
0.0,0.0096531985,0
0.0,0.007886375,0
0.0,0.0029512222,0
0.0,0.015921244,0
0.0,0.003422421,0
0.0,0.0026377686,0
0.0,0.012471235,0
0.0,0.0028375091,0
0.0,0.0030487683,0
0.0,0.0038612243,0
0.0,0.005795027,0
0.0,0.006402471,0
0.0,0.0021177288,0
1.0,0.8354013,0
0.0,0.02676573,0
0.0,0.0030976068,0
0.0,0.0027145774,0
0.0,0.014603376,0
0.0,0.0044070426,0
0.0,0.17902918,0
0.0,0.0026795121,0
0.0,0.0071259174,0
0.0,0.020839538,0
0.0,0.0026565392,0
0.0,0.002707572,0
0.0,0.0043497877,0
0.0,0.0021380463,0
0.0,0.0036778115,0
0.0,0.003078023,0
0.0,0.23662485,0
0.0,0.004218686,0
0.0,0.014330602,0
0.0,0.0031351473,0
0.0,0.005045052,0
0.0,0.0027545765,0
0.0,0.016709294,0
0.0,0.004084939,0
0.0,0.005805289,0
0.0,0.0028558143,0
0.0,0.0039220224,0
0.0,0.0028624155,0
0.0,0.025490033,0
0.0,0.14386092,0
0.0,0.004341133,0
0.0,0.005811705,0
0.0,0.0056471173,0
0.0,0.0036114738,0
0.0,0.0033058973,0
0.0,0.0025380114,0
0.0,0.0028698714,0
0.0,0.005891019,0
0.0,0.0031122125,0
0.0,0.0042566643,0
0.0,0.0037637148,0
0.0,0.0042230543,0
0.0,0.0026721188,0
0.0,0.0157283,0
0.0,0.015546975,0
0.0,0.0038850487,0
1.0,0.99752694,1
1.0,0.99776495,1
1.0,0.9967098,1
1.0,0.99650687,1
1.0,0.52304333,1
1.0,0.99577904,1
1.0,0.99613225,1
1.0,0.98775524,1
1.0,0.9945937,1
1.0,0.99390715,1
1.0,0.9929235,1
1.0,0.9889653,1
1.0,0.9947718,1
1.0,0.9948807,1
1.0,0.9957361,1
1.0,0.9922443,1
1.0,0.99699676,1
1.0,0.997168,1
1.0,0.9963128,1
1.0,0.9948596,1
1.0,0.57576954,1
1.0,0.9965821,1
1.0,0.99657613,1
1.0,0.99704593,1
1.0,0.9957281,1
1.0,0.99658257,1
1.0,0.9970925,1
1.0,0.9969613,1
1.0,0.99711084,1
1.0,0.996917,1
1.0,0.99661475,1
1.0,0.9945239,1
1.0,0.99658716,1
1.0,0.9964276,1
1.0,0.99765104,1
1.0,0.9971154,1
1.0,0.9970925,1
1.0,0.9969253,1
1.0,0.9951906,1
1.0,0.9952147,1
1.0,0.9976532,1
1.0,0.99713683,1
1.0,0.9970901,1
1.0,0.9961169,1
1.0,0.9974638,1
1.0,0.9965677,1
1.0,0.99746466,1
1.0,0.9975635,1
1.0,0.99743724,1
1.0,0.99721056,1
1.0,0.99623173,1
1.0,0.99604553,1
1.0,0.997519,1
1.0,0.99682236,1
1.0,0.9964856,1
1.0,0.996831,1
1.0,0.99561125,1
1.0,0.9971564,1
1.0,0.9978467,1
1.0,0.9972567,1
1.0,0.9977889,1
1.0,0.9973199,1
1.0,0.9971079,1
1.0,0.9976942,1
1.0,0.99779993,1
1.0,0.99675673,1
1.0,0.9967283,1
1.0,0.96456957,1
1.0,0.9915236,1
1.0,0.99353784,1
1.0,0.99509746,1
1.0,0.9925517,1
1.0,0.99657226,1
1.0,0.9977603,1
1.0,0.99644107,1
1.0,0.9964604,1
1.0,0.99549735,1
1.0,0.99650574,1
1.0,0.99617815,1
1.0,0.98977405,1
1.0,0.9974873,1
1.0,0.9967012,1
1.0,0.99640924,1
1.0,0.83524853,1
1.0,0.9941127,1
1.0,0.9856204,1
1.0,0.9940182,1
1.0,0.9960724,1
1.0,0.99685127,1
1.0,0.9966504,1
1.0,0.9956119,1
1.0,0.99443936,1
1.0,0.99644285,1
1.0,0.996161,1
1.0,0.99681973,1
1.0,0.9968749,1
1.0,0.99298203,1
1.0,0.99437356,1
1.0,0.9928589,1
1.0,0.94350666,1
1.0,0.9973207,1
1.0,0.98727626,1
1.0,0.9952683,1
1.0,0.9884494,1
1.0,0.9824405,1
1.0,0.9854784,1
1.0,0.90823406,1
1.0,0.90023243,1
1.0,0.98787093,1
1.0,0.99274653,1
0.0,0.0157596,1
1.0,0.861652,1
1.0,0.9404488,1
1.0,0.99375904,1
1.0,0.9950269,1
1.0,0.99627554,1
1.0,0.99565494,1
1.0,0.99734926,1
1.0,0.99618906,1
1.0,0.99515283,1
1.0,0.9957457,1
1.0,0.9954529,1
1.0,0.99725336,1
1.0,0.98980755,1
1.0,0.991356,1
1.0,0.9960278,1
0.0,0.24379374,1
1.0,0.99023473,1
1.0,0.995093,1
1.0,0.9955621,1
1.0,0.99632996,1
1.0,0.9955491,1
1.0,0.99226636,1
1.0,0.9962114,1
1.0,0.99466336,1
1.0,0.9967116,1
1.0,0.99559915,1
1.0,0.9964561,1
1.0,0.9861697,1
1.0,0.9958995,1
1.0,0.99604034,1
1.0,0.9889398,1
1.0,0.9929777,1
1.0,0.99538475,1
1.0,0.9931206,1
1.0,0.99239963,1
1.0,0.9964814,1
1.0,0.9965963,1
1.0,0.9969433,1
1.0,0.9971731,1
1.0,0.9968078,1
1.0,0.99759054,1
1.0,0.99692035,1
1.0,0.97396016,1
1.0,0.97396016,1
1.0,0.97396016,1
1.0,0.97396016,1
1.0,0.97396016,1
1.0,0.97396016,1
1.0,0.97396016,1
1.0,0.97396016,1
1.0,0.97396016,1
1.0,0.97396016,1
1.0,0.97396016,1
1.0,0.97396016,1
1.0,0.97396016,1
1.0,0.97396016,1
1.0,0.97396016,1
1.0,0.97396016,1
1.0,0.97396016,1
1.0,0.97396016,1
1.0,0.99643207,1
1.0,0.98975825,1
1.0,0.9959103,1
1.0,0.9694826,1
1.0,0.5909053,1
1.0,0.9975684,1
1.0,0.9971963,1
1.0,0.9975624,1
1.0,0.9963174,1
1.0,0.99570245,1
1.0,0.9965971,1
1.0,0.9962734,1
1.0,0.9964516,1
1.0,0.99667263,1
1.0,0.996804,1
1.0,0.99378407,1
1.0,0.97396016,1
1.0,0.97396016,1
1.0,0.97396016,1
1.0,0.97396016,1
1.0,0.97396016,1
1.0,0.97396016,1
1.0,0.9498991,1
1.0,0.9947109,1
1.0,0.9930646,1
1.0,0.9965887,1
1.0,0.99651587,1
1.0,0.99727815,1
1.0,0.9928302,1
1.0,0.99611473,1
1.0,0.9975871,1
1.0,0.997341,1
1.0,0.99776936,1
1.0,0.9953799,1
1.0,0.9954725,1
1.0,0.9896331,1
1.0,0.99580944,1
1.0,0.9971814,1
1.0,0.99642086,1
1.0,0.99611914,1
1.0,0.99694616,1
1.0,0.99780077,1
1.0,0.99506336,1
1.0,0.99788994,1
1.0,0.9977404,1
1.0,0.9968939,1
1.0,0.99648297,1
1.0,0.996962,1
1.0,0.99644583,1
1.0,0.9963315,1
1.0,0.9967018,1
1.0,0.9965765,1
1.0,0.9967109,1
1.0,0.9976675,1
1.0,0.99755305,1
1.0,0.9971852,1
1.0,0.99576074,1
1.0,0.9975923,1
1.0,0.9939466,1
1.0,0.99689,1
1.0,0.9973368,1
1.0,0.9963081,1
1.0,0.99469596,1
1.0,0.99335116,1
1.0,0.98565626,1
1.0,0.99591833,1
1.0,0.9967608,1
1.0,0.9974445,1
1.0,0.9970944,1
1.0,0.99752194,1
1.0,0.99716574,1
1.0,0.99493825,1
1.0,0.9974849,1
1.0,0.9967624,1
1.0,0.9969548,1
1.0,0.99587566,1
1.0,0.9964425,1
1.0,0.9960239,1
1.0,0.99636406,1
1.0,0.9964282,1
1.0,0.99720097,1
1.0,0.9925569,1
1.0,0.997129,1
1.0,0.9961003,1
1.0,0.9964862,1
1.0,0.9895607,1
1.0,0.99631363,1
1.0,0.99569476,1
1.0,0.99678,1
1.0,0.9966438,1
1.0,0.9968612,1
1.0,0.99763155,1
1.0,0.9942562,1
1.0,0.9960712,1
1.0,0.9943311,1
1.0,0.99429387,1
1.0,0.9890154,1
1.0,0.9967604,1
1.0,0.995902,1
1.0,0.9927331,1
1.0,0.99449736,1
1.0,0.9930635,1
1.0,0.99567467,1
1.0,0.9951552,1
1.0,0.9962458,1
1.0,0.9961384,1
1.0,0.99457234,1
1.0,0.9819625,1
1.0,0.9973954,1
1.0,0.9971341,1
1.0,0.997134,1
1.0,0.99762195,1
1.0,0.9972326,1
1.0,0.99750346,1
1.0,0.9968015,1
1.0,0.99640393,1
1.0,0.99686843,1
1.0,0.9918281,1
1.0,0.99448806,1
1.0,0.9902317,1
1.0,0.99480987,1
1.0,0.9952872,1
1.0,0.99422,1
1.0,0.909907,1
1.0,0.9931553,1
1.0,0.99675024,1
1.0,0.99673957,1
1.0,0.9926703,1
1.0,0.575806,1
1.0,0.95645404,1
1.0,0.99487007,1
1.0,0.9925373,1
1.0,0.99601966,1
1.0,0.99688715,1
1.0,0.9962949,1
1.0,0.99504566,1
1.0,0.9966037,1
1.0,0.99670535,1
1.0,0.995887,1
1.0,0.99500316,1
1.0,0.99670273,1
1.0,0.9973912,1
1.0,0.9958395,1
1.0,0.9971539,1
1.0,0.9959668,1
1.0,0.99440044,1
1.0,0.9966725,1
1.0,0.99664426,1
1.0,0.99374986,1
1.0,0.9595671,1
1.0,0.9970523,1
1.0,0.9942457,1
1.0,0.99314237,1
1.0,0.8579097,1
1.0,0.9934748,1
1.0,0.99629277,1
1.0,0.98956394,1
1.0,0.84516627,1
1.0,0.9955825,1
1.0,0.9965125,1
1.0,0.9968135,1
1.0,0.9957449,1
1.0,0.99715495,1
1.0,0.997329,1
1.0,0.9972663,1
1.0,0.9958703,1
1.0,0.9954705,1
1.0,0.9945269,1
1.0,0.9898774,1
1.0,0.99558145,1
1.0,0.98875767,1
1.0,0.99543923,1
1.0,0.99512535,1
1.0,0.99517775,1
1.0,0.98291475,1
1.0,0.99640226,1
1.0,0.760877,1
1.0,0.9922152,1
1.0,0.99121463,1
1.0,0.9915615,1
0.0,0.0031939598,0
0.0,0.005429896,0
0.0,0.013666011,0
0.0,0.003488377,0
0.0,0.0036257228,0
0.0,0.003217758,0
0.0,0.0061649736,0
0.0,0.0034848098,0
0.0,0.0040366948,0
0.0,0.005506516,0
0.0,0.0032540516,0
0.0,0.007691741,0
0.0,0.008508587,0
0.0,0.005043124,0
0.0,0.0042290883,0
0.0,0.006482997,0
0.0,0.04143359,0
0.0,0.019466104,0
0.0,0.0072100884,0
0.0,0.002561436,0
0.0,0.010879588,0
0.0,0.013734058,0
0.0,0.0050345724,0
0.0,0.0027133399,0
1.0,0.9587833,0
0.0,0.030058535,0
0.0,0.22959912,0
0.0,0.02520271,0
0.0,0.004326409,0
0.0,0.0074961036,0
0.0,0.014924426,0
0.0,0.005842743,0
0.0,0.0035949296,0
0.0,0.0041815806,0
1.0,0.97396016,0
0.0,0.004629459,0
0.0,0.003962971,0
0.0,0.0026084052,0
0.0,0.0070108324,0
0.0,0.0040512374,0
0.0,0.009044608,0
0.0,0.0025100207,0
0.0,0.005506579,0
1.0,0.92123646,0
0.0,0.008578325,0
0.0,0.007127122,0
0.0,0.0030588242,0
0.0,0.00506196,0
0.0,0.0053306804,0
0.0,0.004148954,0
0.0,0.003547265,0
0.0,0.0040916065,0
0.0,0.0038819292,0
0.0,0.03752454,0
0.0,0.004177794,0
0.0,0.0036499384,0
0.0,0.0031555376,0
0.0,0.004752429,0
0.0,0.004922179,0
0.0,0.004693369,0
0.0,0.004382083,0
0.0,0.005557644,0
0.0,0.0040890505,0
0.0,0.0062604235,0
0.0,0.008366176,0
0.0,0.007954123,0
0.0,0.0053349654,0
0.0,0.003224286,0
0.0,0.007816884,0
0.0,0.0037732604,0
0.0,0.0035989406,0
0.0,0.018021254,0
0.0,0.0044164844,0
0.0,0.003146096,0
0.0,0.0035569004,0
0.0,0.01394961,0
0.0,0.0087831775,0
0.0,0.0048084357,0
0.0,0.0029522383,0
0.0,0.4611669,0
0.0,0.008680551,0
0.0,0.004505468,0
0.0,0.0032015992,0
0.0,0.0043061334,0
0.0,0.0037812989,0
1.0,0.97396016,0
0.0,0.0053761215,0
0.0,0.016679142,0
0.0,0.008384195,0
1.0,0.6270717,0
0.0,0.0036837661,0
0.0,0.0026009232,0
0.0,0.0032670128,0
0.0,0.0041377544,0
0.0,0.0044747014,0
0.0,0.0034791033,0
0.0,0.005032898,0
0.0,0.0049227467,0
0.0,0.003704823,0
0.0,0.00839647,0
1.0,0.97396016,0
1.0,0.97396016,0
0.0,0.004752799,0
0.0,0.43440554,0
0.0,0.007827671,0
0.0,0.04183846,0
0.0,0.012364996,0
0.0,0.019158585,0
0.0,0.0028540005,0
0.0,0.0069471393,0
0.0,0.0046327296,0
0.0,0.0031433275,0
0.0,0.0031872431,0
0.0,0.005311817,0
0.0,0.0052113426,0
0.0,0.005549491,0
0.0,0.0044067125,0
0.0,0.071789265,0
0.0,0.00413849,0
0.0,0.0024788973,0
0.0,0.0029695963,0
0.0,0.0748342,0
0.0,0.0040320223,0
0.0,0.00370599,0
1.0,0.6345744,0
0.0,0.019107327,0
0.0,0.0087091075,0
0.0,0.0058192257,0
0.0,0.0027402996,0
0.0,0.0027691254,0
0.0,0.00805872,0
0.0,0.004647829,0
0.0,0.005322753,0
0.0,0.0037222693,0
0.0,0.014895641,0
0.0,0.006157242,0
0.0,0.0042184796,0
1.0,0.97396016,0
0.0,0.0066655017,0
0.0,0.00590558,0
0.0,0.00443644,0
0.0,0.023790823,0
1.0,0.97396016,0
0.0,0.0027843441,0
0.0,0.0032731737,0
0.0,0.0041358215,0
0.0,0.004947035,0
1.0,0.97396016,0
1.0,0.97396016,0
0.0,0.0046401983,0
0.0,0.0038409089,0
0.0,0.029847194,0
0.0,0.015102544,0
0.0,0.0035302152,0
0.0,0.0027994607,0
0.0,0.1374276,0
0.0,0.0036128433,0
0.0,0.0037201035,0
0.0,0.028729903,0
0.0,0.0036809493,0
0.0,0.006965356,0
0.0,0.0036927953,0
0.0,0.0027874785,0
0.0,0.0062355096,0
0.0,0.0043452075,0
0.0,0.0039422563,0
0.0,0.0042818664,0
0.0,0.009437418,0
0.0,0.0033096012,0
0.0,0.0042881067,0
0.0,0.0051070503,0
0.0,0.004055347,0
1.0,0.6053857,0
0.0,0.0040657483,0
0.0,0.002505643,0
0.0,0.01437016,0
0.0,0.0032682214,0
0.0,0.0047749863,0
1.0,0.97396016,0
0.0,0.0025250318,0
0.0,0.0023708888,0
0.0,0.032080583,0
0.0,0.0062087346,0
0.0,0.0043966444,0
0.0,0.0046312655,0
0.0,0.003104808,0
0.0,0.003595611,0
0.0,0.003242804,0
0.0,0.005915834,0
0.0,0.0042897784,0
1.0,0.97396016,0
1.0,0.9359083,0
0.0,0.006044711,0
0.0,0.008550448,0
0.0,0.0067740167,0
0.0,0.002800341,0
0.0,0.0041243057,0
0.0,0.0035617405,0
0.0,0.0029522285,0
1.0,0.7473241,0
0.0,0.0035615512,0
0.0,0.0029659464,0
0.0,0.0056919325,0
1.0,0.9674741,0
0.0,0.004110935,0
0.0,0.0052772346,0
0.0,0.0038325798,0
0.0,0.00558541,0
0.0,0.0021814052,0
0.0,0.0024133334,0
0.0,0.0031777495,0
0.0,0.0051350975,0
0.0,0.002607955,0
0.0,0.008591986,0
0.0,0.0033428909,0
0.0,0.028255146,0
0.0,0.004665353,0
0.0,0.0141421,0
0.0,0.009990203,0
0.0,0.0026098918,0
0.0,0.008119353,0
0.0,0.010924274,0
0.0,0.008597328,0
0.0,0.0043456987,0
0.0,0.0049591903,0
0.0,0.0049633235,0
0.0,0.009817314,0
0.0,0.010580917,0
0.0,0.0061174184,0
0.0,0.010712095,0
0.0,0.0043920134,0
1.0,0.97396016,0
0.0,0.0032569729,0
0.0,0.012449343,0
0.0,0.0031434125,0
0.0,0.0060080765,0
0.0,0.004447691,0
0.0,0.007262633,0
0.0,0.0027011107,0
0.0,0.0027496247,0
0.0,0.0049008154,0
0.0,0.004057231,0
0.0,0.009679481,0
0.0,0.0027826764,0
0.0,0.009989265,0
0.0,0.003215055,0
0.0,0.006808192,0
1.0,0.9652826,0
0.0,0.020942843,0
0.0,0.14781123,0
0.0,0.002494805,0
0.0,0.0037107966,0
0.0,0.0029562945,0
0.0,0.0073771337,0
0.0,0.0026149994,0
0.0,0.0033023737,0
0.0,0.0030950166,0
0.0,0.12061089,0
0.0,0.003859215,0
0.0,0.0034341703,0
0.0,0.008948022,0
0.0,0.0039769947,0
0.0,0.0093383,0
0.0,0.0031137366,0
0.0,0.050966848,0
1.0,0.97396016,0
0.0,0.0033134774,0
1.0,0.5190448,0
0.0,0.005899228,0
0.0,0.0076036635,0
0.0,0.4728737,0
0.0,0.0037250766,0
0.0,0.004121177,0
0.0,0.0030352166,0
0.0,0.0066441963,0
0.0,0.055839483,0
0.0,0.0132529065,0
0.0,0.0031330155,0
0.0,0.003626827,0
0.0,0.010236971,0
0.0,0.05618144,0
0.0,0.05310982,0
0.0,0.0060256035,0
0.0,0.0090824105,0
0.0,0.0031167236,0
0.0,0.0043655913,0
0.0,0.011710286,0
0.0,0.003529372,0
0.0,0.057485502,0
0.0,0.0029331187,0
0.0,0.0034944424,0
0.0,0.0027990444,0
1.0,0.97396016,0
0.0,0.008382918,0
0.0,0.00823591,0
0.0,0.018892264,0
0.0,0.06541104,0
0.0,0.0035065315,0
0.0,0.010710959,0
0.0,0.0030276247,0
0.0,0.0042516505,0
1.0,0.8875005,0
0.0,0.0031323931,0
0.0,0.0041001956,0
0.0,0.0031023752,0
0.0,0.009361974,0
0.0,0.0038229958,0
0.0,0.006960225,0
0.0,0.0032623021,0
0.0,0.0028675185,0
0.0,0.0025341106,0
0.0,0.0050260643,0
0.0,0.009352921,0
0.0,0.0030730492,0
0.0,0.11481711,0
0.0,0.0027325726,0
0.0,0.0076156985,0
0.0,0.0053376835,0
0.0,0.004346315,0
0.0,0.012571547,0
0.0,0.002787428,0
0.0,0.004246115,0
0.0,0.00403677,0
0.0,0.002356309,0
1.0,0.97396016,0
0.0,0.0034194558,0
0.0,0.002526697,0
0.0,0.0027187762,0
0.0,0.0052442094,0
0.0,0.0044265557,0
0.0,0.014015449,0
0.0,0.0035736845,0
0.0,0.0044321916,0
0.0,0.0040498734,0
0.0,0.009695804,0
0.0,0.002360714,0
0.0,0.006112547,0
1.0,0.97396016,1
1.0,0.97396016,1
1.0,0.97396016,1
1.0,0.99578047,1
1.0,0.9911293,1
1.0,0.9955896,1
1.0,0.99572694,1
1.0,0.99740857,1
1.0,0.9961759,1
1.0,0.9966845,1
1.0,0.997163,1
1.0,0.9954016,1
1.0,0.9971125,1
0.0,0.014104771,1
0.0,0.35887572,1
0.0,0.0447341,1
1.0,0.5020252,1
1.0,0.997101,1
1.0,0.9962954,1
1.0,0.9966844,1
1.0,0.9966258,1
1.0,0.9967753,1
1.0,0.9961385,1
1.0,0.9966439,1
1.0,0.9972372,1
1.0,0.99713147,1
1.0,0.7511641,1
1.0,0.9896791,1
1.0,0.99686927,1
1.0,0.9955005,1
1.0,0.9966857,1
1.0,0.9969735,1
1.0,0.99633884,1
1.0,0.9969586,1
1.0,0.9973182,1
1.0,0.98746186,1
1.0,0.9967548,1
1.0,0.9958097,1
1.0,0.99662197,1
1.0,0.99524564,1
1.0,0.9976966,1
1.0,0.99685967,1
1.0,0.9927194,1
1.0,0.9967049,1
1.0,0.997042,1
1.0,0.9971898,1
1.0,0.99741936,1
1.0,0.99698204,1
1.0,0.99424404,1
1.0,0.99693656,1
1.0,0.99737203,1
1.0,0.9840261,1
1.0,0.9897563,1
1.0,0.99672514,1
1.0,0.9972842,1
1.0,0.99756336,1
1.0,0.99625564,1
1.0,0.99534637,1
1.0,0.9960156,1
1.0,0.9967525,1
1.0,0.9960731,1
1.0,0.99675375,1
1.0,0.99566334,1
1.0,0.996861,1
1.0,0.9971411,1
1.0,0.9976985,1
1.0,0.9973297,1
1.0,0.9794031,1
1.0,0.990378,1
1.0,0.99206454,1
1.0,0.992151,1
1.0,0.99676275,1
1.0,0.99419045,1
1.0,0.98700804,1
1.0,0.9966828,1
1.0,0.9974769,1
1.0,0.99640477,1
1.0,0.99587953,1
1.0,0.9850486,1
1.0,0.9952428,1
1.0,0.9895126,1
1.0,0.9967771,1
1.0,0.99679047,1
1.0,0.995381,1
1.0,0.9966202,1
1.0,0.99687093,1
1.0,0.9965564,1
1.0,0.9975414,1
1.0,0.9969618,1
1.0,0.9946238,1
0.0,0.21348013,1
1.0,0.99440634,1
1.0,0.9930681,1
1.0,0.9956943,1
1.0,0.99691963,1
1.0,0.9963952,1
1.0,0.99488753,1
1.0,0.99776137,1
1.0,0.9964227,1
1.0,0.99758124,1
1.0,0.97396016,1
1.0,0.97396016,1
1.0,0.9965911,1
1.0,0.9970694,1
1.0,0.9971521,1
1.0,0.9903644,1
1.0,0.9970456,1
1.0,0.99734074,1
1.0,0.9950311,1
1.0,0.996181,1
1.0,0.99701214,1
1.0,0.99641895,1
1.0,0.9965563,1
1.0,0.9961175,1
1.0,0.9962054,1
1.0,0.9957194,1
1.0,0.98888505,1
1.0,0.99639624,1
1.0,0.9924005,1
1.0,0.88940847,1
1.0,0.98269284,1
1.0,0.9976876,1
1.0,0.9956797,1
1.0,0.9962536,1
1.0,0.9969805,1
1.0,0.9970391,1
1.0,0.9963786,1
1.0,0.99709237,1
1.0,0.9963689,1
1.0,0.99506205,1
1.0,0.99683243,1
1.0,0.9971464,1
1.0,0.99588084,1
1.0,0.9975044,1
1.0,0.9973986,1
1.0,0.9976732,1
1.0,0.99680895,1
1.0,0.9957378,1
1.0,0.99656796,1
1.0,0.9924908,1
1.0,0.9958734,1
1.0,0.9910095,1
1.0,0.9838373,1
1.0,0.989068,1
1.0,0.9979918,1
1.0,0.9971724,1
1.0,0.99779934,1
1.0,0.9944613,1
1.0,0.9958359,1
1.0,0.9963475,1
1.0,0.90749365,1
1.0,0.99392045,1
1.0,0.9902755,1
1.0,0.99590176,1
1.0,0.99522734,1
1.0,0.994962,1
1.0,0.99327457,1
1.0,0.9965228,1
1.0,0.9948894,1
1.0,0.9973363,1
1.0,0.9954188,1
1.0,0.99747354,1
1.0,0.99750525,1
1.0,0.99551755,1
1.0,0.9972357,1
1.0,0.9972824,1
1.0,0.9975388,1
1.0,0.97396016,1
1.0,0.99497813,1
1.0,0.9952674,1
1.0,0.9945129,1
1.0,0.8002224,1
1.0,0.9704086,1
1.0,0.97568727,1
1.0,0.9627243,1
1.0,0.98453933,1
1.0,0.9848347,1
1.0,0.9780084,1
0.0,0.45950356,1
1.0,0.9245261,1
1.0,0.98628783,1
1.0,0.9859388,1
1.0,0.9904698,1
1.0,0.99449325,1
1.0,0.9691469,1
1.0,0.9243521,1
1.0,0.98748684,1
1.0,0.97396016,1
1.0,0.995777,1
1.0,0.99652004,1
1.0,0.9945721,1
1.0,0.99692255,1
1.0,0.99581903,1
1.0,0.99520254,1
1.0,0.9966444,1
1.0,0.99594766,1
1.0,0.997033,1
1.0,0.99638087,1
1.0,0.99690175,1
1.0,0.99751127,1
1.0,0.9968817,1
1.0,0.9967529,1
1.0,0.9973195,1
1.0,0.9964982,1
1.0,0.99696535,1
1.0,0.9965964,1
1.0,0.9967439,1
1.0,0.99659216,1
1.0,0.997347,1
1.0,0.97396016,1
1.0,0.97396016,1
1.0,0.997577,1
1.0,0.99632496,1
1.0,0.97396016,1
1.0,0.97396016,1
1.0,0.9508247,1
1.0,0.9959637,1
1.0,0.9937796,1
1.0,0.98786235,1
1.0,0.98819375,1
1.0,0.9875185,1
1.0,0.9904377,1
1.0,0.99095684,1
1.0,0.9957703,1
1.0,0.9969158,1
1.0,0.9925513,1
1.0,0.996784,1
1.0,0.99507153,1
1.0,0.99569255,1
1.0,0.99522984,1
1.0,0.9951906,1
1.0,0.97396016,1
1.0,0.97396016,1
1.0,0.97396016,1
1.0,0.97396016,1
1.0,0.9934315,1
1.0,0.99683315,1
1.0,0.99578804,1
1.0,0.99495643,1
1.0,0.9959409,1
1.0,0.9963199,1
1.0,0.99609655,1
1.0,0.99568474,1
1.0,0.99626666,1
1.0,0.99167526,1
1.0,0.97396016,1
1.0,0.97396016,1
1.0,0.9965528,1
1.0,0.9960764,1
1.0,0.97396016,1
1.0,0.97396016,1
1.0,0.97396016,1
1.0,0.97396016,1
1.0,0.99148494,1
1.0,0.9967444,1
1.0,0.9923765,1
1.0,0.9975866,1
1.0,0.99688977,1
1.0,0.996241,1
1.0,0.99761117,1
1.0,0.99715424,1
1.0,0.99686193,1
1.0,0.99689305,1
1.0,0.99651366,1
1.0,0.99511874,1
1.0,0.99530905,1
1.0,0.9870285,1
1.0,0.9951351,1
1.0,0.99551827,1
1.0,0.9971404,1
1.0,0.99699533,1
1.0,0.9967212,1
1.0,0.99688244,1
1.0,0.9969649,1
1.0,0.9948537,1
1.0,0.9950612,1
1.0,0.99379855,1
1.0,0.99468416,1
1.0,0.9970215,1
1.0,0.9966012,1
1.0,0.9969258,1
1.0,0.9961392,1
1.0,0.9958877,1
1.0,0.9950658,1
1.0,0.99515605,1
1.0,0.9944358,1
1.0,0.99549747,1
1.0,0.9948487,1
1.0,0.9963737,1
1.0,0.99553716,1
1.0,0.9954755,1
1.0,0.9940832,1
1.0,0.9920013,1
1.0,0.9956391,1
1.0,0.992743,1
1.0,0.9421277,1
1.0,0.9936939,1
1.0,0.9969387,1
1.0,0.997589,1
1.0,0.99774987,1
1.0,0.9948925,1
1.0,0.997269,1
1.0,0.9972384,1
1.0,0.9954157,1
1.0,0.99678963,1
1.0,0.99790657,1
1.0,0.99636453,1
1.0,0.9935191,1
1.0,0.99606174,1
1.0,0.9964503,1
1.0,0.99449474,1
1.0,0.99477625,1
1.0,0.9964281,1
1.0,0.9927779,1
1.0,0.9967853,1
1.0,0.99707687,1
1.0,0.9965911,1
0.0,0.0026182488,0
0.0,0.0038980132,0
0.0,0.0044036824,0
0.0,0.0048884526,0
0.0,0.01261163,0
0.0,0.0055700643,0
0.0,0.0039955336,0
0.0,0.003732889,0
0.0,0.0054371967,0
0.0,0.0029036698,0
0.0,0.0049065696,0
0.0,0.003437877,0
0.0,0.0030453324,0
0.0,0.0056742136,0
0.0,0.0025880877,0
0.0,0.0030998297,0
0.0,0.0025851498,0
0.0,0.016723081,0
0.0,0.0033309732,0
0.0,0.0049864934,0
0.0,0.026353903,0
0.0,0.0048664976,0
0.0,0.011658533,0
0.0,0.00293684,0
0.0,0.0028746896,0
0.0,0.005062152,0
0.0,0.014006017,0
0.0,0.004712157,0
0.0,0.0041169007,0
0.0,0.0040002894,0
0.0,0.0028530632,0
0.0,0.0026112352,0
0.0,0.011350027,0
0.0,0.07802925,0
0.0,0.005905193,0
0.0,0.0035732465,0
0.0,0.012302821,0
0.0,0.004779444,0
0.0,0.004124358,0
0.0,0.0042092954,0
0.0,0.010913516,0
0.0,0.0049803294,0
0.0,0.0063117207,0
1.0,0.87990355,0
0.0,0.01026229,0
0.0,0.02737946,0
0.0,0.007750724,0
0.0,0.0028023336,0
0.0,0.042505786,0
0.0,0.007331199,0
0.0,0.0044765035,0
0.0,0.011423416,0
0.0,0.0027803644,0
0.0,0.0036924463,0
0.0,0.0036199996,0
0.0,0.005166525,0
0.0,0.004146972,0
0.0,0.01516842,0
0.0,0.08527298,0
0.0,0.0033445118,0
0.0,0.034678202,0
0.0,0.008523085,0
0.0,0.057626806,0
0.0,0.0065659443,0
0.0,0.0122096855,0
0.0,0.0028669774,0
0.0,0.0032847594,0
0.0,0.0030589069,0
0.0,0.005709106,0
0.0,0.0032313908,0
0.0,0.0041019814,0
0.0,0.0037738231,0
0.0,0.004259952,0
0.0,0.0043671606,0
0.0,0.0044612163,0
0.0,0.0047195246,0
0.0,0.006650707,0
0.0,0.0032228336,0
0.0,0.0039256997,0
1.0,0.97396016,0
0.0,0.02745341,0
0.0,0.003381465,0
0.0,0.012880119,0
0.0,0.0030714544,0
0.0,0.007921826,0
0.0,0.002663583,0
0.0,0.004183875,0
0.0,0.0069616525,0
0.0,0.10527986,0
0.0,0.003878825,0
0.0,0.008297906,0
0.0,0.00430154,0
0.0,0.007269271,0
0.0,0.0053320336,0
0.0,0.0056003095,0
0.0,0.18080245,0
0.0,0.0029675907,0
0.0,0.0039418107,0
0.0,0.0044936547,0
0.0,0.0020689555,0
0.0,0.012599451,0
0.0,0.0036215738,0
0.0,0.0041028685,0
0.0,0.0033940903,0
0.0,0.01973306,0
0.0,0.0053842175,0
0.0,0.0028076076,0
0.0,0.010326515,0
0.0,0.0028043066,0
0.0,0.0046373205,0
0.0,0.007726112,0
0.0,0.0039923764,0
0.0,0.20443763,0
0.0,0.0031238624,0
0.0,0.0049453103,0
0.0,0.005376002,0
0.0,0.0028522725,0
0.0,0.0026153713,0
0.0,0.004545153,0
0.0,0.11122584,0
0.0,0.0026218973,0
0.0,0.004280637,0
0.0,0.0051053837,0
1.0,0.8304977,0
0.0,0.002826279,0
0.0,0.015061194,0
0.0,0.0030394443,0
0.0,0.003128014,0
0.0,0.002734525,0
0.0,0.0087740775,0
1.0,0.6175945,0
0.0,0.0029495794,0
1.0,0.91269755,0
0.0,0.03731339,0
0.0,0.0027927905,0
0.0,0.006357444,0
0.0,0.0042817057,0
0.0,0.0035547884,0
0.0,0.010169706,0
0.0,0.01135409,0
0.0,0.0057064476,0
0.0,0.004252753,0
0.0,0.08619548,0
0.0,0.11517704,0
0.0,0.00334244,0
0.0,0.009737768,0
0.0,0.0030360478,0
0.0,0.004378377,0
0.0,0.008835684,0
0.0,0.3755614,0
0.0,0.0046821735,0
0.0,0.004737963,0
0.0,0.01945732,0
0.0,0.0059425333,0
0.0,0.0048128283,0
0.0,0.007204407,0
0.0,0.011445331,0
0.0,0.021883491,0
0.0,0.003919194,0
0.0,0.005917632,0
0.0,0.0033648117,0
0.0,0.0052942056,0
0.0,0.0042598266,0
0.0,0.003965745,0
1.0,0.68958,0
0.0,0.0028014807,0
0.0,0.0033283588,0
0.0,0.0051271208,0
0.0,0.0038638592,0
0.0,0.010267445,0
0.0,0.0029453377,0
0.0,0.017803038,0
0.0,0.0073954915,0
0.0,0.0025319916,0
0.0,0.009132728,0
0.0,0.00976227,0
0.0,0.0065075583,0
1.0,0.5910368,0
0.0,0.007882618,0
0.0,0.038670536,0
0.0,0.005034828,0
0.0,0.0041041113,0
0.0,0.0033819296,0
0.0,0.018006332,0
0.0,0.009109155,0
0.0,0.007187001,0
0.0,0.0053310697,0
0.0,0.0031588809,0
0.0,0.011537272,0
0.0,0.0028933135,0
0.0,0.022424014,0
0.0,0.0028587282,0
0.0,0.004195385,0
0.0,0.10280466,0
0.0,0.0076137376,0
0.0,0.0028952826,0
0.0,0.0049538915,0
0.0,0.004683074,0
0.0,0.27115932,0
0.0,0.030728681,0
0.0,0.0026160048,0
0.0,0.003983034,0
0.0,0.003687096,0
0.0,0.004713638,0
0.0,0.020696823,0
0.0,0.0031552075,0
0.0,0.005022718,0
0.0,0.0034653821,0
0.0,0.023933535,0
0.0,0.0027108197,0
0.0,0.012521162,0
0.0,0.008159085,0
0.0,0.002940357,0
0.0,0.0060892394,0
0.0,0.0062227193,0
0.0,0.0050667794,0
0.0,0.0026159785,0
0.0,0.0025820509,0
0.0,0.0043077897,0
0.0,0.005512279,0
0.0,0.0024667282,0
0.0,0.0032601492,0
0.0,0.003932754,0
0.0,0.005183006,0
0.0,0.0050570895,0
0.0,0.0041354485,0
0.0,0.005492847,0
0.0,0.0026914864,0
0.0,0.026964162,0
0.0,0.003226716,0
0.0,0.0034401612,0
0.0,0.08369048,0
0.0,0.004598351,0
0.0,0.004337614,0
0.0,0.009884396,0
0.0,0.0054612607,0
0.0,0.01276442,0
0.0,0.0048095495,0
0.0,0.004948791,0
0.0,0.0032208965,0
0.0,0.0044359383,0
0.0,0.0044856113,0
0.0,0.010170176,0
0.0,0.008037794,0
0.0,0.0034433997,0
0.0,0.006133672,0
0.0,0.0038750854,0
0.0,0.0031462815,0
0.0,0.0060496,0
0.0,0.0028646674,0
0.0,0.012730875,0
0.0,0.0074284393,0
0.0,0.0028190233,0
0.0,0.010408055,0
0.0,0.006542605,0
0.0,0.0071837343,0
0.0,0.008522077,0
0.0,0.022331208,0
0.0,0.004479815,0
0.0,0.019553019,0
0.0,0.002318202,0
0.0,0.004036509,0
0.0,0.0031793586,0
0.0,0.010055502,0
0.0,0.0033009062,0
0.0,0.028101267,0
0.0,0.0030478784,0
0.0,0.0062820385,0
0.0,0.0038358017,0
0.0,0.0061583156,0
0.0,0.0033594894,0
1.0,0.9953284,1
1.0,0.9924165,1
1.0,0.9940248,1
1.0,0.9887229,1
1.0,0.9969482,1
1.0,0.9948879,1
1.0,0.9968268,1
1.0,0.99557745,1
1.0,0.9956542,1
1.0,0.9944265,1
1.0,0.9968393,1
1.0,0.9874199,1
1.0,0.9950364,1
1.0,0.9764464,1
1.0,0.9955611,1
1.0,0.99119145,1
1.0,0.92438674,1
1.0,0.987904,1
1.0,0.9950401,1
1.0,0.99589926,1
1.0,0.99322414,1
1.0,0.9973189,1
1.0,0.99437875,1
1.0,0.9967535,1
1.0,0.99618715,1
1.0,0.9963887,1
1.0,0.99652785,1
1.0,0.9969296,1
1.0,0.99652016,1
1.0,0.99569917,1
1.0,0.9757134,1
1.0,0.99341923,1
1.0,0.9968779,1
1.0,0.99678075,1
1.0,0.9965024,1
1.0,0.9959894,1
1.0,0.99608326,1
1.0,0.99710554,1
1.0,0.9941408,1
1.0,0.9965144,1
1.0,0.9977291,1
1.0,0.9685706,1
1.0,0.99702954,1
1.0,0.99695194,1
1.0,0.98613274,1
1.0,0.9973894,1
1.0,0.9974705,1
1.0,0.99647266,1
1.0,0.98722667,1
1.0,0.9972742,1
1.0,0.9971846,1
1.0,0.9959753,1
1.0,0.9958379,1
1.0,0.99590695,1
1.0,0.99690896,1
1.0,0.99723023,1
1.0,0.99676466,1
1.0,0.997177,1
1.0,0.9966737,1
1.0,0.99279803,1
1.0,0.9973144,1
1.0,0.99716693,1
1.0,0.9971253,1
1.0,0.9956896,1
1.0,0.997347,1
1.0,0.994466,1
1.0,0.99551386,1
1.0,0.9963148,1
1.0,0.9975961,1
1.0,0.99766266,1
1.0,0.99670744,1
1.0,0.99722147,1
1.0,0.9970914,1
1.0,0.9968298,1
1.0,0.99660885,1
1.0,0.9968267,1
1.0,0.99466234,1
1.0,0.99105096,1
1.0,0.9938425,1
1.0,0.98745686,1
1.0,0.9955237,1
1.0,0.9953243,1
1.0,0.99737,1
1.0,0.9974847,1
1.0,0.9964036,1
1.0,0.9974038,1
1.0,0.9977131,1
1.0,0.9950244,1
1.0,0.9929609,1
1.0,0.9946008,1
1.0,0.9961564,1
1.0,0.9969838,1
1.0,0.997063,1
1.0,0.99727696,1
1.0,0.9974827,1
1.0,0.99552166,1
1.0,0.9930655,1
1.0,0.9975715,1
1.0,0.9973105,1
1.0,0.9976234,1
1.0,0.9977316,1
1.0,0.9971396,1
1.0,0.9966059,1
1.0,0.99784505,1
1.0,0.9975757,1
1.0,0.9965502,1
1.0,0.9977865,1
1.0,0.9970561,1
1.0,0.995918,1
1.0,0.99763894,1
1.0,0.9972537,1
1.0,0.9957281,1
1.0,0.997673,1
1.0,0.55318207,1
1.0,0.94387907,1
1.0,0.9955949,1
1.0,0.9950978,1
1.0,0.98957753,1
1.0,0.99451196,1
1.0,0.75112104,1
1.0,0.9926565,1
1.0,0.99748874,1
1.0,0.9969302,1
1.0,0.9962335,1
1.0,0.9972549,1
1.0,0.996434,1
1.0,0.9833966,1
1.0,0.99675304,1
1.0,0.9946478,1
1.0,0.9706407,1
1.0,0.9944179,1
1.0,0.99689305,1
1.0,0.99161315,1
1.0,0.99707854,1
1.0,0.9950648,1
1.0,0.9950311,1
1.0,0.9965708,1
1.0,0.9972404,1
1.0,0.9973174,1
1.0,0.99705446,1
0.0,0.48516092,1
1.0,0.97953206,1
1.0,0.97900414,1
1.0,0.9929132,1
1.0,0.99513066,1
1.0,0.98758775,1
1.0,0.99536777,1
1.0,0.99512637,1
1.0,0.99431264,1
1.0,0.90815717,1
1.0,0.99301964,1
1.0,0.99669385,1
1.0,0.99465513,1
1.0,0.9946568,1
1.0,0.9860969,1
1.0,0.99671656,1
1.0,0.99659085,1
1.0,0.97396016,1
1.0,0.98988545,1
1.0,0.9831328,1
1.0,0.97526145,1
1.0,0.9948909,1
1.0,0.7882019,1
1.0,0.9942755,1
1.0,0.9966138,1
1.0,0.9968928,1
1.0,0.9960439,1
1.0,0.9773466,1
1.0,0.99817073,1
1.0,0.9972663,1
1.0,0.9975109,1
1.0,0.99697113,1
1.0,0.99683654,1
1.0,0.9971324,1
1.0,0.9959037,1
1.0,0.99502724,1
1.0,0.99729556,1
1.0,0.9972722,1
1.0,0.99765635,1
1.0,0.996152,1
1.0,0.99552214,1
1.0,0.9939958,1
1.0,0.9913237,1
1.0,0.98651683,1
1.0,0.99747014,1
1.0,0.99152875,1
1.0,0.9963653,1
1.0,0.99520385,1
1.0,0.99092054,1
1.0,0.99623716,1
1.0,0.9939851,1
1.0,0.996467,1
1.0,0.9961289,1
1.0,0.99208575,1
1.0,0.9929491,1
1.0,0.9956982,1
0.0,0.05375997,1
1.0,0.9966535,1
1.0,0.99538535,1
1.0,0.9963354,1
1.0,0.99168855,1
1.0,0.9950178,1
1.0,0.9948325,1
1.0,0.97504616,1
1.0,0.9960989,1
1.0,0.98070085,1
1.0,0.9960824,1
1.0,0.99546105,1
1.0,0.9958507,1
1.0,0.9971679,1
1.0,0.99506605,1
1.0,0.9911316,1
1.0,0.9971967,1
1.0,0.99708456,1
1.0,0.98928285,1
1.0,0.99677,1
1.0,0.99754614,1
1.0,0.99722207,1
1.0,0.80662024,1
1.0,0.9956144,1
1.0,0.9974458,1
1.0,0.99672323,1
1.0,0.996763,1
1.0,0.9974458,1
1.0,0.9974138,1
1.0,0.9966959,1
1.0,0.9957119,1
1.0,0.99563235,1
1.0,0.9956874,1
1.0,0.99665654,1
1.0,0.9965269,1
1.0,0.9969158,1
1.0,0.9934999,1
1.0,0.9972888,1
1.0,0.995804,1
1.0,0.9959759,1
1.0,0.99676204,1
1.0,0.99684936,1
1.0,0.99506736,1
1.0,0.9973062,1
1.0,0.99570173,1
1.0,0.99479467,1
1.0,0.99678576,1
1.0,0.9967996,1
1.0,0.9977552,1
1.0,0.99692875,1
1.0,0.9974509,1
1.0,0.9974885,1
1.0,0.9951998,1
1.0,0.9936266,1
1.0,0.99742895,1
1.0,0.99667597,1
1.0,0.99648935,1
1.0,0.9975988,1
1.0,0.9968886,1
1.0,0.9896264,1
1.0,0.9962684,1
1.0,0.9923928,1
1.0,0.9974579,1
1.0,0.9973111,1
1.0,0.9975677,1
1.0,0.995987,1
1.0,0.99638957,1
1.0,0.99481404,1
1.0,0.99672216,1
1.0,0.9969869,1
1.0,0.99701047,1
1.0,0.99701035,1
1.0,0.9972253,1
1.0,0.9971186,1
1.0,0.99710375,1
1.0,0.99707055,1
1.0,0.964094,1
1.0,0.9964715,1
1.0,0.9965411,1
1.0,0.9971456,1
1.0,0.99620265,1
1.0,0.99460286,1
1.0,0.9931028,1
1.0,0.9973532,1
1.0,0.99676204,1
1.0,0.99629956,1
1.0,0.9973622,1
1.0,0.9955356,1
1.0,0.9960969,1
1.0,0.9963062,1
1.0,0.99729985,1
1.0,0.9977023,1
1.0,0.9969133,1
1.0,0.99696046,1
1.0,0.9948118,1
1.0,0.98668075,1
1.0,0.9975799,1
1.0,0.99596053,1
1.0,0.9965314,1
1.0,0.9960878,1
1.0,0.9968867,1
1.0,0.99786973,1
1.0,0.990598,1
1.0,0.99719244,1
1.0,0.9978695,1
1.0,0.9050689,1
1.0,0.99221295,1
1.0,0.9948232,1
1.0,0.9971988,1
1.0,0.99718493,1
1.0,0.99686974,1
1.0,0.9974917,1
1.0,0.9969344,1
1.0,0.99715626,1
1.0,0.99683267,1
1.0,0.99648356,1
1.0,0.9937496,1
1.0,0.9961856,1
1.0,0.99627787,1
1.0,0.9969969,1
1.0,0.99691486,1
1.0,0.9955646,1
1.0,0.9934457,1
1.0,0.9974578,1
1.0,0.996198,1
0.0,0.00412456,0
1.0,0.9152958,0
0.0,0.01319142,0
0.0,0.002957277,0
0.0,0.012746592,0
0.0,0.0032846346,0
0.0,0.004318221,0
0.0,0.0022685963,0
0.0,0.011657971,0
0.0,0.030631084,0
0.0,0.0114201745,0
0.0,0.022760851,0
0.0,0.005326,0
0.0,0.009024979,0
0.0,0.0064551113,0
0.0,0.008214883,0
0.0,0.0034297344,0
0.0,0.0034966446,0
0.0,0.0047790627,0
0.0,0.0032769097,0
1.0,0.52811474,0
0.0,0.0067440635,0
0.0,0.0034100893,0
0.0,0.0077905217,0
1.0,0.5845644,0
0.0,0.1417275,0
0.0,0.003350707,0
0.0,0.003574211,0
0.0,0.002779283,0
0.0,0.0033998406,0
1.0,0.97396016,0
0.0,0.005358478,0
0.0,0.0037379533,0
1.0,0.93140954,0
0.0,0.004161847,0
0.0,0.0028823318,0
0.0,0.0039604525,0
0.0,0.004249326,0
0.0,0.09434997,0
0.0,0.0076638297,0
0.0,0.0026840142,0
0.0,0.045974653,0
0.0,0.004175224,0
0.0,0.0074560973,0
0.0,0.0054437756,0
0.0,0.014476554,0
0.0,0.0037992243,0
0.0,0.009056189,0
0.0,0.0036307545,0
0.0,0.0045914873,0
0.0,0.29768178,0
0.0,0.03862688,0
0.0,0.016713642,0
0.0,0.004007496,0
0.0,0.0038519187,0
0.0,0.004770656,0
0.0,0.005445751,0
0.0,0.0045515224,0
1.0,0.6759854,0
0.0,0.005970567,0
0.0,0.00504739,0
0.0,0.0022344324,0
0.0,0.06135222,0
0.0,0.0034328224,0
0.0,0.0073552136,0
0.0,0.0021954337,0
0.0,0.077999,0
0.0,0.008126292,0
0.0,0.0046552913,0
0.0,0.0031515681,0
0.0,0.0026963595,0
0.0,0.008077451,0
0.0,0.049463276,0
0.0,0.0040570116,0
0.0,0.034138203,0
0.0,0.0032097476,0
0.0,0.0068006543,0
0.0,0.0072739804,0
0.0,0.006879616,0
0.0,0.039647516,0
0.0,0.015743293,0
0.0,0.0058020093,0
0.0,0.05177697,0
0.0,0.012478594,0
0.0,0.121411845,0
0.0,0.007525058,0
0.0,0.005894951,0
0.0,0.0062805624,0
0.0,0.0036378582,0
1.0,0.90388805,0
0.0,0.0051194285,0
0.0,0.0075810254,0
0.0,0.1334615,0
0.0,0.0031919747,0
0.0,0.16553006,0
0.0,0.019732833,0
0.0,0.0027418933,0
0.0,0.0032309517,0
1.0,0.68782157,0
0.0,0.017228588,0
0.0,0.09238836,0
0.0,0.0034476123,0
0.0,0.009265606,0
0.0,0.0053547383,0
0.0,0.0038961142,0
0.0,0.017608613,0
0.0,0.0057906057,0
0.0,0.002618752,0
0.0,0.002781647,0
0.0,0.0043754433,0
0.0,0.0064254752,0
0.0,0.07017562,0
0.0,0.0044794534,0
0.0,0.0033851052,0
0.0,0.00642493,0
0.0,0.0026892654,0
0.0,0.0063027223,0
0.0,0.003058484,0
0.0,0.0039907955,0
0.0,0.0033333453,0
0.0,0.0063667945,0
0.0,0.0051725726,0
0.0,0.0032708973,0
1.0,0.68609136,0
0.0,0.018936899,0
0.0,0.0035572588,0
0.0,0.01094863,0
0.0,0.0060468824,0
0.0,0.0068008644,0
0.0,0.0044433586,0
0.0,0.010143652,0
0.0,0.01026851,0
0.0,0.08914467,0
0.0,0.005241819,0
0.0,0.033369508,0
0.0,0.004289045,0
0.0,0.0037026694,0
0.0,0.002479761,0
0.0,0.008355885,0
0.0,0.108945206,0
0.0,0.0070004365,0
0.0,0.005182539,0
0.0,0.003556542,0
0.0,0.0034781746,0
0.0,0.00395561,0
0.0,0.0040009604,0
0.0,0.0072662816,0
0.0,0.0046062786,0
0.0,0.0025639532,0
0.0,0.0026764954,0
0.0,0.0045639775,0
0.0,0.007225136,0
0.0,0.012771544,0
0.0,0.0043562707,0
0.0,0.04761883,0
0.0,0.004034033,0
0.0,0.0042201746,0
0.0,0.4244579,0
0.0,0.26552954,0
0.0,0.011084886,0
0.0,0.005955423,0
0.0,0.0029293864,0
0.0,0.0035534238,0
0.0,0.023023147,0
0.0,0.0060674786,0
0.0,0.017126517,0
0.0,0.0034238491,0
0.0,0.007307557,0
0.0,0.0033887862,0
0.0,0.011033356,0
0.0,0.005464797,0
0.0,0.02982359,0
0.0,0.0059348093,0
0.0,0.005972953,0
0.0,0.004880783,0
0.0,0.0040280144,0
0.0,0.0029155975,0
0.0,0.0039006078,0
0.0,0.0035571912,0
0.0,0.0028442037,0
0.0,0.0026008515,0
0.0,0.0043896995,0
0.0,0.0028841153,0
0.0,0.006742508,0
0.0,0.46951464,0
0.0,0.15451774,0
0.0,0.26203027,0
0.0,0.021593323,0
0.0,0.0061678635,0
0.0,0.0041645947,0
0.0,0.004108891,0
0.0,0.045942273,0
0.0,0.0193539,0
0.0,0.0024424712,0
1.0,0.9931278,0
0.0,0.0043486315,0
0.0,0.0040135896,0
0.0,0.0033527105,0
0.0,0.0048920144,0
0.0,0.0039215307,0
0.0,0.22451685,0
0.0,0.012645474,0
0.0,0.19470026,0
0.0,0.0057931645,0
1.0,0.97396016,0
0.0,0.004378572,0
0.0,0.015957544,0
0.0,0.0033665004,0
0.0,0.0046330504,0
0.0,0.006516644,0
0.0,0.0025356852,0
0.0,0.0056353905,0
0.0,0.014009501,0
0.0,0.0075523215,0
0.0,0.0025976002,0
0.0,0.0027172132,0
0.0,0.0044521084,0
0.0,0.005364397,0
1.0,0.5164424,0
0.0,0.004700692,0
0.0,0.002697242,0
1.0,0.6608215,0
0.0,0.002766738,0
0.0,0.009308755,0
0.0,0.013743963,0
1.0,0.72361445,0
0.0,0.0049076085,0
0.0,0.004705801,0
0.0,0.003917804,0
0.0,0.0056204577,0
0.0,0.0036373967,0
0.0,0.012514473,0
0.0,0.0056631295,0
0.0,0.0035735792,0
0.0,0.003969362,0
0.0,0.0029885292,0
1.0,0.8518699,0
0.0,0.0034119827,0
0.0,0.016865388,0
0.0,0.005350687,0
0.0,0.0036726065,0
0.0,0.0054954393,0
0.0,0.0043831794,0
0.0,0.0027842273,0
0.0,0.0036830413,0
0.0,0.008638079,0
1.0,0.6996002,0
0.0,0.008167853,0
0.0,0.0035305927,0
0.0,0.0049929186,0
0.0,0.005436054,0
0.0,0.005320057,0
0.0,0.0040846625,0
0.0,0.0025706503,0
0.0,0.0039138994,0
0.0,0.0039086714,0
0.0,0.008581638,0
0.0,0.0028425434,0
0.0,0.0033486693,0
0.0,0.008751586,0
0.0,0.0048008617,0
0.0,0.005255869,0
0.0,0.0036545924,0
0.0,0.2719254,0
0.0,0.016706692,0
0.0,0.0050982414,0
0.0,0.008100061,0
0.0,0.011657692,0
0.0,0.062368307,0
0.0,0.0045850887,0
0.0,0.0052842204,0
0.0,0.35613748,0
0.0,0.01088564,0
0.0,0.006303433,0
0.0,0.0063516386,0
0.0,0.003629285,0
0.0,0.18759087,0
0.0,0.004442011,0
0.0,0.002188971,0
0.0,0.010397819,0
0.0,0.0039354763,0
0.0,0.006043405,0
0.0,0.00862143,0
0.0,0.005930664,0
0.0,0.0032113444,0
0.0,0.0033694438,0
0.0,0.0039343536,0
0.0,0.0034536712,0
0.0,0.00500845,0
0.0,0.0033760737,0
0.0,0.011222268,0
0.0,0.010415546,0
0.0,0.009686643,0
0.0,0.005923371,0
0.0,0.005446727,0
0.0,0.0026090678,0
0.0,0.004196013,0
0.0,0.12429944,0
1.0,0.9556017,0
0.0,0.007078992,0
0.0,0.0045902412,0
0.0,0.0028125674,0
0.0,0.00614156,0
0.0,0.006854296,0
0.0,0.0030220973,0
0.0,0.020384401,0
1.0,0.72806793,0
0.0,0.0050073373,0
0.0,0.01466134,0
0.0,0.002847879,0
0.0,0.008062227,0
0.0,0.002852297,0
0.0,0.0042318627,0
0.0,0.0038447785,0
0.0,0.29988107,0
1.0,0.6939471,0
1.0,0.9064827,0
1.0,0.8866075,1
1.0,0.9268117,1
1.0,0.9941432,1
1.0,0.9960788,1
1.0,0.99673057,1
1.0,0.99727136,1
1.0,0.9961312,1
1.0,0.96967477,1
1.0,0.99546486,1
1.0,0.9960377,1
1.0,0.9960562,1
1.0,0.99673176,1
1.0,0.996292,1
1.0,0.9964361,1
1.0,0.9951805,1
1.0,0.9950924,1
1.0,0.99711657,1
1.0,0.9961055,1
1.0,0.9973258,1
1.0,0.99706167,1
1.0,0.9973009,1
1.0,0.99692047,1
1.0,0.99764365,1
1.0,0.99658906,1
1.0,0.9890225,1
1.0,0.9896678,1
1.0,0.98478127,1
1.0,0.9962436,1
1.0,0.9964064,1
1.0,0.99563855,1
1.0,0.99697196,1
1.0,0.9907652,1
1.0,0.9875367,1
1.0,0.9970318,1
1.0,0.99738044,1
1.0,0.9926158,1
1.0,0.9967914,1
1.0,0.993127,1
1.0,0.99663144,1
1.0,0.9922172,1
1.0,0.9947135,1
1.0,0.9972029,1
1.0,0.996338,1
1.0,0.9964545,1
1.0,0.99617827,1
1.0,0.9972898,1
1.0,0.99676526,1
1.0,0.99736965,1
1.0,0.99446565,1
1.0,0.9954118,1
1.0,0.99208695,1
1.0,0.9958385,1
1.0,0.6538664,1
1.0,0.99557745,1
1.0,0.9971481,1
1.0,0.9959651,1
1.0,0.99714065,1
1.0,0.9961849,1
1.0,0.99700433,1
1.0,0.9969837,1
1.0,0.9962132,1
1.0,0.99705195,1
0.0,0.08773471,1
1.0,0.9915999,1
0.0,0.022380644,1
1.0,0.9674057,1
1.0,0.9970407,1
1.0,0.9961139,1
1.0,0.99397486,1
1.0,0.99763834,1
1.0,0.99734145,1
1.0,0.9976694,1
1.0,0.99739873,1
1.0,0.99616134,1
1.0,0.9971641,1
1.0,0.99725974,1
1.0,0.99734396,1
1.0,0.99542123,1
1.0,0.9974602,1
1.0,0.9964778,1
1.0,0.9973896,1
1.0,0.99778664,1
1.0,0.9969675,1
1.0,0.99681735,1
1.0,0.9870805,1
1.0,0.9978376,1
1.0,0.9968485,1
1.0,0.99765295,1
1.0,0.99607337,1
1.0,0.99660337,1
1.0,0.9954371,1
1.0,0.9944734,1
1.0,0.9958519,1
1.0,0.99768734,1
1.0,0.99591357,1
1.0,0.99712545,1
1.0,0.99641955,1
1.0,0.9922786,1
1.0,0.9969562,1
1.0,0.9926519,1
1.0,0.92271006,1
1.0,0.99689156,1
1.0,0.91445845,1
1.0,0.99513936,1
1.0,0.9963735,1
1.0,0.99700326,1
1.0,0.9968946,1
1.0,0.9963652,1
1.0,0.9966017,1
1.0,0.9973442,1
1.0,0.9977912,1
1.0,0.9970926,1
1.0,0.99697745,1
1.0,0.99116945,1
1.0,0.99723405,1
1.0,0.9958989,1
1.0,0.99371654,1
1.0,0.9728846,1
1.0,0.99665844,1
1.0,0.99602544,1
1.0,0.9963875,1
1.0,0.9937535,1
1.0,0.994972,1
1.0,0.9871126,1
1.0,0.99547595,1
1.0,0.9924327,1
1.0,0.9969971,1
1.0,0.9958657,1
1.0,0.9974051,1
1.0,0.99667656,1
1.0,0.99717987,1
1.0,0.9963728,1
1.0,0.99643373,1
1.0,0.9938344,1
1.0,0.99455076,1
1.0,0.99488765,1
1.0,0.99559516,1
1.0,0.9971052,1
1.0,0.9958746,1
1.0,0.9974057,1
1.0,0.997343,1
1.0,0.99783117,1
1.0,0.997547,1
1.0,0.9978326,1
1.0,0.9969223,1
1.0,0.99702376,1
1.0,0.9965838,1
1.0,0.9970188,1
1.0,0.9916454,1
1.0,0.9963347,1
1.0,0.9963889,1
1.0,0.99600464,1
1.0,0.9973521,1
1.0,0.98830414,1
1.0,0.9969553,1
1.0,0.9968925,1
1.0,0.9891173,1
1.0,0.970787,1
1.0,0.9962813,1
1.0,0.9965663,1
1.0,0.9959836,1
1.0,0.99513274,1
1.0,0.99516654,1
1.0,0.9967276,1
1.0,0.9959506,1
1.0,0.9968876,1
1.0,0.99655354,1
1.0,0.99728024,1
1.0,0.9962838,1
1.0,0.99664575,1
1.0,0.9961039,1
1.0,0.9971666,1
1.0,0.9974771,1
1.0,0.99569196,1
1.0,0.9972831,1
1.0,0.9969842,1
1.0,0.9969688,1
1.0,0.9902817,1
1.0,0.9975001,1
1.0,0.9975314,1
1.0,0.9942232,1
1.0,0.9934562,1
1.0,0.99714464,1
1.0,0.9957908,1
1.0,0.99618846,1
1.0,0.99649113,1
1.0,0.99799204,1
1.0,0.9973385,1
1.0,0.99758565,1
1.0,0.9974911,1
1.0,0.9961994,1
1.0,0.9962709,1
1.0,0.99717784,1
1.0,0.997129,1
1.0,0.9873258,1
1.0,0.91718733,1
1.0,0.9950885,1
0.0,0.08509849,1
1.0,0.92709124,1
1.0,0.97812176,1
0.0,0.427101,1
0.0,0.19199932,1
1.0,0.9948842,1
1.0,0.9929878,1
1.0,0.99105656,1
1.0,0.9961588,1
1.0,0.99640024,1
1.0,0.9969267,1
1.0,0.99633265,1
1.0,0.9966185,1
1.0,0.997322,1
1.0,0.99709415,1
1.0,0.9958097,1
1.0,0.99315506,1
1.0,0.9967499,1
1.0,0.9960381,1
1.0,0.9968501,1
1.0,0.99756193,1
1.0,0.9975858,1
1.0,0.9956683,1
1.0,0.9961242,1
1.0,0.995349,1
1.0,0.9970579,1
1.0,0.99726796,1
1.0,0.9962574,1
1.0,0.9962076,1
1.0,0.99006784,1
1.0,0.98132664,1
1.0,0.9930936,1
1.0,0.86834115,1
1.0,0.8730574,1
1.0,0.9925424,1
1.0,0.9952573,1
1.0,0.9924535,1
1.0,0.996655,1
1.0,0.995799,1
1.0,0.99467045,1
1.0,0.9938205,1
1.0,0.9945727,1
1.0,0.74375796,1
1.0,0.9968316,1
1.0,0.9950942,1
1.0,0.9957294,1
1.0,0.9827299,1
1.0,0.97771305,1
0.0,0.35091323,1
1.0,0.9968838,1
1.0,0.9961482,1
1.0,0.9962846,1
1.0,0.9960632,1
1.0,0.9964688,1
1.0,0.9964108,1
1.0,0.9970196,1
1.0,0.9821737,1
1.0,0.9925291,1
1.0,0.99399614,1
0.0,0.005968606,0
0.0,0.0042980975,0
0.0,0.0034039565,0
0.0,0.004090713,0
0.0,0.004610314,0
0.0,0.0050299056,0
0.0,0.013707361,0
0.0,0.013145528,0
0.0,0.0048312256,0
0.0,0.008760534,0
0.0,0.0036663373,0
0.0,0.21490562,0
0.0,0.003415811,0
0.0,0.0028894122,0
0.0,0.00862181,0
0.0,0.0047947187,0
0.0,0.0072329557,0
0.0,0.0066542556,0
0.0,0.0026705486,0
0.0,0.00542419,0
0.0,0.005046295,0
0.0,0.0050114705,0
0.0,0.0039643934,0
0.0,0.008658041,0
0.0,0.0049156016,0
0.0,0.0068357736,0
0.0,0.0039852764,0
0.0,0.004366346,0
0.0,0.0077936086,0
0.0,0.0052203513,0
0.0,0.0030115128,0
0.0,0.0048105973,0
0.0,0.07046685,0
0.0,0.0029664764,0
0.0,0.0031495988,0
0.0,0.0038531611,0
0.0,0.007461523,0
0.0,0.0028790955,0
1.0,0.59038466,0
0.0,0.0029066175,0
0.0,0.006261663,0
0.0,0.0061096074,0
0.0,0.0029897443,0
0.0,0.0042306674,0
0.0,0.0058750613,0
0.0,0.008971139,0
0.0,0.0060350127,0
0.0,0.004564926,0
0.0,0.0056553427,0
0.0,0.0047895247,0
0.0,0.0025793936,0
0.0,0.008506527,0
0.0,0.11844481,0
0.0,0.004115056,0
0.0,0.0051166094,0
0.0,0.0042340537,0
0.0,0.117033035,0
0.0,0.004610364,0
0.0,0.0061307168,0
0.0,0.0036113278,0
0.0,0.0028547442,0
0.0,0.0096186325,0
0.0,0.0036688382,0
0.0,0.002510791,0
0.0,0.0025133924,0
0.0,0.0038498153,0
0.0,0.0076401094,0
0.0,0.0027511506,0
0.0,0.0039843833,0
0.0,0.0030572438,0
0.0,0.0055622836,0
0.0,0.0034964653,0
0.0,0.0032438722,0
0.0,0.004636121,0
0.0,0.08820208,0
0.0,0.0044905967,0
1.0,0.8626392,0
0.0,0.0137960585,0
0.0,0.0038267842,0
0.0,0.00414494,0
0.0,0.0058905855,0
0.0,0.0039321096,0
0.0,0.0032524774,0
0.0,0.012481826,0
0.0,0.0040129228,0
0.0,0.35126007,0
0.0,0.18097815,0
0.0,0.006307021,0
0.0,0.0021386251,0
0.0,0.33864143,0
0.0,0.003927988,0
0.0,0.0065704496,0
0.0,0.0036593094,0
0.0,0.0032230327,0
0.0,0.0038458966,0
0.0,0.0027069948,0
0.0,0.004463216,0
0.0,0.0038161268,0
0.0,0.008233344,0
0.0,0.007473684,0
0.0,0.0044295704,0
0.0,0.0026624685,0
0.0,0.0052810283,0
0.0,0.002789198,0
0.0,0.01467831,0
0.0,0.009388411,0
0.0,0.0026961134,0
1.0,0.6765354,0
0.0,0.006334487,0
0.0,0.0539767,0
0.0,0.021327207,0
0.0,0.0037396885,0
0.0,0.0051620738,0
0.0,0.0044672517,0
0.0,0.0029564546,0
0.0,0.005310714,0
0.0,0.0048030494,0
0.0,0.0048786243,0
0.0,0.0075566443,0
1.0,0.5979042,0
0.0,0.004578063,0
0.0,0.005172671,0
0.0,0.0036543685,0
0.0,0.012660717,0
0.0,0.0042105406,0
0.0,0.4036673,0
0.0,0.005122869,0
0.0,0.0033935064,0
0.0,0.0036845761,0
0.0,0.0070020338,0
0.0,0.05533271,0
0.0,0.0029558474,0
0.0,0.0039974866,0
0.0,0.19297811,0
0.0,0.00422619,0
0.0,0.003375839,0
0.0,0.0034496558,0
0.0,0.0031538368,0
0.0,0.005496795,0
0.0,0.0064825057,0
0.0,0.09853972,0
0.0,0.0053472207,0
0.0,0.003294966,0
0.0,0.006628284,0
0.0,0.0047308267,0
0.0,0.0054816343,0
0.0,0.0044888407,0
0.0,0.0027907926,0
0.0,0.007759163,0
0.0,0.0029777861,0
0.0,0.0031736179,0
0.0,0.0079070525,0
0.0,0.006057536,0
0.0,0.0026120003,0
0.0,0.0026932838,0
0.0,0.0030342443,0
0.0,0.0094026,0
0.0,0.0027409326,0
0.0,0.0058947224,0
0.0,0.005106941,0
0.0,0.008190683,0
0.0,0.006361566,0
0.0,0.006723487,0
0.0,0.0033176597,0
0.0,0.003577866,0
0.0,0.0030742693,0
0.0,0.009735967,0
0.0,0.004257796,0
0.0,0.008625475,0
0.0,0.0045090434,0
0.0,0.010322802,0
0.0,0.011974457,0
0.0,0.018389821,0
0.0,0.0030237872,0
0.0,0.0026317541,0
0.0,0.004914317,0
1.0,0.8680426,0
0.0,0.005648169,0
0.0,0.0036054852,0
0.0,0.0464548,0
0.0,0.0047382456,0
0.0,0.003295799,0
0.0,0.0042976923,0
0.0,0.0024101704,0
0.0,0.0029529484,0
0.0,0.00387721,0
0.0,0.039517477,0
0.0,0.0046628136,0
0.0,0.004513148,0
0.0,0.049498133,0
0.0,0.0053515495,0
0.0,0.0068193,0
0.0,0.0034220957,0
0.0,0.00441504,0
0.0,0.007012539,0
0.0,0.0075174375,0
0.0,0.003755396,0
0.0,0.0034858598,0
0.0,0.0025616626,0
0.0,0.0027837243,0
0.0,0.008656691,0
0.0,0.0035774864,0
0.0,0.0026775354,0
0.0,0.002910354,0
0.0,0.002934564,0
0.0,0.0068087694,0
0.0,0.008799448,0
0.0,0.003899469,0
0.0,0.0037084646,0
0.0,0.0031193083,0
0.0,0.009934035,0
0.0,0.009506995,0
0.0,0.003927389,0
0.0,0.014788367,0
0.0,0.004115331,0
0.0,0.0073742187,0
0.0,0.0034912524,0
0.0,0.019868243,0
0.0,0.0048403726,0
0.0,0.010780712,0
0.0,0.003537232,0
0.0,0.0029763596,0
0.0,0.0036714973,0
0.0,0.038483724,0
0.0,0.0028001105,0
0.0,0.009245151,0
0.0,0.009116432,0
0.0,0.010089276,0
0.0,0.0066332403,0
0.0,0.0024875328,0
0.0,0.017888704,0
0.0,0.0037467016,0
0.0,0.0034746293,0
0.0,0.009527732,0
0.0,0.16352013,0
0.0,0.0030759515,0
0.0,0.22396038,0
0.0,0.0045475536,0
0.0,0.002989753,0
0.0,0.11660335,0
0.0,0.195763,0
0.0,0.0035737508,0
0.0,0.0077248984,0
0.0,0.44089314,0
0.0,0.0034333086,0
0.0,0.010599743,0
1.0,0.9969488,1
1.0,0.9972101,1
1.0,0.99421495,1
1.0,0.9957476,1
1.0,0.99683434,1
1.0,0.98614085,1
1.0,0.9886696,1
1.0,0.97032815,1
1.0,0.9713463,1
1.0,0.99735236,1
1.0,0.9967968,1
1.0,0.9979352,1
1.0,0.99644226,1
1.0,0.99753404,1
1.0,0.99785393,1
1.0,0.99675316,1
1.0,0.9980882,1
1.0,0.9979645,1
1.0,0.9974412,1
1.0,0.9977912,1
1.0,0.99750406,1
1.0,0.9976526,1
1.0,0.99810743,1
1.0,0.997447,1
1.0,0.98455566,1
1.0,0.9954709,1
1.0,0.96891385,1
1.0,0.99700516,1
1.0,0.9963528,1
1.0,0.99378395,1
1.0,0.9975654,1
1.0,0.99780744,1
1.0,0.9955623,1
1.0,0.9968094,1
1.0,0.99744946,1
1.0,0.99699366,1
1.0,0.9911142,1
1.0,0.994747,1
1.0,0.9962328,1
0.0,0.14662658,1
1.0,0.99294454,1
1.0,0.9971462,1
1.0,0.9976445,1
1.0,0.99691284,1
1.0,0.9971951,1
1.0,0.99736744,1
1.0,0.9907086,1
1.0,0.9962447,1
1.0,0.99204904,1
1.0,0.70330924,1
1.0,0.9609948,1
0.0,0.095743075,1
0.0,0.4651758,1
1.0,0.9973744,1
1.0,0.9955635,1
1.0,0.9974771,1
1.0,0.9964509,1
1.0,0.9980159,1
1.0,0.9973062,1
1.0,0.9947219,1
1.0,0.9969868,1
1.0,0.9954833,1
1.0,0.9964348,1
1.0,0.99558014,1
1.0,0.98070705,1
1.0,0.9908642,1
1.0,0.99543375,1
1.0,0.9958165,1
1.0,0.9973266,1
1.0,0.9688252,1
1.0,0.9969758,1
1.0,0.99649125,1
1.0,0.99617225,1
1.0,0.97209066,1
1.0,0.97199774,1
1.0,0.99745375,1
1.0,0.9973699,1
1.0,0.9966402,1
1.0,0.9959806,1
1.0,0.99628663,1
1.0,0.9933761,1
1.0,0.959502,1
1.0,0.9938492,1
1.0,0.99581194,1
1.0,0.9967899,1
1.0,0.9971842,1
1.0,0.99678206,1
1.0,0.99594384,1
1.0,0.99688953,1
1.0,0.99539375,1
1.0,0.92004687,1
1.0,0.9972584,1
1.0,0.99686617,1
1.0,0.90087575,1
1.0,0.99701786,1
1.0,0.99644405,1
1.0,0.99626595,1
1.0,0.99551046,1
1.0,0.99304056,1
1.0,0.99551916,1
1.0,0.97372955,1
1.0,0.99554896,1
1.0,0.996479,1
1.0,0.99504036,1
1.0,0.9969043,1
1.0,0.9961377,1
1.0,0.99654514,1
1.0,0.99620444,1
1.0,0.9972704,1
1.0,0.9932359,1
1.0,0.99266195,1
1.0,0.9966966,1
1.0,0.9962334,1
1.0,0.9966665,1
1.0,0.9961361,1
1.0,0.98970556,1
1.0,0.99444854,1
1.0,0.99327,1
1.0,0.99656075,1
1.0,0.992155,1
1.0,0.9963664,1
1.0,0.9969183,1
1.0,0.9959109,1
1.0,0.99716717,1
1.0,0.996723,1
1.0,0.9969201,1
1.0,0.97626185,1
1.0,0.988586,1
1.0,0.97839063,1
0.0,0.0750784,1
1.0,0.95768684,1
0.0,0.16857672,1
0.0,0.03125914,1
0.0,0.20344497,1
1.0,0.9953418,1
1.0,0.99542433,1
1.0,0.9941977,1
1.0,0.9919419,1
1.0,0.9960621,1
1.0,0.9939481,1
1.0,0.9955983,1
1.0,0.99577075,1
1.0,0.9970656,1
1.0,0.9974861,1
1.0,0.9971539,1
1.0,0.9972844,1
1.0,0.9955649,1
1.0,0.9969283,1
1.0,0.99735403,1
1.0,0.9963026,1
1.0,0.9974421,1
1.0,0.9962773,1
1.0,0.99767035,1
1.0,0.9970393,1
1.0,0.99431956,1
1.0,0.9963894,1
1.0,0.9835301,1
1.0,0.99543947,1
1.0,0.99636936,1
1.0,0.99747497,1
1.0,0.992767,1
1.0,0.994747,1
1.0,0.9962541,1
1.0,0.9937826,1
1.0,0.9962256,1
1.0,0.99424005,1
1.0,0.99584216,1
1.0,0.9957808,1
1.0,0.99241126,1
1.0,0.99446905,1
1.0,0.9972792,1
1.0,0.98564506,1
1.0,0.99528,1
1.0,0.9937617,1
1.0,0.98787004,1
1.0,0.99494827,1
1.0,0.99664587,1
1.0,0.9946725,1
1.0,0.9969887,1
1.0,0.9959009,1
1.0,0.9965173,1
1.0,0.992411,1
1.0,0.99613416,1
1.0,0.99579227,1
1.0,0.99723154,1
1.0,0.99672025,1
1.0,0.9967764,1
1.0,0.99731064,1
1.0,0.9944587,1
1.0,0.99205846,1
1.0,0.9928807,1
1.0,0.9964007,1
1.0,0.9931694,1
1.0,0.99513584,1
1.0,0.99732107,1
1.0,0.9974819,1
1.0,0.99203956,1
1.0,0.9949122,1
1.0,0.9926306,1
1.0,0.9905185,1
1.0,0.9669197,1
1.0,0.9948183,1
1.0,0.9954803,1
0.0,0.34380308,1
1.0,0.9936713,1
1.0,0.9960567,1
1.0,0.9963152,1
1.0,0.99558145,1
1.0,0.9918339,1
1.0,0.97525305,1
1.0,0.98981375,1
1.0,0.98781455,1
1.0,0.9911608,1
1.0,0.9948885,1
1.0,0.99329424,1
1.0,0.9959265,1
1.0,0.98855233,1
1.0,0.9940553,1
1.0,0.9955095,1
1.0,0.9965814,1
1.0,0.9963961,1
1.0,0.9964373,1
1.0,0.9288267,1
1.0,0.9799162,1
1.0,0.9967092,1
1.0,0.99393857,1
1.0,0.99501944,1
1.0,0.9934169,1
1.0,0.9974482,1
1.0,0.9869824,1
1.0,0.9964257,1
1.0,0.997459,1
1.0,0.99444675,1
1.0,0.99606127,1
1.0,0.99626863,1
1.0,0.9944766,1
1.0,0.9976876,1
1.0,0.99757284,1
1.0,0.99722505,1
1.0,0.9972589,1
1.0,0.99779415,1
1.0,0.9949792,1
1.0,0.9966192,1
1.0,0.9961934,1
1.0,0.9966493,1
1.0,0.99564147,1
1.0,0.9954346,1
1.0,0.9969765,1
1.0,0.99382555,1
1.0,0.99510264,1
1.0,0.9890599,1
1.0,0.99412847,1
1.0,0.99666256,1
1.0,0.9969505,1
1.0,0.9942834,1
1.0,0.9968605,1
1.0,0.99674016,1
1.0,0.99671376,1
1.0,0.9964296,1
1.0,0.9961642,1
1.0,0.9951172,1
1.0,0.9940502,1
1.0,0.9963398,1
1.0,0.99499327,1
1.0,0.9976883,1
1.0,0.9979658,1
1.0,0.99736565,1
1.0,0.9976561,1
1.0,0.9948708,1
1.0,0.9947343,1
1.0,0.9960077,1
1.0,0.9969734,1
1.0,0.9970835,1
1.0,0.99448305,1
1.0,0.7591239,1
1.0,0.836252,1
1.0,0.95634663,1
1.0,0.98189557,1
1.0,0.847781,1
1.0,0.99617165,1
1.0,0.99632,1
1.0,0.9933175,1
0.0,0.033394203,1
1.0,0.9928906,1
1.0,0.9925639,1
1.0,0.98888075,1
1.0,0.9948244,1
1.0,0.98118377,1
1.0,0.99161595,1
1.0,0.99460393,1
0.0,0.0028883063,0
0.0,0.010422611,0
0.0,0.0072531984,0
0.0,0.0055042105,0
1.0,0.9581013,0
0.0,0.0027199993,0
0.0,0.033459686,0
0.0,0.0034513616,0
0.0,0.11749146,0
0.0,0.0042224587,0
0.0,0.066689104,0
0.0,0.0034272464,0
0.0,0.0040610055,0
0.0,0.0042651817,0
0.0,0.0037012962,0
0.0,0.007586372,0
0.0,0.0041237413,0
0.0,0.016341936,0
0.0,0.0024967778,0
0.0,0.004576212,0
0.0,0.004351396,0
0.0,0.008617731,0
0.0,0.0052142506,0
0.0,0.002842973,0
0.0,0.03580241,0
0.0,0.009667468,0
0.0,0.002796477,0
0.0,0.33337572,0
0.0,0.024295803,0
0.0,0.004103262,0
0.0,0.002979273,0
0.0,0.04372957,0
0.0,0.07233257,0
0.0,0.004818783,0
0.0,0.007666296,0
0.0,0.0056235497,0
0.0,0.0033264882,0
0.0,0.0033269944,0
0.0,0.012044448,0
0.0,0.00287675,0
0.0,0.1373253,0
0.0,0.030207084,0
0.0,0.011006162,0
0.0,0.0037683914,0
0.0,0.04126114,0
0.0,0.019299222,0
0.0,0.004332884,0
0.0,0.007605049,0
0.0,0.003347199,0
0.0,0.008766457,0
0.0,0.0030746157,0
0.0,0.017209155,0
0.0,0.0032621983,0
0.0,0.0026315225,0
0.0,0.006686925,0
0.0,0.0030381556,0
0.0,0.0033496371,0
0.0,0.013646401,0
0.0,0.0027539323,0
0.0,0.005120696,0
0.0,0.00914831,0
0.0,0.0067956387,0
0.0,0.0039019918,0
0.0,0.0033957923,0
0.0,0.017416835,0
0.0,0.0035852392,0
0.0,0.0026681304,0
0.0,0.0044968943,0
0.0,0.0025697018,0
0.0,0.022369275,0
0.0,0.011481601,0
0.0,0.004114168,0
0.0,0.00611997,0
0.0,0.008266886,0
0.0,0.011952187,0
0.0,0.003256083,0
1.0,0.5781142,0
0.0,0.004461242,0
0.0,0.00501586,0
0.0,0.00398338,0
0.0,0.0058196345,0
0.0,0.0026444914,0
0.0,0.016655158,0
0.0,0.16649666,0
0.0,0.14423352,0
0.0,0.00593916,0
0.0,0.0058682277,0
0.0,0.0031554534,0
0.0,0.014097559,0
0.0,0.0055103665,0
0.0,0.004174399,0
0.0,0.26871434,0
0.0,0.017226933,0
0.0,0.002824245,0
0.0,0.003130156,0
1.0,0.9290485,0
0.0,0.00747931,0
0.0,0.002956165,0
0.0,0.008226242,0
0.0,0.008451907,0
0.0,0.0046025044,0
0.0,0.34458375,0
0.0,0.013595259,0
0.0,0.0053813993,0
0.0,0.03326933,0
0.0,0.0037379335,0
0.0,0.005577867,0
0.0,0.0042906967,0
0.0,0.005949332,0
0.0,0.011303165,0
0.0,0.0034455373,0
0.0,0.004375124,0
0.0,0.00390144,0
0.0,0.0036987104,0
0.0,0.0033702655,0
0.0,0.0046137534,0
0.0,0.004641864,0
0.0,0.017168574,0
0.0,0.004755051,0
0.0,0.004014535,0
0.0,0.005650066,0
0.0,0.0028076037,0
0.0,0.004318073,0
0.0,0.0039647077,0
0.0,0.0061996677,0
0.0,0.013716519,0
0.0,0.22390744,0
0.0,0.0037106185,0
0.0,0.005312288,0
0.0,0.005476703,0
0.0,0.0073713604,0
0.0,0.23017372,0
0.0,0.004760059,0
1.0,0.9123598,0
0.0,0.0038138619,0
0.0,0.0022881995,0
0.0,0.0028351692,0
0.0,0.0040611136,0
0.0,0.003985243,0
0.0,0.0032953764,0
0.0,0.004184496,0
0.0,0.010979685,0
0.0,0.0057643526,0
0.0,0.005542674,0
0.0,0.042338084,0
0.0,0.006260278,0
0.0,0.0029747651,0
0.0,0.3789116,0
0.0,0.0026044783,0
0.0,0.03458238,0
0.0,0.0038898329,0
0.0,0.005169678,0
0.0,0.0032347545,0
0.0,0.054195628,0
0.0,0.005326313,0
1.0,0.9895691,0
0.0,0.26588014,0
0.0,0.010960275,0
0.0,0.005016092,0
0.0,0.0033057446,0
0.0,0.050791435,0
0.0,0.003247939,0
0.0,0.110467084,0
0.0,0.0299801,0
0.0,0.03522078,0
0.0,0.07060755,0
0.0,0.0024002302,0
0.0,0.0030743394,0
0.0,0.014211981,0
0.0,0.0048520616,0
0.0,0.004784359,0
0.0,0.004992724,0
0.0,0.007797861,0
0.0,0.0029560386,0
0.0,0.062538154,0
0.0,0.006267399,0
0.0,0.0058311336,0
0.0,0.0063068774,0
0.0,0.0074345176,0
0.0,0.0029999157,0
0.0,0.0035013268,0
0.0,0.004725747,0
0.0,0.0059488635,0
0.0,0.0040291543,0
1.0,0.9217454,0
0.0,0.30557355,0
0.0,0.005419922,0
0.0,0.0051742755,0
0.0,0.017037299,0
0.0,0.0045472034,0
0.0,0.024147097,0
0.0,0.0037700692,0
0.0,0.0034802805,0
0.0,0.0031474647,0
0.0,0.13587183,0
0.0,0.006850198,0
0.0,0.005059643,0
0.0,0.0035040046,0
0.0,0.095909074,0
1.0,0.6425935,0
0.0,0.0038916569,0
0.0,0.003950327,0
0.0,0.044015642,0
0.0,0.0036520686,0
1.0,0.9151229,0
0.0,0.003970469,0
0.0,0.0031791376,0
0.0,0.0830547,0
0.0,0.41205677,0
0.0,0.0066383984,0
0.0,0.0027496663,0
0.0,0.0023929793,0
0.0,0.07502077,0
0.0,0.002908445,0
0.0,0.0026792001,0
0.0,0.0045699948,0
0.0,0.0034122926,0
0.0,0.0028350763,0
0.0,0.0025444368,0
0.0,0.008602061,0
0.0,0.048158165,0
0.0,0.0044600666,0
0.0,0.0041346825,0
0.0,0.008655586,0
0.0,0.030317891,0
0.0,0.0053047724,0
0.0,0.007211484,0
0.0,0.0022687432,0
0.0,0.004686095,0
0.0,0.003756386,0
1.0,0.93883026,0
0.0,0.0026250964,0
0.0,0.004496006,0
0.0,0.011742851,0
0.0,0.012697733,0
0.0,0.0035108158,0
0.0,0.0072414516,0
0.0,0.003504461,0
0.0,0.009083827,0
0.0,0.002909308,0
0.0,0.0050668665,0
0.0,0.008323851,0
0.0,0.0031647093,0
0.0,0.008190276,0
0.0,0.0038604618,0
0.0,0.0033205021,0
0.0,0.05164153,0
0.0,0.0029225564,0
1.0,0.8376417,0
0.0,0.005003804,0
0.0,0.043102283,0
1.0,0.75536126,0
0.0,0.0039732987,0
0.0,0.0045805606,0
0.0,0.0042008753,0
0.0,0.0028314684,0
0.0,0.012536418,0
0.0,0.006011529,0
0.0,0.0049555707,0
0.0,0.004857982,0
0.0,0.09409268,0
0.0,0.010027742,0
0.0,0.0027636637,0
0.0,0.050005782,0
0.0,0.0029742827,0
0.0,0.0050993226,0
0.0,0.0030149636,0
0.0,0.024101935,0
0.0,0.016472936,0
0.0,0.0048858644,0
0.0,0.0027371084,0
0.0,0.0042077764,0
0.0,0.005453569,0
0.0,0.26407245,0
0.0,0.0033598118,0
0.0,0.010103399,0
0.0,0.011617757,0
0.0,0.0069087497,0
0.0,0.010029902,0
0.0,0.014157197,0
0.0,0.0068066292,0
0.0,0.0030444812,0
0.0,0.010830539,0
0.0,0.004259351,0
0.0,0.0075298278,0
0.0,0.01254254,0
0.0,0.2509532,0
0.0,0.003524185,0
0.0,0.0029375537,0
0.0,0.007700317,0
0.0,0.010795683,0
0.0,0.059879683,0
0.0,0.0094298655,0
0.0,0.0075139655,0
0.0,0.05469902,0
0.0,0.0029246688,0
0.0,0.0073008044,0
0.0,0.0031141602,0
0.0,0.005302981,0
0.0,0.007034811,0
0.0,0.0021795076,0
1.0,0.9559713,0
0.0,0.0042134486,0
0.0,0.0025687146,0
0.0,0.0040224134,0
0.0,0.0041155173,0
0.0,0.004758369,0
0.0,0.005933994,0
1.0,0.6487953,0
0.0,0.0039563524,0
0.0,0.13468361,0
1.0,0.8510723,1
1.0,0.99506277,1
1.0,0.9971762,1
1.0,0.997589,1
1.0,0.9937131,1
1.0,0.99750215,1
1.0,0.99723154,1
1.0,0.9954758,1
1.0,0.9977107,1
1.0,0.99293464,1
1.0,0.9944301,1
1.0,0.99201024,1
1.0,0.98790866,1
1.0,0.989518,1
1.0,0.9962036,1
1.0,0.9960807,1
1.0,0.9972511,1
1.0,0.9973181,1
1.0,0.9962541,1
1.0,0.9952466,1
1.0,0.9971078,1
1.0,0.99586016,1
1.0,0.9963019,1
1.0,0.9902806,1
1.0,0.99491936,1
1.0,0.97845215,1
1.0,0.98871547,1
1.0,0.9970401,1
1.0,0.99494064,1
1.0,0.9965995,1
1.0,0.9964407,1
1.0,0.99075985,1
1.0,0.9962876,1
1.0,0.94949114,1
1.0,0.9965174,1
1.0,0.9947678,1
1.0,0.9972269,1
1.0,0.99765956,1
1.0,0.9944571,1
1.0,0.9959331,1
1.0,0.99644923,1
1.0,0.99611485,1
1.0,0.9942373,1
1.0,0.99592483,1
1.0,0.996861,1
1.0,0.9971244,1
1.0,0.98929334,1
1.0,0.99389416,1
1.0,0.99683255,1
1.0,0.9833233,1
1.0,0.9975967,1
1.0,0.9971486,1
1.0,0.9970349,1
1.0,0.99706715,1
1.0,0.99621624,1
1.0,0.9955173,1
1.0,0.997253,1
1.0,0.99736243,1
1.0,0.9975412,1
1.0,0.99665856,1
1.0,0.9964296,1
1.0,0.99609107,1
1.0,0.99521977,1
1.0,0.99530977,1
1.0,0.99437076,1
1.0,0.99404657,1
1.0,0.9963354,1
1.0,0.9971903,1
1.0,0.9908704,1
1.0,0.988931,1
1.0,0.99714154,1
1.0,0.9954123,1
1.0,0.9965927,1
1.0,0.99669755,1
1.0,0.994568,1
1.0,0.9953501,1
1.0,0.9955087,1
1.0,0.9968665,1
1.0,0.99598086,1
1.0,0.996338,1
1.0,0.9976833,1
1.0,0.99685895,1
1.0,0.99755657,1
1.0,0.9972172,1
1.0,0.9972082,1
1.0,0.9973085,1
1.0,0.99723536,1
1.0,0.9965635,1
1.0,0.99669373,1
1.0,0.99328965,1
1.0,0.98281765,1
1.0,0.9949509,1
1.0,0.9962202,1
1.0,0.99616134,1
1.0,0.9961966,1
1.0,0.990384,1
1.0,0.9966989,1
1.0,0.99416393,1
1.0,0.99672073,1
1.0,0.9959396,1
1.0,0.99710613,1
1.0,0.997436,1
1.0,0.99734807,1
1.0,0.9971072,1
1.0,0.9953062,1
1.0,0.9962924,1
1.0,0.9968137,1
1.0,0.9972928,1
1.0,0.9948672,1
1.0,0.9896338,1
1.0,0.99683076,1
1.0,0.9963282,1
1.0,0.9655659,1
1.0,0.9904336,1
1.0,0.9918528,1
1.0,0.9949787,1
1.0,0.9965145,1
1.0,0.9955581,1
1.0,0.99621767,1
1.0,0.9966181,1
1.0,0.99692047,1
1.0,0.99542844,1
1.0,0.9971836,1
1.0,0.9956963,1
1.0,0.9846607,1
1.0,0.997088,1
1.0,0.9915406,1
1.0,0.99628264,1
1.0,0.99588144,1
1.0,0.9951315,1
1.0,0.996908,1
1.0,0.9972705,1
1.0,0.9970393,1
1.0,0.9967333,1
1.0,0.99608165,1
1.0,0.99775296,1
1.0,0.99543816,1
1.0,0.9967879,1
1.0,0.9975364,1
1.0,0.99659437,1
1.0,0.99263495,1
1.0,0.9955379,1
1.0,0.9922645,1
1.0,0.99730384,1
1.0,0.9975496,1
1.0,0.9973339,1
1.0,0.99711144,1
1.0,0.99736243,1
1.0,0.9977266,1
1.0,0.99586004,1
1.0,0.9936248,1
0.0,0.16044669,1
1.0,0.99586654,1
1.0,0.9927907,1
1.0,0.9949662,1
1.0,0.9950748,1
1.0,0.98772603,1
0.0,0.18257742,1
1.0,0.99485284,1
1.0,0.9960257,1
1.0,0.9962386,1
1.0,0.99608105,1
1.0,0.99741274,1
0.0,0.08473481,1
1.0,0.90944916,1
1.0,0.99592507,1
1.0,0.995387,1
0.0,0.2856932,1
1.0,0.52020407,1
1.0,0.9585437,1
1.0,0.99149454,1
1.0,0.9831665,1
1.0,0.9950852,1
1.0,0.99700457,1
1.0,0.9780513,1
1.0,0.9940659,1
1.0,0.99508816,1
1.0,0.9945222,1
1.0,0.99572927,1
1.0,0.99722797,1
1.0,0.9972458,1
1.0,0.9955052,1
1.0,0.9966305,1
1.0,0.99281234,1
1.0,0.99106795,1
1.0,0.9911159,1
1.0,0.98961264,1
1.0,0.99698883,1
1.0,0.9958407,1
1.0,0.9973103,1
1.0,0.9928269,1
1.0,0.9949285,1
1.0,0.99684346,1
1.0,0.9966757,1
1.0,0.99677306,1
1.0,0.9972554,1
1.0,0.9961195,1
1.0,0.99473876,1
1.0,0.99665064,1
1.0,0.99712116,1
1.0,0.99657816,1
1.0,0.9970668,1
1.0,0.99657923,1
1.0,0.9969687,1
1.0,0.9900747,1
1.0,0.9970746,1
1.0,0.99188095,1
1.0,0.99530977,1
1.0,0.99710435,1
1.0,0.9965569,1
1.0,0.99625576,1
1.0,0.91093975,1
0.0,0.00397477,0
0.0,0.0035490051,0
0.0,0.0027243462,0
0.0,0.0025817316,0
0.0,0.0023405207,0
0.0,0.002873715,0
0.0,0.0041221716,0
0.0,0.0030750511,0
0.0,0.0032967813,0
0.0,0.0051042624,0
0.0,0.002777436,0
0.0,0.005647984,0
0.0,0.018923303,0
0.0,0.002865902,0
0.0,0.0033675644,0
0.0,0.0067392737,0
0.0,0.0044687577,0
0.0,0.0075804587,0
0.0,0.0027586482,0
0.0,0.0036690996,0
0.0,0.023654696,0
0.0,0.013306415,0
0.0,0.005466054,0
0.0,0.0148783345,0
0.0,0.019780828,0
0.0,0.20696054,0
0.0,0.0056929532,0
0.0,0.004241001,0
0.0,0.0032493535,0
0.0,0.006117123,0
0.0,0.0031747106,0
0.0,0.0035789963,0
0.0,0.004423829,0
0.0,0.011614357,0
0.0,0.0029840202,0
0.0,0.008177159,0
0.0,0.0025692398,0
1.0,0.9421148,0
0.0,0.0056010787,0
0.0,0.19813123,0
0.0,0.011939895,0
0.0,0.002916704,0
0.0,0.0034753643,0
0.0,0.0030561993,0
0.0,0.009468394,0
0.0,0.0032012947,0
0.0,0.0037889013,0
0.0,0.008659327,0
0.0,0.025600305,0
0.0,0.0042570117,0
0.0,0.008244484,0
0.0,0.052654594,0
1.0,0.7331027,0
0.0,0.008502873,0
0.0,0.013647359,0
0.0,0.0049772086,0
0.0,0.0031262483,0
1.0,0.99291646,0
0.0,0.009277799,0
0.0,0.0089685535,0
0.0,0.04882229,0
0.0,0.0030278033,0
0.0,0.004856143,0
0.0,0.0064650853,0
0.0,0.005336491,0
0.0,0.0037391004,0
0.0,0.00649108,0
0.0,0.009405407,0
0.0,0.029876268,0
1.0,0.9553198,0
0.0,0.003930194,0
0.0,0.0044797957,0
0.0,0.12134946,0
0.0,0.00949023,0
0.0,0.0052194567,0
1.0,0.9850369,0
0.0,0.022267025,0
0.0,0.0037695928,0
0.0,0.0040015304,0
0.0,0.05576505,0
0.0,0.0034653759,0
0.0,0.003403937,0
0.0,0.004902688,0
0.0,0.0039174235,0
0.0,0.0040651597,0
0.0,0.0076783854,0
0.0,0.0047261147,0
0.0,0.0037185098,0
0.0,0.004777403,0
0.0,0.005783604,0
0.0,0.003374986,0
0.0,0.003497484,0
0.0,0.012559904,0
1.0,0.54955006,0
0.0,0.014472357,0
0.0,0.0029780213,0
1.0,0.81877524,0
0.0,0.0028467325,0
0.0,0.007884304,0
0.0,0.00485409,0
0.0,0.010577473,0
0.0,0.0031270536,0
0.0,0.0037735077,0
0.0,0.046246935,0
0.0,0.002902538,0
0.0,0.020968579,0
0.0,0.0037555546,0
0.0,0.0044194544,0
0.0,0.0048075416,0
0.0,0.006896022,0
0.0,0.0059100515,0
0.0,0.009486,0
0.0,0.004384199,0
0.0,0.009896242,0
0.0,0.06424129,0
0.0,0.1266984,0
0.0,0.0033064724,0
0.0,0.025656024,0
0.0,0.003309697,0
0.0,0.003966394,0
0.0,0.0029513147,0
0.0,0.002857167,0
0.0,0.007568626,0
0.0,0.004474217,0
0.0,0.007233264,0
0.0,0.0036389402,0
0.0,0.002481283,0
0.0,0.023579162,0
0.0,0.003689188,0
0.0,0.015925527,0
0.0,0.011043101,0
0.0,0.0038414274,0
0.0,0.006639181,0
0.0,0.0026250253,0
0.0,0.003051532,0
0.0,0.0032243212,0
0.0,0.024090257,0
0.0,0.004791914,0
1.0,0.91806525,0
0.0,0.0033399246,0
0.0,0.005094996,0
0.0,0.008229095,0
0.0,0.004969144,0
1.0,0.6291072,0
0.0,0.0079348115,0
0.0,0.0029721006,0
0.0,0.01312079,0
0.0,0.0045413477,0
0.0,0.00676919,0
0.0,0.24214108,0
0.0,0.005712241,0
0.0,0.023926858,0
0.0,0.004487831,0
0.0,0.0054975715,0
0.0,0.33987218,0
0.0,0.0029184807,0
0.0,0.003125826,0
0.0,0.15219495,0
0.0,0.0030146644,0
0.0,0.0116024185,0
0.0,0.004452901,0
0.0,0.0036258602,0
0.0,0.006764389,0
0.0,0.0028071108,0
0.0,0.011805825,0
0.0,0.0030650452,0
0.0,0.010521578,0
0.0,0.0031089925,0
0.0,0.014721654,0
0.0,0.03562874,0
0.0,0.05312514,0
0.0,0.003926634,0
0.0,0.00571511,0
0.0,0.0037984378,0
1.0,0.9724042,0
0.0,0.101875424,0
0.0,0.04672855,0
0.0,0.0046042628,0
0.0,0.14671107,0
0.0,0.00667399,0
0.0,0.0034005807,0
0.0,0.007742419,0
0.0,0.011998388,0
0.0,0.003482302,0
0.0,0.06649178,0
0.0,0.0034097915,0
0.0,0.008239187,0
0.0,0.002772654,0
0.0,0.22290355,0
0.0,0.004572488,0
0.0,0.0026992154,0
0.0,0.024297487,0
1.0,0.56082356,0
0.0,0.007698685,0
0.0,0.0027422104,0
0.0,0.081732705,0
0.0,0.004376262,0
0.0,0.005640536,0
0.0,0.005969438,0
0.0,0.020578185,0
0.0,0.0029362678,0
0.0,0.1967768,0
0.0,0.005536322,0
0.0,0.0031900075,0
0.0,0.0023923635,0
0.0,0.025145074,0
0.0,0.0058801994,0
0.0,0.007945899,0
0.0,0.032974415,0
0.0,0.021150934,0
0.0,0.0042459504,0
0.0,0.0076581854,0
0.0,0.0122226775,0
0.0,0.188634,0
0.0,0.005054415,0
0.0,0.0053083166,0
0.0,0.0022329967,0
0.0,0.005913204,0
0.0,0.0064222366,0
0.0,0.013936963,0
0.0,0.01176412,0
0.0,0.0033730618,0
0.0,0.0037931239,0
0.0,0.0034288594,0
0.0,0.0051016696,0
0.0,0.033481482,0
0.0,0.004652276,0
0.0,0.15850472,0
0.0,0.005112594,0
0.0,0.007595004,0
0.0,0.0021585308,0
0.0,0.0029484506,0
0.0,0.0026339528,0
0.0,0.0029480136,0
0.0,0.010312129,0
0.0,0.005671159,0
0.0,0.011745276,0
0.0,0.0054757237,0
0.0,0.0036763216,0
0.0,0.027289499,0
0.0,0.0037594547,0
0.0,0.0042349487,0
0.0,0.0036997632,0
1.0,0.97396016,0
0.0,0.003930395,0
0.0,0.004451115,0
0.0,0.002537531,0
0.0,0.0033261848,0
0.0,0.0058438545,0
0.0,0.00507876,0
0.0,0.0035802585,0
0.0,0.009244933,0
1.0,0.6948232,0
0.0,0.0031171506,0
0.0,0.0026461545,0
0.0,0.0059725344,0
0.0,0.0105736,0
0.0,0.0046839872,0
0.0,0.014291147,0
0.0,0.016917054,0
0.0,0.003436647,0
0.0,0.016156625,0
0.0,0.01441149,0
0.0,0.004641835,0
1.0,0.99428284,1
1.0,0.996372,1
1.0,0.997382,1
1.0,0.99589276,1
1.0,0.9973442,1
1.0,0.9908593,1
1.0,0.9944693,1
1.0,0.9921705,1
1.0,0.9904704,1
1.0,0.99739575,1
1.0,0.9974037,1
1.0,0.99734324,1
1.0,0.99737716,1
1.0,0.9969195,1
1.0,0.9971205,1
1.0,0.9956195,1
1.0,0.9975802,1
1.0,0.99782467,1
1.0,0.9958248,1
1.0,0.9970132,1
1.0,0.99751353,1
1.0,0.994436,1
1.0,0.99689156,1
1.0,0.99661475,1
1.0,0.96131307,1
1.0,0.9950753,1
1.0,0.9957963,1
1.0,0.9960691,1
1.0,0.9974692,1
1.0,0.9972933,1
1.0,0.99660504,1
1.0,0.9962935,1
1.0,0.98533535,1
1.0,0.99653995,1
1.0,0.9976757,1
1.0,0.9960586,1
1.0,0.9949285,1
1.0,0.9932286,1
1.0,0.9868276,1
1.0,0.99487805,1
0.0,0.01533919,1
1.0,0.9969362,1
1.0,0.9895454,1
1.0,0.9972705,1
1.0,0.9974369,1
1.0,0.9970299,1
1.0,0.9959442,1
1.0,0.99726886,1
1.0,0.9972566,1
1.0,0.99717474,1
1.0,0.9965946,1
1.0,0.99143606,1
1.0,0.99692494,1
1.0,0.99038905,1
1.0,0.99571973,1
1.0,0.94243985,1
1.0,0.9903661,1
1.0,0.99592495,1
1.0,0.9970162,1
1.0,0.9940221,1
1.0,0.99486536,1
1.0,0.9914874,1
1.0,0.99478465,1
1.0,0.99483734,1
1.0,0.99463505,1
1.0,0.9967871,1
1.0,0.996644,1
1.0,0.9968458,1
1.0,0.99586076,1
1.0,0.80850446,1
0.0,0.32255736,1
1.0,0.90652424,1
1.0,0.99023306,1
1.0,0.9956962,1
1.0,0.9949325,1
1.0,0.99598795,1
1.0,0.9964784,1
1.0,0.99046004,1
1.0,0.9945767,1
1.0,0.9784612,1
1.0,0.98874027,1
1.0,0.99379104,1
1.0,0.9936575,1
1.0,0.9968465,1
1.0,0.99640733,1
1.0,0.9967816,1
1.0,0.9966742,1
1.0,0.9970975,1
1.0,0.9926037,1
0.0,0.052128978,1
1.0,0.99546826,1
1.0,0.99627835,1
1.0,0.9976023,1
1.0,0.99602085,1
1.0,0.9962549,1
1.0,0.99567705,1
1.0,0.99570024,1
1.0,0.99136996,1
1.0,0.98883295,1
1.0,0.98946583,1
1.0,0.9954952,1
1.0,0.9961212,1
1.0,0.9974101,1
1.0,0.99694294,1
1.0,0.9972011,1
1.0,0.9975199,1
1.0,0.99686855,1
1.0,0.99725777,1
1.0,0.99658525,1
1.0,0.99636805,1
1.0,0.9953762,1
1.0,0.9956072,1
1.0,0.99655426,1
1.0,0.9956163,1
1.0,0.99695694,1
1.0,0.99727935,1
1.0,0.9934018,1
1.0,0.9941492,1
1.0,0.98965293,1
1.0,0.9963988,1
1.0,0.99507207,1
1.0,0.997543,1
1.0,0.99142975,1
1.0,0.99600273,1
1.0,0.994436,1
1.0,0.96725553,1
1.0,0.99322045,1
1.0,0.9603847,1
1.0,0.99011433,1
1.0,0.9622607,1
1.0,0.93032104,1
1.0,0.99698347,1
1.0,0.99426645,1
1.0,0.997239,1
1.0,0.99780935,1
1.0,0.99785244,1
1.0,0.99639183,1
1.0,0.99768317,1
1.0,0.99608237,1
1.0,0.9976936,1
1.0,0.9969393,1
1.0,0.99723756,1
1.0,0.9971493,1
1.0,0.9896763,1
1.0,0.9972971,1
1.0,0.99776375,1
1.0,0.99687994,1
1.0,0.99552464,1
1.0,0.99761057,1
1.0,0.99745136,1
1.0,0.997396,1
1.0,0.99723214,1
1.0,0.99714065,1
1.0,0.9967675,1
1.0,0.9975216,1
1.0,0.996838,1
1.0,0.9957474,1
1.0,0.9952036,1
1.0,0.99571157,1
1.0,0.9968874,1
1.0,0.9970241,1
1.0,0.99016994,1
1.0,0.96325994,1
1.0,0.9975598,1
1.0,0.9785436,1
1.0,0.98591566,1
1.0,0.99705017,1
1.0,0.9979553,1
1.0,0.9969152,1
1.0,0.9972715,1
1.0,0.99770457,1
1.0,0.9971847,1
1.0,0.9962048,1
1.0,0.9973562,1
1.0,0.9960359,1
1.0,0.9951273,1
1.0,0.99731785,1
1.0,0.9973406,1
1.0,0.9972493,1
1.0,0.9968466,1
1.0,0.9963205,1
1.0,0.9969523,1
1.0,0.99793965,1
1.0,0.99732816,1
1.0,0.9956411,1
1.0,0.99501365,1
1.0,0.9942426,1
1.0,0.99601537,1
1.0,0.9946794,1
1.0,0.9881902,1
1.0,0.9785194,1
1.0,0.9950401,1
1.0,0.9961365,1
1.0,0.9976036,1
1.0,0.9978911,1
1.0,0.99783283,1
1.0,0.99774593,1
1.0,0.99753785,1
1.0,0.99744,1
1.0,0.99559915,1
1.0,0.9953017,1
1.0,0.97322154,1
1.0,0.99687946,1
1.0,0.9968545,1
1.0,0.99717605,1
1.0,0.59545237,1
1.0,0.9937443,1
1.0,0.9864987,1
1.0,0.99754757,1
1.0,0.9974021,1
1.0,0.9968951,1
1.0,0.9959187,1
1.0,0.99458104,1
1.0,0.9964982,1
1.0,0.9972222,1
1.0,0.994562,1
1.0,0.9969568,1
1.0,0.9955332,1
1.0,0.9964987,1
1.0,0.997436,1
1.0,0.9820619,1
1.0,0.99609756,1
1.0,0.99608684,1
1.0,0.99179626,1
1.0,0.9972698,1
1.0,0.9814253,1
1.0,0.9935282,1
1.0,0.9953329,1
1.0,0.99666023,1
1.0,0.99570185,1
1.0,0.9941174,1
1.0,0.99516547,1
1.0,0.99411446,1
1.0,0.99612767,1
1.0,0.99614537,1
1.0,0.9940269,1
1.0,0.9914982,1
1.0,0.99451596,1
1.0,0.9963804,1
1.0,0.9958407,1
1.0,0.9964265,1
1.0,0.9966599,1
1.0,0.9972771,1
1.0,0.99605477,1
1.0,0.9972241,1
1.0,0.9978656,1
1.0,0.99697626,1
1.0,0.99730325,1
1.0,0.99682766,1
1.0,0.99743783,1
1.0,0.9959086,1
1.0,0.9966869,1
1.0,0.9957402,1
1.0,0.9786623,1
0.0,0.48856896,1
1.0,0.99418783,1
1.0,0.9974342,1
1.0,0.99723583,1
1.0,0.99667156,1
1.0,0.9704673,1
1.0,0.9933077,1
1.0,0.9959459,1
1.0,0.99552506,1
1.0,0.99732625,1
1.0,0.9962224,1
1.0,0.99599385,1
1.0,0.9967619,1
1.0,0.9966708,1
1.0,0.9960955,1
1.0,0.99709225,1
1.0,0.99814236,1
1.0,0.9933062,1
1.0,0.99480337,1
1.0,0.996212,1
1.0,0.9950605,1
1.0,0.99577564,1
1.0,0.92318404,1
1.0,0.9965103,1
1.0,0.9947391,1
1.0,0.9947901,1
1.0,0.99545175,1
1.0,0.99626863,1
1.0,0.9975708,1
1.0,0.9917031,1
1.0,0.9959335,1
1.0,0.9973838,1
1.0,0.9968521,1
1.0,0.9969813,1
1.0,0.99587774,1
1.0,0.99688256,1
1.0,0.99598616,1
1.0,0.99146265,1
1.0,0.9967308,1
1.0,0.99567974,1
1.0,0.99735236,1
1.0,0.99643326,1
1.0,0.9972953,1
1.0,0.9958967,1
1.0,0.9969764,1
1.0,0.996825,1
1.0,0.99768305,1
1.0,0.99634784,1
1.0,0.9965784,1
1.0,0.99555224,1
1.0,0.99535406,1
1.0,0.98755497,1
1.0,0.9969416,1
1.0,0.995513,1
1.0,0.997801,1
1.0,0.99697137,1
1.0,0.9973279,1
1.0,0.9956808,1
1.0,0.9967705,1
1.0,0.9950766,1
1.0,0.99730444,1
1.0,0.99752516,1
1.0,0.9974456,1
1.0,0.99665326,1
1.0,0.9936346,1
1.0,0.99728394,1
1.0,0.9979407,1
0.0,0.045873184,1
1.0,0.99345994,1
1.0,0.99344605,1
1.0,0.9964395,1
1.0,0.99652773,1
1.0,0.99613744,1
1.0,0.99601525,1
1.0,0.9962519,1
1.0,0.99649614,1
1.0,0.96779263,1
1.0,0.9723054,1
1.0,0.99465936,1
1.0,0.9975497,1
1.0,0.98577267,1
1.0,0.99742186,1
1.0,0.996438,1
1.0,0.9969994,1
1.0,0.9937384,1
1.0,0.9974233,1
1.0,0.9962643,1
1.0,0.9973109,1
1.0,0.9968749,1
1.0,0.9948317,1
1.0,0.99422765,1
1.0,0.99451447,1
1.0,0.99575585,1
1.0,0.99716455,1
1.0,0.9921761,1
1.0,0.99692744,1
1.0,0.99707806,1
1.0,0.99499714,1
1.0,0.9974354,1
1.0,0.9959487,1
1.0,0.99688333,1
1.0,0.9974383,1
1.0,0.9964843,1
1.0,0.9977914,1
1.0,0.9973264,1
1.0,0.99731797,1
1.0,0.99180365,1
1.0,0.99740726,1
1.0,0.9970306,1
1.0,0.99572855,1
1.0,0.99699473,1
1.0,0.9961817,1
1.0,0.9963229,1
1.0,0.9972428,1
1.0,0.9892203,1
1.0,0.99530447,1
1.0,0.9946398,1
1.0,0.99269605,1
1.0,0.9976705,1
1.0,0.997133,1
1.0,0.9961571,1
1.0,0.99598795,1
1.0,0.9946503,1
1.0,0.99710566,1
1.0,0.9976394,1
1.0,0.99762017,1
1.0,0.99750984,1
1.0,0.9973991,1
1.0,0.9976534,1
1.0,0.9976367,1
1.0,0.9964689,1
1.0,0.9975873,1
1.0,0.99723995,1
1.0,0.9969674,1
1.0,0.9977296,1
1.0,0.9969048,1
1.0,0.9974962,1
0.0,0.005140396,0
1.0,0.6047015,0
0.0,0.010276481,0
0.0,0.0039431476,0
0.0,0.0039039461,0
0.0,0.0033271126,0
0.0,0.004392155,0
0.0,0.0030112695,0
0.0,0.056853056,0
0.0,0.0040473854,0
0.0,0.004450273,0
0.0,0.0027767427,0
0.0,0.040343445,0
0.0,0.0032035082,0
0.0,0.023504915,0
0.0,0.0040689628,0
0.0,0.0059226076,0
0.0,0.18475142,0
0.0,0.0040583755,0
0.0,0.0045541245,0
0.0,0.009758943,0
0.0,0.00409116,0
0.0,0.0033385963,0
0.0,0.064520106,0
0.0,0.005333331,0
0.0,0.017084597,0
0.0,0.004914599,0
0.0,0.0039194585,0
0.0,0.16155359,0
0.0,0.0169538,0
0.0,0.0024454924,0
0.0,0.004023892,0
0.0,0.005426786,0
0.0,0.0899067,0
0.0,0.0036887361,0
0.0,0.0032206117,0
0.0,0.06895287,0
0.0,0.009711907,0
0.0,0.0022129493,0
0.0,0.002653236,0
0.0,0.004754545,0
0.0,0.23533848,0
0.0,0.0030803296,0
0.0,0.008083382,0
0.0,0.005469482,0
0.0,0.0037168392,0
0.0,0.008818041,0
0.0,0.0025848916,0
0.0,0.0026467221,0
0.0,0.0055208695,0
0.0,0.15193647,0
0.0,0.0031001861,0
0.0,0.0028277417,0
0.0,0.0061564306,0
0.0,0.022726554,0
0.0,0.00297346,0
0.0,0.12126076,0
0.0,0.44703844,0
0.0,0.0031458477,0
0.0,0.019273067,0
0.0,0.0127260145,0
0.0,0.0043106014,0
0.0,0.0027630748,0
0.0,0.0030023356,0
0.0,0.005330134,0
0.0,0.005366989,0
0.0,0.0038633745,0
0.0,0.038432397,0
0.0,0.0044271606,0
0.0,0.49937198,0
0.0,0.0043036873,0
0.0,0.003243897,0
0.0,0.109107666,0
0.0,0.002619452,0
0.0,0.004345905,0
0.0,0.011467105,0
0.0,0.0033408008,0
0.0,0.0029682454,0
0.0,0.0025946135,0
0.0,0.041981474,0
0.0,0.07253399,0
0.0,0.004611454,0
0.0,0.34366006,0
0.0,0.0025781733,0
1.0,0.6187649,0
0.0,0.020144388,0
0.0,0.009237625,0
0.0,0.016691094,0
0.0,0.009953504,0
0.0,0.004298235,0
0.0,0.0041589797,0
0.0,0.009655924,0
0.0,0.01075633,0
0.0,0.0026659742,0
0.0,0.10046155,0
0.0,0.004485426,0
0.0,0.0031710123,0
0.0,0.0023194032,0
0.0,0.003653266,0
0.0,0.0051860143,0
0.0,0.009441301,0
0.0,0.002550468,0
0.0,0.0034030038,0
0.0,0.04870968,0
0.0,0.015065268,0
0.0,0.017776102,0
0.0,0.0063289036,0
0.0,0.0038037025,0
0.0,0.002961443,0
0.0,0.3628525,0
0.0,0.0064577144,0
0.0,0.0036789756,0
0.0,0.008345599,0
0.0,0.002592118,0
0.0,0.0046086754,0
0.0,0.005220458,0
0.0,0.003213821,0
0.0,0.0031748945,0
0.0,0.0034736502,0
0.0,0.0039267233,0
0.0,0.0026738502,0
0.0,0.0028523456,0
0.0,0.005160832,0
0.0,0.0031830661,0
0.0,0.013063147,0
0.0,0.0024434428,0
0.0,0.0036260104,0
1.0,0.9420526,0
0.0,0.0039538257,0
0.0,0.0032627224,0
0.0,0.008774687,0
0.0,0.030994179,0
0.0,0.0038240296,0
0.0,0.0050264653,0
0.0,0.07599897,0
0.0,0.004920465,0
0.0,0.058485094,0
0.0,0.008735655,0
0.0,0.018580958,0
0.0,0.03545506,0
0.0,0.0031813388,0
0.0,0.003638539,0
0.0,0.0019933176,0
0.0,0.4416991,0
0.0,0.003695275,0
0.0,0.36987287,0
0.0,0.10247404,0
0.0,0.0031400034,0
0.0,0.002446557,0
0.0,0.0026772653,0
0.0,0.12306,0
0.0,0.005689639,0
0.0,0.0040423907,0
0.0,0.0042976574,0
0.0,0.0036713665,0
0.0,0.0035309265,0
0.0,0.0038530712,0
0.0,0.012786739,0
0.0,0.004090363,0
0.0,0.0028170552,0
0.0,0.007921234,0
0.0,0.011534507,0
0.0,0.0028240571,0
0.0,0.003414883,0
0.0,0.18408234,0
0.0,0.0037979379,0
0.0,0.009633589,0
0.0,0.0039003836,0
0.0,0.0045772395,0
0.0,0.0028514047,0
0.0,0.002228063,0
0.0,0.0032519551,0
0.0,0.006200411,0
1.0,0.9008917,0
0.0,0.005134518,0
0.0,0.002646479,0
0.0,0.22097766,0
0.0,0.3131265,0
0.0,0.0045451927,0
0.0,0.0035283521,0
0.0,0.005525286,0
0.0,0.0028765039,0
0.0,0.0026525222,0
0.0,0.005454629,0
0.0,0.005623112,0
0.0,0.004684592,0
0.0,0.0036824306,0
0.0,0.0026984683,0
0.0,0.002959325,0
0.0,0.0029926356,0
0.0,0.004014272,0
0.0,0.004879091,0
0.0,0.09208246,0
0.0,0.0037068406,0
0.0,0.0035410898,0
0.0,0.0059780767,0
0.0,0.0030836102,0
0.0,0.0032977231,0
0.0,0.16774048,0
0.0,0.0028422812,0
0.0,0.0046274355,0
0.0,0.0065429397,0
0.0,0.008943254,0
0.0,0.0028096375,0
1.0,0.57513,0
0.0,0.004526508,0
0.0,0.0041182013,0
0.0,0.023620488,0
0.0,0.34503457,0
0.0,0.003331345,0
0.0,0.00250353,0
1.0,0.61011344,0
0.0,0.00411106,0
0.0,0.0027519867,0
0.0,0.0025228758,0
0.0,0.017221596,0
1.0,0.6289767,0
0.0,0.013149965,0
0.0,0.0050384174,0
0.0,0.044401437,0
0.0,0.002885535,0
0.0,0.0052478276,0
0.0,0.006196824,0
0.0,0.0035309552,0
0.0,0.003428043,0
0.0,0.49298552,0
0.0,0.0036404948,0
0.0,0.002825783,0
0.0,0.0031681408,0
0.0,0.0027721054,0
0.0,0.008453664,0
0.0,0.0045775827,0
0.0,0.06315251,0
0.0,0.0041840198,0
0.0,0.005918779,0
0.0,0.04095445,0
0.0,0.03564792,0
0.0,0.0055476096,0
0.0,0.005747439,0
0.0,0.00838874,0
0.0,0.0040409267,0
0.0,0.007931185,0
0.0,0.01018802,0
0.0,0.015778383,0
0.0,0.003281055,0
0.0,0.009651612,0
0.0,0.002640536,0
0.0,0.040533505,0
0.0,0.0027751417,0
0.0,0.0046356814,0
0.0,0.0038629232,0
0.0,0.05422434,0
0.0,0.002929147,0
0.0,0.009832928,0
0.0,0.0064160298,0
0.0,0.0095963,0
0.0,0.006181057,0
0.0,0.0108455885,0
0.0,0.0058101458,0
0.0,0.0035918988,0
0.0,0.003108673,0
0.0,0.0047090002,0
0.0,0.050118774,0
0.0,0.004762888,0
0.0,0.0038098905,0
0.0,0.0034097491,0
0.0,0.023218544,0
0.0,0.0041708206,0
0.0,0.0059792926,0
0.0,0.003148849,0
0.0,0.0030105566,0
0.0,0.0050168587,0
0.0,0.0036860595,0
0.0,0.004170793,0
0.0,0.0021603084,0
0.0,0.0073016514,0
0.0,0.0033108238,0
0.0,0.14026196,0
0.0,0.0057505025,0
0.0,0.004601659,0
0.0,0.0069772126,0
0.0,0.0043821014,0
0.0,0.0051615913,0
0.0,0.0026691395,0
0.0,0.003073052,0
0.0,0.0044473703,0
0.0,0.0028233067,0
0.0,0.002398583,0
0.0,0.004600545,0
0.0,0.006213435,0
0.0,0.0061343233,0
1.0,0.97484505,0
0.0,0.0065207602,0
0.0,0.2991756,0
0.0,0.0047261594,0
0.0,0.0052709533,0
0.0,0.0060238848,0
0.0,0.0036043753,0
0.0,0.0064769676,0
0.0,0.0039152065,0
0.0,0.0035466012,0
0.0,0.032058004,0
0.0,0.0035723096,0
0.0,0.0023888962,0
0.0,0.04384395,0
0.0,0.00776382,0
0.0,0.0024757725,0
0.0,0.003174876,0
0.0,0.0024355103,0
0.0,0.095059454,0
1.0,0.66413456,0
0.0,0.0033141798,0
0.0,0.018850144,0
0.0,0.48411095,0
0.0,0.004150495,0
0.0,0.0035186147,0
0.0,0.029564139,0
0.0,0.022333372,0
0.0,0.0025979846,0
0.0,0.0035101252,0
0.0,0.06459492,0
0.0,0.0041374126,0
0.0,0.0035377364,0
0.0,0.011820208,0
0.0,0.0036498206,0
0.0,0.002493061,0
0.0,0.00316874,0
0.0,0.03715526,0
0.0,0.0041577816,0
0.0,0.008480623,0
0.0,0.0052138446,0
0.0,0.0099602295,0
0.0,0.05956708,0
0.0,0.0038698104,0
0.0,0.0038780298,0
0.0,0.003981131,0
0.0,0.00408589,0
0.0,0.002951789,0
0.0,0.0021913783,0
0.0,0.002223299,0
0.0,0.002781126,0
0.0,0.0034848647,0
0.0,0.0044509526,0
0.0,0.0050861137,0
0.0,0.48251724,0
0.0,0.002177897,0
0.0,0.004357445,0
0.0,0.004888578,0
0.0,0.0039934497,0
0.0,0.0142431585,0
0.0,0.0047796974,0
0.0,0.01046078,0
0.0,0.033923388,0
0.0,0.019573852,0
0.0,0.010700328,0
0.0,0.0034510102,0
0.0,0.010514799,0
0.0,0.09935104,0
0.0,0.020174911,0
0.0,0.0048732734,0
0.0,0.0026366373,0
0.0,0.2642353,0
0.0,0.027079614,0
0.0,0.0670888,0
0.0,0.004551726,0
0.0,0.0056442795,0
0.0,0.008271093,0
0.0,0.011542231,0
0.0,0.0038150537,0
0.0,0.006191089,0
0.0,0.0033013285,0
0.0,0.007605582,0
0.0,0.0027579947,0
0.0,0.0049690213,0
0.0,0.0021225724,0
0.0,0.004353713,0
0.0,0.004725966,0
0.0,0.054368075,0
0.0,0.031320956,0
0.0,0.0033426527,0
0.0,0.03389499,0
0.0,0.03033122,0
0.0,0.022406526,0
0.0,0.003912006,0
0.0,0.0036337452,0
0.0,0.10995186,0
0.0,0.08007394,0
1.0,0.99728286,1
0.0,0.37056983,1
1.0,0.9927003,1
1.0,0.99143934,1
1.0,0.9903024,1
1.0,0.97396016,1
1.0,0.97396016,1
1.0,0.97396016,1
1.0,0.97396016,1
1.0,0.97396016,1
1.0,0.97396016,1
1.0,0.97396016,1
1.0,0.97396016,1
1.0,0.97396016,1
1.0,0.97396016,1
1.0,0.97396016,1
1.0,0.9961283,1
1.0,0.9974094,1
1.0,0.9958954,1
1.0,0.99676174,1
1.0,0.9883937,1
1.0,0.9967566,1
1.0,0.99646676,1
1.0,0.9926938,1
1.0,0.99328667,1
1.0,0.99379706,1
1.0,0.99659216,1
1.0,0.992058,1
1.0,0.99691534,1
1.0,0.9972395,1
1.0,0.99309087,1
1.0,0.9935727,1
1.0,0.9965125,1
1.0,0.99681324,1
1.0,0.9965965,1
1.0,0.9749247,1
1.0,0.99393165,1
1.0,0.99603784,1
1.0,0.99467504,1
1.0,0.99443084,1
1.0,0.99349856,1
1.0,0.9862509,1
1.0,0.9942473,1
1.0,0.9950734,1
1.0,0.97447217,1
1.0,0.9961455,1
1.0,0.9942141,1
1.0,0.9953654,1
1.0,0.9940889,1
1.0,0.99429905,1
1.0,0.9959974,1
1.0,0.9959692,1
1.0,0.99557424,1
1.0,0.98626304,1
1.0,0.99573237,1
1.0,0.99607134,1
1.0,0.99775034,1
1.0,0.9980228,1
1.0,0.997801,1
1.0,0.99290305,1
1.0,0.99507624,1
1.0,0.9971614,1
1.0,0.99689025,1
1.0,0.99683183,1
0.0,0.012115277,1
1.0,0.9971976,1
1.0,0.9813224,1
1.0,0.99706393,1
1.0,0.99598616,1
1.0,0.99419796,1
1.0,0.9973183,1
1.0,0.99611,1
1.0,0.9950413,1
1.0,0.9957633,1
1.0,0.9954092,1
1.0,0.99697435,1
1.0,0.9971113,1
1.0,0.9957034,1
1.0,0.99715316,1
1.0,0.9967002,1
1.0,0.99431074,1
1.0,0.99667335,1
1.0,0.9941994,1
1.0,0.9960743,1
1.0,0.9971782,1
1.0,0.9977272,1
1.0,0.99629706,1
1.0,0.99609035,1
1.0,0.9972216,1
1.0,0.99357337,1
1.0,0.9960598,1
1.0,0.99729425,1
1.0,0.9970884,1
1.0,0.99661607,1
1.0,0.99474466,1
1.0,0.9950605,1
1.0,0.9969994,1
1.0,0.99695694,1
1.0,0.9605223,1
1.0,0.9966793,1
1.0,0.9962528,1
1.0,0.996748,1
1.0,0.9970387,1
1.0,0.99729055,1
1.0,0.99520797,1
1.0,0.9975313,1
1.0,0.99426866,1
1.0,0.997428,1
1.0,0.99704784,1
1.0,0.99723864,1
1.0,0.99728596,1
1.0,0.9973188,1
1.0,0.99631727,1
1.0,0.9970656,1
1.0,0.9971591,1
1.0,0.9971112,1
1.0,0.9801865,1
1.0,0.99562943,1
1.0,0.99683565,1
1.0,0.9948042,1
1.0,0.993618,1
1.0,0.9937312,1
1.0,0.9958663,1
1.0,0.9908165,1
1.0,0.996682,1
1.0,0.9956891,1
1.0,0.99735165,1
1.0,0.99694014,1
1.0,0.64029235,1
1.0,0.9931532,1
1.0,0.99467367,1
1.0,0.9945562,1
1.0,0.9749312,1
1.0,0.99488115,1
1.0,0.99507576,1
1.0,0.9956513,1
1.0,0.9920873,1
1.0,0.99282795,1
1.0,0.99530435,1
1.0,0.9941607,1
1.0,0.9910472,1
1.0,0.9895328,1
1.0,0.9957153,1
1.0,0.99651515,1
1.0,0.9853211,1
1.0,0.99646616,1
1.0,0.9788132,1
0.0,0.029668828,1
1.0,0.9130648,1
1.0,0.9802111,1
1.0,0.9959044,1
1.0,0.99677426,1
1.0,0.99754816,1
1.0,0.99780434,1
1.0,0.99657935,1
1.0,0.9974884,1
1.0,0.99717534,1
1.0,0.9962469,1
1.0,0.9966877,1
1.0,0.99604493,1
1.0,0.9964366,1
1.0,0.9961831,1
1.0,0.9966905,1
1.0,0.99634486,1
1.0,0.9964132,1
1.0,0.9956648,1
1.0,0.9889087,1
1.0,0.98757684,1
1.0,0.99408036,1
1.0,0.9966882,1
1.0,0.9955772,1
1.0,0.99520147,1
1.0,0.98828065,1
1.0,0.9848061,1
1.0,0.993419,1
1.0,0.9871164,1
1.0,0.9963421,1
1.0,0.99446255,1
1.0,0.9942625,1
1.0,0.99700934,1
1.0,0.99377525,1
1.0,0.9937733,1
1.0,0.9951761,1
1.0,0.9933182,1
1.0,0.9948479,1
1.0,0.996979,1
1.0,0.99641246,1
0.0,0.11839694,1
0.0,0.074230514,1
0.0,0.2676997,1
1.0,0.9533028,1
1.0,0.9890398,1
1.0,0.9958384,1
1.0,0.9951722,1
1.0,0.996283,1
1.0,0.9972355,1
1.0,0.99672264,1
1.0,0.99712986,1
1.0,0.9828446,1
1.0,0.98658955,1
1.0,0.89757895,1
1.0,0.9925218,1
1.0,0.9181636,1
1.0,0.99568826,1
1.0,0.99703765,1
1.0,0.996849,1
1.0,0.99676394,1
1.0,0.993803,1
1.0,0.995732,1
1.0,0.99580175,1
1.0,0.9975617,1
1.0,0.99737823,1
1.0,0.9973686,1
1.0,0.9972023,1
1.0,0.9967122,1
1.0,0.99745554,1
1.0,0.99684167,1
1.0,0.9974775,1
1.0,0.99692935,1
1.0,0.99668545,1
1.0,0.9893121,1
1.0,0.99456775,1
1.0,0.9973131,1
1.0,0.9837563,1
1.0,0.9883917,1
1.0,0.9942088,1
1.0,0.9722921,1
1.0,0.9968644,1
1.0,0.99523216,1
1.0,0.9963677,1
1.0,0.9947519,1
1.0,0.99555135,1
1.0,0.996777,1
1.0,0.9960432,1
1.0,0.9931966,1
1.0,0.99719787,1
1.0,0.996727,1
1.0,0.9960686,1
1.0,0.99592125,1
1.0,0.9963561,1
1.0,0.99573094,1
1.0,0.99049544,1
1.0,0.99451834,1
1.0,0.99573815,1
1.0,0.9972356,1
1.0,0.99685776,1
1.0,0.9969734,1
1.0,0.9909416,1
1.0,0.9966222,1
1.0,0.9975442,1
1.0,0.99527824,1
1.0,0.99639785,1
1.0,0.9962121,1
1.0,0.9969613,1
1.0,0.99667823,1
1.0,0.9968154,1
0.0,0.005396699,0
0.0,0.0061141895,0
0.0,0.002314156,0
0.0,0.005395296,0
0.0,0.00327783,0
0.0,0.01176647,0
0.0,0.0052049197,0
0.0,0.0030367346,0
0.0,0.0078227185,0
0.0,0.0056825867,0
0.0,0.004259903,0
0.0,0.016208535,0
0.0,0.0028225323,0
0.0,0.01704276,0
0.0,0.0091747055,0
0.0,0.0032828378,0
0.0,0.0034183492,0
0.0,0.0032384929,0
0.0,0.0042014373,0
0.0,0.005101807,0
0.0,0.07540155,0
0.0,0.014887792,0
0.0,0.006012663,0
0.0,0.00634296,0
0.0,0.0040704375,0
0.0,0.0031282937,0
0.0,0.004522877,0
0.0,0.013097532,0
0.0,0.0030343654,0
0.0,0.0037993868,0
0.0,0.0035254129,0
0.0,0.0024289107,0
0.0,0.0047805435,0
0.0,0.0030052003,0
0.0,0.003823412,0
0.0,0.008246067,0
0.0,0.0064614047,0
0.0,0.004027429,0
0.0,0.003297794,0
0.0,0.0038948136,0
0.0,0.0047204434,0
0.0,0.0042843535,0
0.0,0.004002603,0
0.0,0.007290416,0
0.0,0.002698928,0
0.0,0.005472967,0
0.0,0.0040706866,0
0.0,0.0039334134,0
0.0,0.00998852,0
0.0,0.0026565492,0
0.0,0.0036364584,0
0.0,0.009221639,0
0.0,0.0041079097,0
0.0,0.0061208573,0
0.0,0.002977809,0
0.0,0.0028086328,0
0.0,0.0030458504,0
0.0,0.0034299525,0
0.0,0.0041710665,0
0.0,0.48571867,0
0.0,0.0042067617,0
0.0,0.0036397632,0
0.0,0.015753279,0
0.0,0.004210671,0
0.0,0.004522647,0
0.0,0.012429134,0
0.0,0.00987771,0
0.0,0.002338442,0
0.0,0.012661224,0
0.0,0.0061168186,0
0.0,0.15299359,0
0.0,0.002486221,0
0.0,0.00615145,0
0.0,0.00346936,0
0.0,0.0037521005,0
0.0,0.002536098,0
0.0,0.047234144,0
0.0,0.067343354,0
0.0,0.005761202,0
0.0,0.0034579192,0
0.0,0.009143039,0
0.0,0.008233216,0
0.0,0.0030103333,0
0.0,0.022888957,0
0.0,0.0055569876,0
0.0,0.002905711,0
0.0,0.0064841704,0
0.0,0.005910341,0
0.0,0.0044082776,0
0.0,0.0023802265,0
0.0,0.010406547,0
0.0,0.0038481387,0
0.0,0.111742474,0
0.0,0.014475839,0
0.0,0.003276743,0
0.0,0.003707822,0
0.0,0.0060295886,0
0.0,0.003775498,0
0.0,0.010323456,0
0.0,0.0031716032,0
0.0,0.00745417,0
0.0,0.0036223324,0
0.0,0.0059215967,0
0.0,0.0076121893,0
0.0,0.0035597405,0
0.0,0.24192002,0
0.0,0.0030208232,0
0.0,0.004102215,0
0.0,0.002961453,0
0.0,0.0037699528,0
0.0,0.03426264,0
0.0,0.005682,0
0.0,0.0047199377,0
0.0,0.0061377925,0
0.0,0.0030211722,0
0.0,0.025038473,0
0.0,0.0042207395,0
0.0,0.008042149,0
0.0,0.0056017907,0
0.0,0.0021926505,0
0.0,0.003405293,0
0.0,0.004031758,0
0.0,0.0056462116,0
0.0,0.005497691,0
0.0,0.0024892148,0
0.0,0.0044902773,0
0.0,0.0038658122,0
0.0,0.02544978,0
0.0,0.0026443866,0
0.0,0.0031549619,0
0.0,0.06442541,0
0.0,0.1939819,0
0.0,0.048375193,0
0.0,0.0029153563,0
0.0,0.008938753,0
0.0,0.0056806467,0
0.0,0.0034214288,0
0.0,0.0042121066,0
0.0,0.04177902,0
0.0,0.006374769,0
0.0,0.009290533,0
0.0,0.018774275,0
0.0,0.008935666,0
0.0,0.01145994,0
0.0,0.0025771325,0
0.0,0.010312685,0
0.0,0.002717529,0
0.0,0.016061684,0
0.0,0.0053746174,0
0.0,0.024559364,0
0.0,0.0049426574,0
0.0,0.00986474,0
0.0,0.0061310395,0
0.0,0.09787928,0
0.0,0.006186918,0
0.0,0.0027665445,0
0.0,0.0048267846,0
0.0,0.0040800655,0
0.0,0.0038571407,0
0.0,0.0048611253,0
0.0,0.004781304,0
0.0,0.0043090824,0
0.0,0.0034252373,0
0.0,0.43122578,0
0.0,0.0045310096,0
0.0,0.0031405513,0
0.0,0.0029834772,0
0.0,0.0033867997,0
0.0,0.0026703961,0
0.0,0.0024911596,0
0.0,0.031133618,0
1.0,0.90733385,0
0.0,0.003164431,0
0.0,0.0035590914,0
0.0,0.007665261,0
0.0,0.003298385,0
0.0,0.0032960938,0
0.0,0.004094051,0
0.0,0.0039246874,0
0.0,0.004546349,0
0.0,0.004280698,0
0.0,0.0058502383,0
0.0,0.00465125,0
0.0,0.0038849437,0
0.0,0.0048665493,0
0.0,0.0071490584,0
0.0,0.0040708296,0
0.0,0.0033091842,0
0.0,0.019578,0
0.0,0.00456352,0
0.0,0.0042968495,0
0.0,0.005254792,0
0.0,0.0057947137,0
0.0,0.0026690203,0
0.0,0.005301467,0
0.0,0.0026609846,0
0.0,0.017534899,0
0.0,0.005711884,0
1.0,0.82236296,0
0.0,0.014933002,0
0.0,0.0068256357,0
0.0,0.0031451432,0
0.0,0.0034914415,0
0.0,0.00458805,0
0.0,0.013621931,0
0.0,0.0036460564,0
0.0,0.041541666,0
0.0,0.0031059817,0
0.0,0.038632724,0
0.0,0.0066698,0
1.0,0.94806725,0
0.0,0.0086532375,0
0.0,0.0034513792,0
0.0,0.0029192953,0
0.0,0.031614978,0
0.0,0.11531521,0
0.0,0.003973538,0
0.0,0.0031819858,0
0.0,0.010408187,0
0.0,0.019422768,0
0.0,0.0038162232,0
0.0,0.002626113,0
0.0,0.45482254,0
0.0,0.006972083,0
0.0,0.0043555424,0
0.0,0.0034029533,0
0.0,0.0047897883,0
0.0,0.026400529,0
0.0,0.004196864,0
0.0,0.0068550464,0
0.0,0.0043681418,0
0.0,0.003988329,0
0.0,0.014619078,0
0.0,0.028035339,0
0.0,0.0039031953,0
0.0,0.00591289,0
0.0,0.0033240484,0
0.0,0.0031548147,0
0.0,0.0061222278,0
0.0,0.0033150716,0
0.0,0.008333516,0
0.0,0.0043588313,0
0.0,0.0022944796,0
0.0,0.0060809506,0
0.0,0.031612664,0
0.0,0.05813024,0
1.0,0.943926,0
0.0,0.060543142,0
0.0,0.009599895,0
0.0,0.024502696,0
0.0,0.005209825,0
0.0,0.01275705,0
0.0,0.0031126388,0
0.0,0.0047745286,0
0.0,0.0026771163,0
0.0,0.011212954,0
0.0,0.0046641575,0
0.0,0.004998299,0
0.0,0.0051844274,0
0.0,0.0065079224,0
0.0,0.004051074,0
0.0,0.09260169,0
0.0,0.003508268,0
0.0,0.0025854327,0
0.0,0.0061042467,0
0.0,0.0033731547,0
0.0,0.0029351749,0
0.0,0.0030183368,0
0.0,0.0037652138,0
0.0,0.002972393,0
0.0,0.0044720937,0
0.0,0.0032003575,0
0.0,0.0034045938,0
0.0,0.003029868,0
0.0,0.005165329,0
0.0,0.008113696,0
0.0,0.009604734,0
0.0,0.0068790163,0
0.0,0.004705042,0
0.0,0.009384603,0
0.0,0.003986043,0
0.0,0.01038283,0
0.0,0.002322168,0
0.0,0.0040125186,0
0.0,0.0048935213,0
0.0,0.0030726169,0
0.0,0.030538678,0
