y_predict,y_score,y_true
1.0,0.9999844,1
1.0,0.9999894,1
1.0,0.9999876,1
1.0,0.9999943,1
1.0,0.99998546,1
1.0,0.99998856,1
1.0,0.99998057,1
1.0,0.9999918,1
1.0,0.9999896,1
1.0,0.99998677,1
1.0,0.99999595,1
1.0,0.9999956,1
1.0,0.9999937,1
1.0,0.9999962,1
1.0,0.9999926,1
1.0,0.999987,1
1.0,0.9999926,1
1.0,0.99999225,1
1.0,0.9999937,1
1.0,0.99999166,1
1.0,0.99997485,1
1.0,0.9999771,1
1.0,0.93509823,1
1.0,0.9999945,1
1.0,0.99999297,1
1.0,0.99999404,1
1.0,0.99999404,1
1.0,0.9999895,1
1.0,0.99998975,1
1.0,0.99999416,1
1.0,0.99999344,1
1.0,0.9999949,1
1.0,0.9999615,1
1.0,0.9999951,1
1.0,0.99999595,1
1.0,0.99999285,1
1.0,0.99998164,1
1.0,0.9999914,1
1.0,0.9999932,1
1.0,0.99947506,1
1.0,0.9999933,1
1.0,0.9999956,1
1.0,0.9999945,1
1.0,0.99997044,1
1.0,0.9999925,1
1.0,0.9999913,1
1.0,0.99999404,1
1.0,0.9999882,1
1.0,0.99999094,1
1.0,0.9999932,1
1.0,0.9999399,1
1.0,0.99999464,1
1.0,0.9999937,1
1.0,0.9999958,1
1.0,0.99999094,1
1.0,0.99999523,1
1.0,0.9999956,1
1.0,0.9999529,1
1.0,0.9999901,1
1.0,0.99999607,1
1.0,0.9999863,1
1.0,0.9999918,1
1.0,0.9999889,1
1.0,0.9999938,1
1.0,0.99997675,1
1.0,0.99999285,1
1.0,0.99999475,1
1.0,0.9999945,1
1.0,0.9999957,1
1.0,0.9999958,1
1.0,0.9999944,1
1.0,0.99999464,1
1.0,0.9999944,1
1.0,0.9999857,1
1.0,0.99999535,1
1.0,0.99999595,1
1.0,0.9999976,1
1.0,0.9999751,1
1.0,0.99999416,1
1.0,0.99999094,1
1.0,0.999995,1
1.0,0.9999919,1
1.0,0.99999094,1
1.0,0.9999933,1
1.0,0.9999839,1
1.0,0.9999944,1
1.0,0.99997854,1
1.0,0.99999464,1
1.0,0.9999963,1
1.0,0.99999475,1
1.0,0.99999523,1
1.0,0.99998987,1
1.0,0.99999285,1
1.0,0.9999932,1
1.0,0.9999912,1
1.0,0.99999356,1
1.0,0.99999475,1
1.0,0.9999964,1
1.0,0.99998343,1
1.0,0.9999893,1
1.0,0.9999907,1
1.0,0.9998859,1
1.0,0.99999034,1
1.0,0.9999819,1
1.0,0.99998116,1
1.0,0.9999912,1
1.0,0.9999908,1
1.0,0.9999913,1
1.0,0.9999962,1
1.0,0.99999475,1
1.0,0.99999654,1
1.0,0.99998534,1
1.0,0.999995,1
1.0,0.9999963,1
1.0,0.9999945,1
1.0,0.99999166,1
1.0,0.99995434,1
0.0,0.039707053,1
1.0,0.99998486,1
1.0,0.99999,1
1.0,0.9999603,1
1.0,0.99989784,1
1.0,0.9999945,1
1.0,0.99999356,1
1.0,0.99999094,1
1.0,0.99999,1
1.0,0.9999877,1
1.0,0.9999888,1
1.0,0.99998903,1
1.0,0.9999893,1
1.0,0.9999937,1
1.0,0.999992,1
1.0,0.9999939,1
1.0,0.9999926,1
1.0,0.99999297,1
1.0,0.99998987,1
1.0,0.9999895,1
1.0,0.99998856,1
1.0,0.9999907,1
1.0,0.9999864,1
1.0,0.99998784,1
1.0,0.99999416,1
1.0,0.9998735,1
1.0,0.9999949,1
1.0,0.99999285,1
1.0,0.99998903,1
1.0,0.99999225,1
1.0,0.9999908,1
1.0,0.9999956,1
1.0,0.9999956,1
1.0,0.99998784,1
1.0,0.99998844,1
1.0,0.9999939,1
1.0,0.99999416,1
1.0,0.9999893,1
1.0,0.9999825,1
1.0,0.9999875,1
1.0,0.9999932,1
1.0,0.9999927,1
1.0,0.99999106,1
1.0,0.9999871,1
1.0,0.99999607,1
1.0,0.99999475,1
1.0,0.9999927,1
1.0,0.9999926,1
1.0,0.9999677,1
1.0,0.9998311,1
1.0,0.9999956,1
1.0,0.99999475,1
1.0,0.99999094,1
1.0,0.9914043,1
1.0,0.9999851,1
1.0,0.9999813,1
1.0,0.9999809,1
1.0,0.9999908,1
1.0,0.99999404,1
1.0,0.99999535,1
1.0,0.9999926,1
1.0,0.99999404,1
1.0,0.99999464,1
1.0,0.99999523,1
1.0,0.9999962,1
1.0,0.99998987,1
1.0,0.9999964,1
1.0,0.99999547,1
1.0,0.99999416,1
1.0,0.9999964,1
1.0,0.9999962,1
1.0,0.99999595,1
1.0,0.9999925,1
1.0,0.9999927,1
1.0,0.9999888,1
1.0,0.9999912,1
1.0,0.99999297,1
1.0,0.99912685,1
1.0,0.9999877,1
1.0,0.99998915,1
1.0,0.99998784,1
1.0,0.9999918,1
1.0,0.99999547,1
1.0,0.9999927,1
1.0,0.9999932,1
1.0,0.9999883,1
1.0,0.9999933,1
1.0,0.9999945,1
1.0,0.99999046,1
1.0,0.99999356,1
1.0,0.9999932,1
1.0,0.9999938,1
1.0,0.9999944,1
1.0,0.99999356,1
1.0,0.99999297,1
1.0,0.9999963,1
1.0,0.9999902,1
1.0,0.99998665,1
1.0,0.99999,1
1.0,0.9999927,1
1.0,0.9999864,1
1.0,0.9999939,1
1.0,0.9999957,1
1.0,0.9999945,1
1.0,0.9999932,1
1.0,0.9999839,1
1.0,0.9999919,1
1.0,0.9999877,1
1.0,0.9999943,1
1.0,0.9999896,1
1.0,0.9999814,1
1.0,0.9999939,1
1.0,0.99999166,1
1.0,0.9999945,1
1.0,0.9999939,1
1.0,0.9999889,1
1.0,0.99998796,1
1.0,0.9999839,1
1.0,0.99999416,1
1.0,0.9999957,1
1.0,0.9999932,1
1.0,0.99999654,1
1.0,0.9999949,1
1.0,0.9999956,1
1.0,0.99999285,1
1.0,0.9999945,1
1.0,0.9999912,1
1.0,0.9999846,1
1.0,0.99998105,1
1.0,0.99998736,1
1.0,0.99999166,1
1.0,0.9999938,1
1.0,0.9999937,1
1.0,0.99999475,1
1.0,0.99999285,1
1.0,0.9999932,1
1.0,0.9999931,1
1.0,0.99999285,1
1.0,0.9999908,1
1.0,0.99998796,1
1.0,0.99996126,1
1.0,0.9999926,1
1.0,0.99998295,1
0.0,0.37985885,1
1.0,0.9999943,1
1.0,0.99998116,1
1.0,0.99999344,1
1.0,0.9974463,1
1.0,0.99999595,1
1.0,0.9999944,1
1.0,0.99999523,1
1.0,0.9999906,1
1.0,0.99999416,1
1.0,0.99998534,1
1.0,0.9999945,1
1.0,0.99998415,1
1.0,0.99999344,1
1.0,0.9999937,1
1.0,0.9999957,1
1.0,0.999908,1
1.0,0.99999356,1
1.0,0.99999094,1
1.0,0.99998116,1
1.0,0.9999783,1
1.0,0.99998903,1
1.0,0.9999919,1
1.0,0.9999913,1
1.0,0.99998915,1
1.0,0.9999963,1
1.0,0.99999547,1
0.0,1.6244461e-05,0
0.0,5.105116e-05,0
0.0,1.8959976e-05,0
0.0,7.977867e-06,0
0.0,1.2249645e-05,0
0.0,0.00017343066,0
0.0,0.37960842,0
0.0,0.0004866136,0
0.0,3.9481524e-06,0
0.0,5.9577313e-05,0
0.0,2.3972314e-05,0
0.0,4.822799e-05,0
0.0,4.6696996e-06,0
0.0,7.2251687e-06,0
1.0,0.8168922,0
0.0,0.00038479376,0
0.0,1.3495452e-05,0
0.0,5.6571036e-05,0
0.0,4.579154e-05,0
0.0,1.8844754e-05,0
0.0,6.323818e-05,0
0.0,2.9822631e-06,0
0.0,1.3737575e-05,0
0.0,6.5115666e-05,0
1.0,0.99993587,0
0.0,3.0980013e-05,0
0.0,4.421238e-05,0
0.0,2.2786651e-05,0
0.0,3.2149415e-05,0
0.0,0.0014469657,0
0.0,3.370635e-05,0
0.0,4.457183e-05,0
0.0,7.7430595e-05,0
0.0,8.936525e-06,0
1.0,0.5777215,0
0.0,0.014556003,0
0.0,2.0421216e-05,0
0.0,1.0573092e-05,0
0.0,0.009684612,0
0.0,0.00015861791,0
0.0,2.6450505e-05,0
0.0,0.061857585,0
0.0,1.0735784e-05,0
0.0,1.6637037e-05,0
1.0,0.955797,0
0.0,5.318117e-05,0
0.0,0.0002730994,0
0.0,5.246157e-05,0
0.0,7.5520425e-06,0
0.0,0.0005531908,0
0.0,1.2492696e-05,0
0.0,8.153537e-06,0
0.0,2.1778785e-06,0
0.0,2.7736885e-05,0
0.0,0.00038631764,0
0.0,4.4863005e-05,0
0.0,2.5704516e-05,0
0.0,0.08520734,0
0.0,0.00020046519,0
1.0,0.99991846,0
0.0,7.553692e-06,0
0.0,0.00018772313,0
0.0,2.4450734e-05,0
0.0,2.2122165e-05,0
0.0,1.0872136e-05,0
0.0,3.2715245e-05,0
0.0,0.00010099021,0
0.0,9.990019e-06,0
0.0,1.993843e-05,0
0.0,6.552037e-06,0
0.0,2.0341058e-05,0
0.0,7.694341e-06,0
0.0,1.1695546e-05,0
1.0,0.99928087,0
0.0,3.4823828e-05,0
1.0,0.769701,0
0.0,5.989084e-06,0
0.0,1.3197174e-05,0
0.0,3.7692374e-05,0
0.0,0.15809144,0
0.0,0.36193445,0
0.0,0.02290579,0
0.0,9.4506315e-05,0
0.0,1.8985054e-05,0
1.0,0.80800784,0
0.0,2.0753558e-05,0
1.0,0.6705568,0
0.0,1.0120528e-05,0
0.0,0.0020467036,0
0.0,6.400725e-05,0
0.0,6.1605235e-05,0
0.0,9.97471e-06,0
0.0,1.0904639e-05,0
0.0,7.205051e-06,0
0.0,4.30431e-06,0
0.0,0.000118324,0
0.0,1.2776906e-05,0
0.0,1.1500377e-05,0
0.0,2.0849533e-05,0
0.0,5.546294e-06,0
1.0,0.9999645,0
0.0,1.7947606e-05,0
0.0,0.00015044084,0
0.0,0.000105075276,0
0.0,5.586947e-05,0
0.0,3.4215394e-05,0
0.0,4.6905578e-05,0
0.0,8.740092e-06,0
0.0,0.00012131135,0
1.0,0.994816,0
0.0,0.004889612,0
0.0,8.199819e-05,0
1.0,0.9994504,0
0.0,0.00016280111,0
0.0,4.1036506e-05,0
0.0,6.194785e-05,0
0.0,2.9045967e-05,0
0.0,0.007810204,0
0.0,3.552856e-05,0
0.0,0.12136578,0
0.0,6.829614e-06,0
0.0,5.0835166e-05,0
0.0,0.0012328184,0
0.0,1.5625434e-05,0
0.0,4.438122e-05,0
0.0,9.558711e-06,0
0.0,3.775162e-05,0
0.0,4.7600057e-05,0
0.0,0.0007724889,0
0.0,1.2112015e-05,0
0.0,4.1055882e-05,0
0.0,0.00016684993,0
0.0,2.0211193e-05,0
0.0,0.009045578,0
0.0,2.8963816e-05,0
0.0,2.5814694e-05,0
1.0,0.99996316,0
0.0,7.918584e-06,0
0.0,5.8999383e-05,0
0.0,1.7196706e-05,0
1.0,0.996775,0
0.0,4.4838114e-05,0
0.0,1.4303321e-05,0
0.0,7.813391e-06,0
0.0,1.1172751e-05,0
0.0,8.182701e-06,0
0.0,3.9634964e-05,0
0.0,8.49731e-05,0
0.0,1.5629515e-05,0
0.0,1.4153141e-05,0
0.0,2.3059007e-05,0
0.0,7.717025e-05,0
0.0,1.9913687e-05,0
0.0,6.771239e-06,0
0.0,0.00019817796,0
0.0,1.592319e-05,0
0.0,2.1254378e-05,0
0.0,0.00058782025,0
0.0,9.991619e-06,0
0.0,8.523482e-06,0
0.0,9.041796e-06,0
0.0,3.9509898e-05,0
0.0,0.0001057427,0
0.0,4.8928567e-05,0
0.0,0.07740116,0
0.0,1.1220258e-05,0
0.0,0.00013860862,0
0.0,0.18055344,0
0.0,1.1485097e-05,0
0.0,2.5465457e-05,0
1.0,0.99998176,0
0.0,3.0058143e-06,0
0.0,3.145304e-05,0
0.0,0.011750048,0
0.0,1.2859811e-05,0
1.0,0.9999765,0
0.0,7.595821e-06,0
0.0,2.1110307e-05,0
0.0,1.58398e-05,0
0.0,2.7979706e-05,0
0.0,5.3615833e-05,0
0.0,3.7953552e-05,0
0.0,3.3753895e-05,0
0.0,3.5965448e-05,0
0.0,7.795835e-06,0
0.0,1.0025877e-05,0
0.0,6.362064e-05,0
0.0,1.9148007e-05,0
0.0,0.0009509596,0
0.0,2.0715297e-05,0
0.0,6.672651e-05,0
0.0,0.15396073,0
0.0,7.260993e-05,0
0.0,2.0076455e-05,0
0.0,5.860003e-05,0
0.0,0.00010633737,0
0.0,2.218098e-05,0
0.0,2.8987968e-05,0
0.0,0.4475653,0
0.0,7.38928e-05,0
0.0,7.3866664e-05,0
1.0,0.9999864,0
0.0,9.710652e-05,0
0.0,6.183076e-05,0
0.0,0.0002890181,0
0.0,0.000103710125,0
0.0,2.3120338e-06,0
0.0,6.9676503e-06,0
0.0,0.03801112,0
0.0,4.2445492e-05,0
0.0,2.3321401e-05,0
0.0,0.00010759531,0
0.0,7.3697106e-06,0
0.0,1.459415e-05,0
1.0,0.999926,0
0.0,9.31992e-06,0
0.0,2.402706e-05,0
0.0,4.6603192e-05,0
1.0,0.9999459,0
0.0,2.1984792e-05,0
0.0,2.4786717e-05,0
0.0,2.3504155e-05,0
0.0,2.7656355e-05,0
0.0,2.1728956e-05,0
0.0,2.8427632e-05,0
0.0,5.965416e-06,0
0.0,2.9930772e-05,0
0.0,1.3750157e-05,0
0.0,4.1979503e-05,0
0.0,5.9999174e-06,0
0.0,5.1606818e-05,0
1.0,0.9945697,0
0.0,2.0928757e-05,0
0.0,5.0564427e-06,0
0.0,1.0862466e-05,0
0.0,1.2808528e-05,0
0.0,1.0107295e-05,0
0.0,0.000109413384,0
0.0,3.0383548e-05,0
0.0,2.8627399e-05,0
0.0,2.0067037e-05,0
0.0,4.5776607e-05,0
0.0,3.4237037e-05,0
0.0,2.7074879e-05,0
0.0,2.3822653e-05,0
0.0,5.359723e-05,0
0.0,1.6938788e-05,0
0.0,2.1134078e-05,0
0.0,0.00047789235,0
0.0,0.025179941,0
0.0,2.04538e-05,0
0.0,3.8848557e-05,0
0.0,4.0251187e-05,0
0.0,4.742823e-05,0
0.0,0.00013853807,0
0.0,9.8006285e-06,0
0.0,2.0984278e-05,0
0.0,0.3130939,0
0.0,0.43235564,0
0.0,0.0105128735,0
1.0,0.89959365,0
0.0,5.656596e-06,0
0.0,2.799663e-05,0
0.0,5.028211e-06,0
0.0,3.7536265e-05,0
0.0,3.6899767e-06,0
0.0,5.5229543e-06,0
0.0,4.4063163e-05,0
1.0,0.99962485,0
0.0,5.4455277e-06,0
0.0,0.00010496902,0
0.0,2.59961e-06,0
0.0,2.9591925e-05,0
0.0,2.7391015e-05,0
0.0,1.24251155e-05,0
1.0,0.99999535,1
1.0,0.99999595,1
1.0,0.99979264,1
1.0,0.9999944,1
1.0,0.9993222,1
1.0,0.99999523,1
1.0,0.9999963,1
1.0,0.9999951,1
1.0,0.9999924,1
1.0,0.99999166,1
1.0,0.9999931,1
1.0,0.9999809,1
1.0,0.9999876,1
1.0,0.99998,1
1.0,0.9999896,1
1.0,0.9999871,1
1.0,0.99999607,1
1.0,0.9999963,1
1.0,0.9999957,1
1.0,0.99999034,1
1.0,0.99999607,1
1.0,0.9999956,1
1.0,0.99999046,1
1.0,0.99998415,1
1.0,0.9999207,1
1.0,0.99998,1
1.0,0.99999285,1
1.0,0.9999932,1
1.0,0.999995,1
1.0,0.9999943,1
1.0,0.9999932,1
1.0,0.9999945,1
1.0,0.99999356,1
1.0,0.9999943,1
1.0,0.9999964,1
1.0,0.9999958,1
1.0,0.9999963,1
1.0,0.99999714,1
1.0,0.99998116,1
1.0,0.99999297,1
1.0,0.9999901,1
1.0,0.99999595,1
1.0,0.9999958,1
1.0,0.99999416,1
1.0,0.9999918,1
1.0,0.9999888,1
1.0,0.99998367,1
1.0,0.9999809,1
1.0,0.9999826,1
1.0,0.9999914,1
1.0,0.99999166,1
1.0,0.9999949,1
1.0,0.9999937,1
1.0,0.99998474,1
1.0,0.9999906,1
1.0,0.9999901,1
1.0,0.9999914,1
1.0,0.9999907,1
1.0,0.99999297,1
1.0,0.99999535,1
1.0,0.9999949,1
1.0,0.99999523,1
1.0,0.999995,1
1.0,0.9999753,1
1.0,0.9999943,1
1.0,0.99999094,1
1.0,0.99999,1
1.0,0.9999949,1
1.0,0.99999344,1
1.0,0.9999956,1
1.0,0.9999957,1
1.0,0.9999871,1
1.0,0.9999968,1
1.0,0.9999951,1
1.0,0.999997,1
1.0,0.999995,1
1.0,0.9999844,1
1.0,0.9999925,1
1.0,0.99999416,1
1.0,0.9999937,1
1.0,0.9999956,1
0.0,0.26664093,1
1.0,0.9999943,1
1.0,0.9999931,1
1.0,0.9999919,1
1.0,0.9999945,1
1.0,0.9999963,1
1.0,0.9999958,1
1.0,0.9999914,1
1.0,0.9999864,1
1.0,0.9999914,1
1.0,0.9999869,1
1.0,0.9999926,1
1.0,0.99998605,1
1.0,0.9999889,1
1.0,0.99998236,1
1.0,0.9999906,1
1.0,0.9999949,1
1.0,0.99999464,1
1.0,0.9999864,1
1.0,0.9999944,1
1.0,0.9999932,1
1.0,0.99994826,1
1.0,0.99999166,1
1.0,0.9999918,1
1.0,0.9999933,1
1.0,0.9999833,1
1.0,0.9999893,1
1.0,0.99999213,1
1.0,0.9999963,1
1.0,0.9999733,1
1.0,0.999997,1
1.0,0.9999933,1
0.0,3.4730667e-05,1
0.0,3.4730667e-05,1
0.0,3.4730667e-05,1
0.0,3.4730667e-05,1
1.0,0.9999932,1
1.0,0.9999926,1
1.0,0.9999944,1
1.0,0.99999297,1
1.0,0.9999926,1
1.0,0.99998987,1
1.0,0.9999932,1
1.0,0.99998975,1
1.0,0.99999475,1
1.0,0.99999523,1
1.0,0.9999926,1
1.0,0.9999902,1
1.0,0.99998415,1
1.0,0.9999894,1
1.0,0.999992,1
1.0,0.99999344,1
1.0,0.9999943,1
1.0,0.9999908,1
1.0,0.99999535,1
1.0,0.9999913,1
1.0,0.999992,1
1.0,0.999992,1
1.0,0.99999154,1
1.0,0.9999517,1
1.0,0.99998593,1
0.0,0.0039341217,1
0.0,0.0036896018,1
1.0,0.99999416,1
1.0,0.99996924,1
1.0,0.99999166,1
1.0,0.99999297,1
1.0,0.99999464,1
1.0,0.99999034,1
1.0,0.9999876,1
1.0,0.9999529,1
1.0,0.9999933,1
1.0,0.9999944,1
1.0,0.99999464,1
1.0,0.9999933,1
1.0,0.99999356,1
1.0,0.9999969,1
1.0,0.9999964,1
1.0,0.9999939,1
1.0,0.99999595,1
1.0,0.9999912,1
1.0,0.9999957,1
1.0,0.9999968,1
1.0,0.9999964,1
1.0,0.9999964,1
1.0,0.99999475,1
1.0,0.99999464,1
1.0,0.99999714,1
1.0,0.99999666,1
1.0,0.9999964,1
1.0,0.9999962,1
1.0,0.9999958,1
1.0,0.9999951,1
1.0,0.9999969,1
1.0,0.9999945,1
1.0,0.9999962,1
1.0,0.99999607,1
1.0,0.99967706,1
1.0,0.99999523,1
1.0,0.9999924,1
1.0,0.9999801,1
1.0,0.99999535,1
1.0,0.9999926,1
1.0,0.9999893,1
1.0,0.999995,1
1.0,0.99999404,1
1.0,0.99999225,1
1.0,0.99999666,1
1.0,0.99999416,1
1.0,0.9999796,1
1.0,0.9999931,1
1.0,0.9999958,1
1.0,0.99999523,1
1.0,0.99999297,1
1.0,0.99998033,1
1.0,0.9999949,1
1.0,0.99999166,1
1.0,0.99999285,1
1.0,0.9999932,1
1.0,0.99999404,1
1.0,0.99999356,1
1.0,0.9999814,1
1.0,0.9999914,1
1.0,0.9994809,1
1.0,0.9999931,1
1.0,0.9999944,1
1.0,0.9999908,1
1.0,0.9999933,1
1.0,0.9999912,1
1.0,0.9999931,1
1.0,0.99999285,1
1.0,0.99999297,1
1.0,0.9999895,1
1.0,0.99998903,1
0.0,0.00042312496,1
1.0,0.9999925,1
1.0,0.99999166,1
1.0,0.9999918,1
1.0,0.99999225,1
1.0,0.999995,1
1.0,0.9999951,1
1.0,0.99999404,1
1.0,0.9999956,1
1.0,0.9999968,1
1.0,0.999997,1
1.0,0.99999595,1
1.0,0.99999595,1
1.0,0.9999968,1
1.0,0.99999547,1
1.0,0.9999933,1
1.0,0.9999964,1
1.0,0.9999914,1
1.0,0.99998856,1
1.0,0.99998474,1
1.0,0.9999857,1
1.0,0.9999951,1
1.0,0.9999945,1
1.0,0.99999523,1
1.0,0.99999535,1
1.0,0.99999464,1
1.0,0.9999931,1
1.0,0.9999919,1
1.0,0.9999926,1
1.0,0.9999958,1
1.0,0.9999949,1
1.0,0.99999475,1
1.0,0.9999938,1
1.0,0.99999106,1
1.0,0.99999356,1
1.0,0.9999919,1
1.0,0.9999914,1
1.0,0.9999962,1
1.0,0.9999951,1
1.0,0.9999958,1
1.0,0.9999962,1
1.0,0.999992,1
1.0,0.9999901,1
1.0,0.99999595,1
1.0,0.9999949,1
1.0,0.9999957,1
1.0,0.99999523,1
1.0,0.99999464,1
1.0,0.99998677,1
1.0,0.9999782,1
1.0,0.9999937,1
1.0,0.9999931,1
1.0,0.9999924,1
1.0,0.9999746,1
1.0,0.9999771,1
1.0,0.9999865,1
1.0,0.99998474,1
1.0,0.9999893,1
1.0,0.99998975,1
1.0,0.9999933,1
1.0,0.99999213,1
1.0,0.9999932,1
1.0,0.9999925,1
1.0,0.9999943,1
1.0,0.99999106,1
1.0,0.9999733,1
1.0,0.9999919,1
1.0,0.9999918,1
1.0,0.9999912,1
1.0,0.9999865,1
1.0,0.99999464,1
1.0,0.9999951,1
1.0,0.9999696,1
1.0,0.9999906,1
1.0,0.99999285,1
1.0,0.99999106,1
1.0,0.99999535,1
1.0,0.99999607,1
1.0,0.99998593,1
1.0,0.9999851,1
1.0,0.9999918,1
1.0,0.9999949,1
1.0,0.99999475,1
1.0,0.9999937,1
1.0,0.9999937,1
1.0,0.9999851,1
1.0,0.99995756,1
1.0,0.9996928,1
0.0,3.4730667e-05,1
1.0,0.9999956,1
1.0,0.99999404,1
1.0,0.9999938,1
1.0,0.99999523,1
1.0,0.99999464,1
1.0,0.9999902,1
0.0,0.026197279,1
1.0,0.9999962,1
1.0,0.9999932,1
1.0,0.99999356,1
1.0,0.9999945,1
1.0,0.99998057,1
1.0,0.999995,1
1.0,0.99999416,1
1.0,0.9999958,1
1.0,0.9999933,1
1.0,0.99999607,1
1.0,0.999995,1
1.0,0.9999969,1
1.0,0.9999956,1
1.0,0.999995,1
1.0,0.9999949,1
1.0,0.99999535,1
1.0,0.99995077,1
1.0,0.99999595,1
1.0,0.9999937,1
1.0,0.999995,1
1.0,0.999995,1
1.0,0.9999839,1
1.0,0.9999517,1
0.0,0.01395518,1
1.0,0.9999676,1
0.0,2.1906311e-05,0
0.0,0.00013948238,0
0.0,2.0287202e-05,0
0.0,4.834818e-06,0
0.0,1.2650157e-05,0
0.0,2.6365486e-05,0
0.0,4.7344547e-05,0
0.0,2.5117686e-05,0
0.0,1.3438916e-05,0
0.0,1.0079803e-05,0
0.0,0.0001026079,0
0.0,1.9692656e-05,0
1.0,0.9999639,0
0.0,1.2125167e-05,0
0.0,1.8058381e-05,0
1.0,0.99997044,0
0.0,5.8986894e-05,0
0.0,2.1649983e-05,0
0.0,6.420832e-06,0
0.0,1.7419201e-05,0
0.0,4.2316383e-06,0
0.0,3.4702723e-05,0
0.0,0.0001227525,0
0.0,2.670699e-05,0
0.0,8.397888e-06,0
0.0,2.659691e-05,0
0.0,3.954284e-05,0
0.0,6.500837e-06,0
0.0,5.3341268e-05,0
1.0,0.8545984,0
0.0,5.761956e-05,0
0.0,8.603377e-06,0
1.0,0.997361,0
0.0,2.9762097e-05,0
0.0,0.240236,0
0.0,0.00012023973,0
1.0,0.9631937,0
0.0,8.658061e-06,0
0.0,8.104187e-06,0
0.0,5.1152115e-06,0
1.0,0.92824894,0
0.0,1.6856056e-05,0
0.0,3.2304738e-06,0
0.0,9.565459e-06,0
0.0,1.6026695e-05,0
0.0,0.02106624,0
0.0,9.669871e-06,0
0.0,0.000104545776,0
0.0,2.9523942e-06,0
0.0,6.240669e-06,0
0.0,8.633624e-06,0
0.0,3.4587647e-05,0
0.0,0.000115588206,0
0.0,1.9938354e-05,0
0.0,2.4949428e-05,0
0.0,1.1748466e-05,0
0.0,0.00010707854,0
0.0,1.9363852e-05,0
0.0,4.543945e-05,0
0.0,1.8794964e-05,0
0.0,2.3522989e-05,0
0.0,3.95491e-05,0
0.0,2.0417476e-05,0
0.0,5.430644e-06,0
0.0,6.483621e-05,0
0.0,2.9860097e-05,0
0.0,1.987665e-05,0
0.0,1.4514215e-05,0
0.0,6.726412e-05,0
0.0,4.7746988e-05,0
0.0,9.082589e-06,0
0.0,0.4583862,0
0.0,8.688803e-05,0
0.0,1.5447898e-05,0
0.0,0.0020930963,0
0.0,1.6108672e-05,0
0.0,6.9409293e-06,0
0.0,0.0010513979,0
0.0,4.4642697e-05,0
0.0,2.5913703e-05,0
0.0,7.948769e-05,0
0.0,3.937877e-05,0
0.0,1.7240465e-05,0
0.0,6.1142055e-05,0
0.0,2.4605655e-05,0
0.0,0.30920294,0
1.0,0.999871,0
0.0,3.5465866e-05,0
0.0,8.813196e-06,0
1.0,0.9998709,0
0.0,9.912314e-06,0
1.0,0.99828583,0
0.0,5.5462533e-05,0
0.0,3.394512e-05,0
0.0,1.7465842e-05,0
0.0,1.0691675e-05,0
0.0,2.0098176e-05,0
0.0,3.355379e-05,0
0.0,0.0001241588,0
0.0,9.797656e-05,0
0.0,5.698041e-05,0
0.0,9.095469e-06,0
0.0,6.1490746e-06,0
0.0,9.022889e-06,0
0.0,0.00011844977,0
0.0,1.7637105e-05,0
0.0,0.008288952,0
0.0,2.4271476e-05,0
0.0,4.195445e-05,0
0.0,0.00025374646,0
0.0,8.078694e-05,0
0.0,2.0318492e-05,0
0.0,1.03444045e-05,0
0.0,3.4098455e-05,0
0.0,1.8681565e-05,0
0.0,9.848899e-06,0
0.0,5.8268724e-06,0
0.0,1.1071247e-05,0
0.0,0.00011601776,0
0.0,4.681267e-05,0
0.0,1.0744869e-05,0
0.0,2.336519e-05,0
0.0,9.042106e-06,0
0.0,1.0274393e-05,0
0.0,1.526611e-05,0
0.0,2.408733e-05,0
0.0,0.00013266859,0
0.0,0.15325029,0
0.0,4.1434478e-06,0
0.0,6.1392893e-06,0
0.0,3.7821024e-05,0
0.0,1.5937623e-05,0
0.0,1.5088587e-05,0
0.0,1.0124794e-05,0
0.0,8.747088e-06,0
0.0,8.232876e-06,0
0.0,1.024295e-05,0
0.0,2.3146738e-05,0
0.0,4.895384e-06,0
0.0,0.00024215617,0
0.0,3.4730667e-05,0
0.0,5.1982493e-05,0
0.0,1.051413e-05,0
0.0,2.9944554e-06,0
0.0,2.901789e-06,0
0.0,1.2328895e-05,0
0.0,3.1356042e-06,0
0.0,1.3738125e-05,0
0.0,1.3890137e-05,0
0.0,1.649448e-05,0
0.0,3.3625543e-05,0
0.0,6.0333687e-06,0
0.0,1.0922164e-05,0
0.0,2.4500496e-05,0
0.0,3.0469e-05,0
1.0,0.7571163,0
0.0,6.256338e-05,0
1.0,0.99145097,0
0.0,7.614954e-06,0
1.0,0.73872584,0
0.0,0.00033151713,0
0.0,7.1848954e-05,0
0.0,9.46981e-06,0
0.0,1.6425754e-05,0
1.0,0.99320847,0
1.0,0.99990904,0
1.0,0.9989041,0
0.0,2.5428813e-05,0
0.0,2.1707458e-05,0
0.0,2.484785e-05,0
0.0,2.75212e-05,0
0.0,6.8084155e-05,0
0.0,2.9394565e-05,0
0.0,9.118888e-05,0
0.0,1.4615276e-05,0
1.0,0.99993956,0
0.0,2.8802242e-05,0
0.0,3.1632502e-05,0
0.0,8.906049e-06,0
0.0,1.0156361e-05,0
0.0,0.014795789,0
0.0,0.00086589024,0
0.0,8.2674196e-05,0
0.0,9.408236e-05,0
0.0,0.00010284298,0
0.0,8.222464e-06,0
0.0,0.46967676,0
0.0,3.5096848e-05,0
1.0,0.99995697,0
1.0,0.86716175,0
0.0,0.0013254792,0
0.0,1.1003671e-05,0
0.0,2.5403617e-06,0
0.0,9.219861e-05,0
0.0,0.00018192478,0
0.0,7.2350294e-06,0
0.0,2.6860928e-06,0
0.0,3.8837996e-05,0
0.0,2.986787e-05,0
0.0,1.1570815e-05,0
0.0,4.4737655e-05,0
0.0,3.88523e-06,0
0.0,5.8898087e-05,0
0.0,6.605604e-06,0
0.0,2.000757e-05,0
0.0,2.520501e-06,0
0.0,6.629124e-06,0
0.0,5.3837888e-05,0
0.0,3.7852413e-05,0
0.0,2.279602e-05,0
0.0,5.207344e-05,0
0.0,1.760588e-05,0
1.0,0.9996865,0
0.0,2.3785808e-05,0
0.0,7.2897856e-06,0
0.0,2.508779e-05,0
0.0,3.732769e-05,0
0.0,9.0212234e-05,0
0.0,0.009918281,0
0.0,3.697461e-05,0
0.0,7.2075556e-05,0
0.0,2.9000163e-05,0
0.0,6.2323898e-06,0
0.0,7.573585e-06,0
0.0,1.3320329e-05,0
0.0,2.0736605e-05,0
0.0,4.956982e-05,0
0.0,2.1475116e-05,0
0.0,5.673387e-05,0
0.0,1.16102765e-05,0
0.0,3.1866548e-05,0
0.0,2.081135e-05,0
0.0,1.7934368e-05,0
0.0,0.00049802224,0
0.0,6.628663e-05,0
0.0,3.9894036e-05,0
0.0,1.0669703e-05,0
1.0,0.89704466,0
0.0,0.0038546387,0
0.0,1.33449585e-05,0
0.0,5.298476e-05,0
0.0,3.9310958e-06,0
0.0,2.856364e-05,0
0.0,7.3785573e-06,0
0.0,1.5868482e-05,0
0.0,0.00015398262,0
0.0,1.2926442e-05,0
0.0,2.9911424e-05,0
0.0,2.8848535e-05,0
0.0,2.444957e-05,0
0.0,3.3956958e-06,0
0.0,3.7586306e-05,0
0.0,5.884935e-05,0
0.0,2.997544e-06,0
0.0,2.3405735e-05,0
0.0,0.00012576612,0
0.0,0.007918798,0
1.0,0.9997907,0
0.0,1.6194963e-05,0
0.0,2.0971353e-05,0
1.0,0.9997712,0
0.0,3.8096747e-05,0
0.0,0.0006502269,0
0.0,1.4678889e-05,0
1.0,0.9991054,0
0.0,2.0329731e-05,0
0.0,9.9380795e-06,0
0.0,7.0994784e-06,0
0.0,1.8155011e-05,0
0.0,1.2883379e-05,0
0.0,1.965483e-05,0
0.0,1.6033695e-05,0
0.0,0.00032049898,0
0.0,4.9436417e-06,0
1.0,0.999744,0
0.0,0.00012951384,0
0.0,3.8101687e-05,0
0.0,0.00014735883,0
0.0,9.849328e-05,0
0.0,1.3261796e-05,0
1.0,0.99914145,0
0.0,4.6526648e-06,0
0.0,5.874753e-05,0
0.0,9.675147e-06,0
0.0,2.1814518e-05,0
0.0,1.3360864e-05,0
0.0,0.3300926,0
0.0,3.6186755e-06,0
0.0,5.1974264e-05,0
0.0,1.1499675e-05,0
1.0,0.9997943,0
0.0,5.8406113e-05,0
0.0,5.9433743e-05,0
0.0,1.8134833e-05,0
0.0,0.0001393327,0
0.0,1.2210201e-05,0
0.0,2.3658018e-05,0
0.0,2.1513919e-05,0
1.0,0.7332898,0
0.0,1.12684365e-05,0
0.0,4.989649e-05,0
0.0,2.1030275e-05,0
0.0,0.000121905076,0
1.0,0.9997249,0
0.0,2.1340455e-05,0
0.0,1.7291377e-05,0
0.0,0.00016725645,0
0.0,1.9958748e-05,0
0.0,2.9440629e-05,0
0.0,4.2648676e-06,0
0.0,5.783524e-06,0
0.0,3.7909092e-05,0
0.0,6.0011475e-06,0
0.0,6.5878645e-05,0
0.0,2.2197082e-05,0
0.0,0.00025180398,0
0.0,2.8347551e-05,0
0.0,4.3842523e-05,0
0.0,3.351951e-06,0
0.0,2.4145886e-05,0
1.0,0.9999949,1
1.0,0.9999963,1
1.0,0.9999925,1
1.0,0.99999654,1
0.0,2.6794389e-05,1
1.0,0.9999852,1
1.0,0.9999926,1
1.0,0.97422636,1
1.0,0.9999826,1
1.0,0.99999356,1
1.0,0.9999919,1
1.0,0.9999919,1
1.0,0.9999896,1
1.0,0.99999356,1
1.0,0.9999939,1
1.0,0.99999416,1
1.0,0.99999475,1
1.0,0.999995,1
1.0,0.99999523,1
1.0,0.9999945,1
1.0,0.99998856,1
1.0,0.9999969,1
1.0,0.9999969,1
1.0,0.9999945,1
1.0,0.9999944,1
1.0,0.9999945,1
1.0,0.99999464,1
1.0,0.9999945,1
1.0,0.99999547,1
1.0,0.9999951,1
1.0,0.99998105,1
1.0,0.9999814,1
1.0,0.99999166,1
1.0,0.9999893,1
1.0,0.9999938,1
1.0,0.9999939,1
1.0,0.9999957,1
1.0,0.9999962,1
1.0,0.99999595,1
1.0,0.9999957,1
1.0,0.9999964,1
1.0,0.9999927,1
1.0,0.9999931,1
1.0,0.999992,1
1.0,0.9999951,1
1.0,0.9999958,1
1.0,0.9999956,1
1.0,0.99999475,1
1.0,0.99999595,1
1.0,0.9999937,1
1.0,0.999985,1
1.0,0.999992,1
1.0,0.99999535,1
1.0,0.99999595,1
1.0,0.99999475,1
1.0,0.99999547,1
1.0,0.9999881,1
1.0,0.9999956,1
1.0,0.9999958,1
1.0,0.99999475,1
1.0,0.9999957,1
1.0,0.9999919,1
1.0,0.9999876,1
1.0,0.9999957,1
1.0,0.9999968,1
1.0,0.9999963,1
1.0,0.99999666,1
1.0,0.9999083,1
1.0,0.99994206,1
1.0,0.99999285,1
1.0,0.9999857,1
1.0,0.99999106,1
1.0,0.99999535,1
1.0,0.9999962,1
1.0,0.99999547,1
1.0,0.9999939,1
0.0,0.16858219,1
1.0,0.9999933,1
1.0,0.9999968,1
1.0,0.99997234,1
1.0,0.9999975,1
1.0,0.999995,1
1.0,0.9999924,1
0.0,0.26455846,1
1.0,0.99999213,1
1.0,0.9999882,1
1.0,0.999995,1
1.0,0.99999595,1
1.0,0.9999962,1
1.0,0.99999726,1
1.0,0.9999931,1
1.0,0.9999943,1
1.0,0.9999963,1
1.0,0.99999154,1
1.0,0.9999943,1
1.0,0.9999932,1
1.0,0.99998975,1
1.0,0.9999809,1
1.0,0.9999906,1
1.0,0.99031246,1
1.0,0.99999404,1
1.0,0.9999918,1
1.0,0.9999908,1
1.0,0.99999046,1
1.0,0.99999213,1
1.0,0.9999902,1
1.0,0.9999912,1
1.0,0.9999901,1
1.0,0.99998915,1
1.0,0.99998355,1
1.0,0.99997985,1
1.0,0.9999827,1
1.0,0.99999094,1
1.0,0.99999213,1
1.0,0.9999932,1
1.0,0.99999344,1
1.0,0.9999889,1
1.0,0.99999523,1
1.0,0.9999895,1
1.0,0.99998677,1
1.0,0.9999888,1
1.0,0.99999225,1
1.0,0.9999969,1
1.0,0.9999896,1
1.0,0.999992,1
1.0,0.99999356,1
1.0,0.9999801,1
1.0,0.9999927,1
1.0,0.99999344,1
1.0,0.99999,1
1.0,0.9999788,1
1.0,0.9999958,1
1.0,0.9999751,1
1.0,0.99999475,1
1.0,0.99996185,1
1.0,0.9999924,1
1.0,0.9999951,1
1.0,0.99999464,1
1.0,0.9997507,1
1.0,0.99999094,1
1.0,0.9999939,1
1.0,0.9999118,1
1.0,0.9999907,1
1.0,0.9999914,1
1.0,0.99998903,1
1.0,0.99999225,1
1.0,0.99999535,1
1.0,0.9999949,1
1.0,0.99999404,1
1.0,0.999995,1
1.0,0.9999924,1
1.0,0.9999924,1
1.0,0.999992,1
0.0,3.4730667e-05,1
0.0,3.4730667e-05,1
0.0,3.4730667e-05,1
0.0,3.4730667e-05,1
0.0,3.4730667e-05,1
0.0,3.4730667e-05,1
0.0,3.4730667e-05,1
0.0,3.4730667e-05,1
0.0,3.4730667e-05,1
0.0,3.4730667e-05,1
0.0,3.4730667e-05,1
0.0,3.4730667e-05,1
0.0,3.4730667e-05,1
0.0,3.4730667e-05,1
0.0,3.4730667e-05,1
0.0,3.4730667e-05,1
0.0,3.4730667e-05,1
0.0,3.4730667e-05,1
1.0,0.9999951,1
1.0,0.9999871,1
1.0,0.999995,1
1.0,0.9999931,1
1.0,0.99998546,1
1.0,0.9999962,1
1.0,0.99999595,1
1.0,0.9999937,1
1.0,0.99999094,1
1.0,0.9999944,1
1.0,0.9999951,1
1.0,0.99999475,1
1.0,0.99999213,1
1.0,0.99998295,1
1.0,0.99998844,1
1.0,0.9999902,1
0.0,3.4730667e-05,1
0.0,3.4730667e-05,1
0.0,3.4730667e-05,1
0.0,3.4730667e-05,1
0.0,3.4730667e-05,1
0.0,3.4730667e-05,1
1.0,0.999985,1
1.0,0.9999906,1
1.0,0.9999902,1
1.0,0.99999464,1
1.0,0.9999919,1
1.0,0.9999951,1
1.0,0.9999908,1
1.0,0.99999416,1
1.0,0.99999595,1
1.0,0.9999958,1
1.0,0.99999595,1
1.0,0.99999607,1
1.0,0.99999666,1
1.0,0.9999851,1
1.0,0.9999939,1
1.0,0.9999945,1
1.0,0.9999951,1
1.0,0.99999523,1
1.0,0.9999958,1
1.0,0.9999964,1
1.0,0.99999046,1
1.0,0.99999607,1
1.0,0.9999957,1
1.0,0.9999931,1
1.0,0.99999285,1
1.0,0.9999906,1
1.0,0.99999225,1
1.0,0.99998534,1
1.0,0.9999937,1
1.0,0.9999939,1
1.0,0.9999926,1
1.0,0.99999464,1
1.0,0.9999945,1
1.0,0.99999213,1
1.0,0.9999893,1
1.0,0.9999956,1
1.0,0.9999926,1
1.0,0.9999937,1
1.0,0.99999523,1
1.0,0.9999932,1
1.0,0.99999475,1
1.0,0.99996424,1
1.0,0.99999106,1
1.0,0.99999535,1
1.0,0.9999956,1
1.0,0.99999666,1
1.0,0.99999416,1
1.0,0.9999944,1
1.0,0.99999666,1
1.0,0.99999464,1
1.0,0.9999964,1
1.0,0.9999951,1
1.0,0.9999958,1
1.0,0.99999595,1
1.0,0.9999819,1
1.0,0.9999931,1
1.0,0.999992,1
1.0,0.99999404,1
1.0,0.99999547,1
1.0,0.99998856,1
1.0,0.9999918,1
1.0,0.9999924,1
1.0,0.99999046,1
1.0,0.9999907,1
1.0,0.9999924,1
1.0,0.99999,1
1.0,0.99999416,1
1.0,0.9999937,1
1.0,0.9999933,1
1.0,0.9999963,1
1.0,0.99999285,1
1.0,0.99999344,1
1.0,0.99999213,1
0.0,0.0033719605,1
1.0,0.9999862,1
1.0,0.99999475,1
1.0,0.9999949,1
1.0,0.9999939,1
1.0,0.9999746,1
1.0,0.99998164,1
1.0,0.99999034,1
1.0,0.9999888,1
1.0,0.9999875,1
1.0,0.999984,1
1.0,0.99999464,1
1.0,0.9999862,1
1.0,0.99999464,1
1.0,0.9999937,1
1.0,0.9999963,1
1.0,0.9999958,1
1.0,0.9999962,1
1.0,0.99999607,1
1.0,0.99999464,1
1.0,0.99999285,1
1.0,0.9999944,1
1.0,0.9999852,1
1.0,0.9999906,1
1.0,0.99998677,1
1.0,0.9999896,1
1.0,0.999918,1
1.0,0.9999474,1
0.0,0.033194456,1
1.0,0.9999901,1
1.0,0.9999938,1
1.0,0.99999547,1
1.0,0.99999154,1
1.0,0.99997365,1
1.0,0.9999733,1
1.0,0.99999106,1
1.0,0.99999166,1
1.0,0.999236,1
1.0,0.9999949,1
1.0,0.9999949,1
1.0,0.9999937,1
1.0,0.9999763,1
1.0,0.99999094,1
1.0,0.9999957,1
1.0,0.9999944,1
1.0,0.9999931,1
1.0,0.99999416,1
1.0,0.9999932,1
1.0,0.99999523,1
1.0,0.9999944,1
1.0,0.99999166,1
1.0,0.9999907,1
1.0,0.999995,1
1.0,0.99998844,1
1.0,0.9998715,1
1.0,0.9999933,1
1.0,0.9999924,1
1.0,0.9999894,1
1.0,0.99998534,1
1.0,0.9999511,1
1.0,0.9999938,1
1.0,0.99993527,1
1.0,0.99989104,1
1.0,0.99999595,1
1.0,0.999995,1
1.0,0.9999933,1
1.0,0.99999535,1
1.0,0.99999356,1
1.0,0.9999938,1
1.0,0.9999943,1
1.0,0.99997604,1
1.0,0.99999213,1
1.0,0.99999464,1
1.0,0.9999918,1
1.0,0.99999046,1
1.0,0.9999919,1
1.0,0.9999957,1
1.0,0.99999464,1
1.0,0.9999943,1
1.0,0.99953926,1
1.0,0.9999938,1
0.0,0.00024714446,1
1.0,0.99998796,1
1.0,0.9999242,1
1.0,0.9999875,1
0.0,4.544708e-05,0
0.0,2.0569485e-05,0
0.0,6.685568e-05,0
0.0,1.9373843e-05,0
0.0,2.72311e-05,0
0.0,5.9166498e-05,0
0.0,0.0013794445,0
0.0,5.8844184e-05,0
0.0,9.897635e-06,0
0.0,4.0662376e-06,0
0.0,2.4700661e-05,0
0.0,5.1280385e-05,0
1.0,0.99997115,0
0.0,0.0003987145,0
0.0,3.8961156e-05,0
0.0,2.6760554e-05,0
0.0,0.00022949051,0
0.0,0.010741985,0
1.0,0.95159084,0
0.0,1.9734955e-05,0
0.0,1.46572775e-05,0
0.0,1.866454e-05,0
0.0,9.779819e-05,0
0.0,4.9042457e-05,0
1.0,0.99988604,0
0.0,1.1160739e-05,0
1.0,0.99993,0
1.0,0.99993634,0
0.0,0.00011273243,0
0.0,5.940573e-06,0
1.0,0.94265485,0
0.0,1.208813e-05,0
0.0,3.407417e-05,0
0.0,0.000115366325,0
0.0,3.4730667e-05,0
0.0,3.9058286e-05,0
0.0,6.0132686e-05,0
0.0,2.32362e-05,0
0.0,1.7724244e-05,0
0.0,2.266342e-06,0
0.0,2.8485569e-05,0
0.0,8.773203e-06,0
0.0,2.4429059e-05,0
1.0,0.9999757,0
0.0,9.429693e-05,0
0.0,3.469915e-05,0
0.0,5.113358e-06,0
0.0,5.478646e-05,0
0.0,3.945207e-05,0
0.0,3.477693e-05,0
0.0,2.3304263e-05,0
0.0,2.3457687e-05,0
0.0,4.826107e-06,0
0.0,0.000120867044,0
0.0,2.7734717e-05,0
0.0,1.4789459e-05,0
0.0,1.2566207e-05,0
0.0,3.8845996e-05,0
0.0,3.460058e-05,0
0.0,6.3335306e-06,0
0.0,5.2139778e-05,0
0.0,4.7543435e-05,0
0.0,4.0364216e-06,0
0.0,4.2026764e-05,0
0.0,0.000268001,0
0.0,9.9150375e-06,0
0.0,0.00047707694,0
0.0,3.2875374e-05,0
0.0,0.0008711807,0
0.0,6.415892e-06,0
0.0,4.729861e-06,0
0.0,0.0006066548,0
0.0,0.000260279,0
0.0,4.924162e-05,0
0.0,0.30391812,0
0.0,1.8600253e-05,0
0.0,6.138728e-06,0
0.0,2.6642301e-05,0
0.0,3.8291288e-05,0
1.0,0.99904794,0
0.0,8.299251e-06,0
0.0,3.1382457e-05,0
0.0,5.870664e-06,0
0.0,3.5805326e-05,0
0.0,0.002029649,0
0.0,3.4730667e-05,0
0.0,1.7175496e-05,0
0.0,0.26284868,0
0.0,4.4835037e-05,0
1.0,0.9998956,0
0.0,2.297016e-05,0
0.0,1.6481776e-05,0
0.0,2.2312006e-05,0
0.0,5.6360427e-06,0
0.0,3.4593126e-05,0
0.0,5.907895e-06,0
0.0,0.05172727,0
0.0,1.3878262e-05,0
1.0,0.8138128,0
0.0,3.5791156e-05,0
0.0,3.4730667e-05,0
0.0,3.4730667e-05,0
0.0,0.0008660874,0
1.0,0.9999893,0
0.0,0.0036419115,0
0.0,7.140287e-05,0
0.0,5.232387e-05,0
0.0,0.00018364828,0
0.0,0.00019671163,0
0.0,2.9168046e-05,0
0.0,2.6690515e-05,0
0.0,3.040291e-05,0
0.0,2.2418095e-05,0
0.0,6.618114e-05,0
0.0,9.62699e-05,0
0.0,4.2461037e-05,0
0.0,5.079049e-05,0
0.0,0.00013742146,0
0.0,2.2689052e-05,0
0.0,1.1831421e-05,0
0.0,1.3132731e-05,0
0.0,0.0005210742,0
0.0,3.0400242e-05,0
0.0,3.8422826e-05,0
1.0,0.9996182,0
0.0,4.4287866e-05,0
0.0,8.543705e-05,0
0.0,5.0502595e-06,0
0.0,2.0802481e-05,0
0.0,7.0563065e-06,0
1.0,0.9999473,0
0.0,4.8822196e-05,0
0.0,5.4298634e-05,0
0.0,2.3224435e-05,0
0.0,3.0490364e-05,0
0.0,0.0017292752,0
0.0,1.3546954e-05,0
0.0,3.4730667e-05,0
0.0,2.0756805e-05,0
0.0,5.6279005e-06,0
0.0,1.1741165e-05,0
0.0,0.000103952894,0
0.0,3.4730667e-05,0
0.0,4.119888e-05,0
0.0,4.3725613e-05,0
0.0,0.0016592456,0
0.0,6.693649e-06,0
0.0,3.4730667e-05,0
0.0,3.4730667e-05,0
0.0,4.121512e-06,0
0.0,6.2948175e-06,0
0.0,7.314685e-05,0
0.0,1.6865286e-05,0
0.0,3.5225265e-05,0
0.0,1.4227924e-05,0
0.0,0.013381797,0
0.0,4.3651788e-05,0
0.0,5.187613e-05,0
1.0,0.9939296,0
0.0,1.4716764e-05,0
0.0,3.6808902e-05,0
0.0,2.1085158e-05,0
0.0,1.5726026e-05,0
0.0,1.4213521e-05,0
0.0,2.6172791e-05,0
0.0,3.128528e-05,0
0.0,2.778281e-06,0
0.0,0.0840194,0
0.0,1.5108832e-05,0
0.0,0.00031024826,0
0.0,9.9096025e-05,0
0.0,1.4014224e-05,0
1.0,0.9999664,0
0.0,1.2533654e-05,0
0.0,1.1232645e-05,0
0.0,1.21157345e-05,0
0.0,2.4873596e-05,0
0.0,1.5515225e-05,0
0.0,3.4730667e-05,0
0.0,3.3384692e-06,0
0.0,1.4528423e-05,0
0.0,1.3520161e-05,0
0.0,3.916089e-05,0
0.0,7.25414e-05,0
0.0,2.9316041e-05,0
0.0,2.023677e-05,0
0.0,1.2257147e-05,0
0.0,1.225211e-05,0
0.0,6.2266736e-05,0
0.0,4.744479e-05,0
0.0,3.4730667e-05,0
1.0,0.99993944,0
0.0,2.9459727e-05,0
0.0,2.7843791e-06,0
0.0,4.613923e-05,0
0.0,1.6055148e-05,0
0.0,1.44560045e-05,0
0.0,4.178001e-06,0
0.0,4.1491396e-05,0
1.0,0.99924004,0
0.0,4.02879e-05,0
0.0,4.6130033e-05,0
0.0,0.1274756,0
1.0,0.9999813,0
0.0,4.58927e-05,0
0.0,7.032363e-06,0
0.0,3.3965265e-05,0
0.0,8.396494e-06,0
0.0,5.990192e-06,0
0.0,7.669719e-06,0
0.0,9.063751e-05,0
0.0,3.1287756e-05,0
0.0,1.2736612e-05,0
0.0,3.349321e-05,0
0.0,6.501149e-05,0
0.0,2.7468499e-05,0
0.0,2.3257726e-05,0
0.0,0.0001359347,0
0.0,0.00017409271,0
0.0,1.83667e-05,0
0.0,4.40024e-06,0
0.0,4.5468103e-05,0
0.0,9.456525e-06,0
0.0,3.823655e-05,0
0.0,4.4049168e-05,0
0.0,2.5867308e-05,0
0.0,1.9106057e-05,0
0.0,3.185731e-05,0
0.0,8.974548e-06,0
0.0,1.1483324e-05,0
0.0,1.8127846e-05,0
0.0,3.4730667e-05,0
0.0,2.63573e-06,0
0.0,4.5624856e-05,0
0.0,2.409574e-05,0
0.0,2.7405831e-05,0
0.0,2.8251206e-05,0
0.0,1.0495136e-05,0
0.0,1.15837e-05,0
0.0,2.860191e-05,0
0.0,2.7492633e-05,0
0.0,5.9747367e-06,0
0.0,4.5610588e-05,0
0.0,1.098879e-05,0
0.0,7.490749e-05,0
0.0,2.2325585e-05,0
0.0,0.00015278028,0
1.0,0.9996927,0
0.0,7.9850375e-05,0
0.0,0.007827589,0
0.0,3.8344697e-06,0
0.0,1.6148542e-05,0
0.0,2.2244101e-05,0
0.0,3.3116936e-05,0
0.0,1.8074594e-05,0
0.0,2.8999166e-05,0
0.0,3.0370684e-05,0
1.0,0.99975806,0
0.0,9.043004e-06,0
0.0,1.7343384e-05,0
0.0,3.6950994e-05,0
0.0,7.413995e-06,0
1.0,0.6199075,0
0.0,8.819181e-06,0
0.0,4.892311e-05,0
0.0,3.4730667e-05,0
0.0,8.74693e-06,0
1.0,0.99989307,0
0.0,1.9740226e-05,0
0.0,0.000161582,0
1.0,0.9999813,0
0.0,2.6857706e-05,0
0.0,3.8170027e-05,0
0.0,1.858667e-05,0
0.0,4.1719857e-05,0
0.0,1.9815878e-05,0
0.0,7.5145053e-06,0
0.0,3.344989e-05,0
0.0,1.3893038e-05,0
1.0,0.5358467,0
1.0,0.9439941,0
0.0,0.3928933,0
0.0,5.240561e-06,0
0.0,3.1922147e-05,0
0.0,2.016501e-05,0
0.0,2.2719189e-05,0
0.0,2.747819e-05,0
0.0,8.804963e-06,0
0.0,3.570511e-05,0
0.0,9.878681e-06,0
0.0,3.0798266e-05,0
0.0,4.8899085e-05,0
0.0,3.4730667e-05,0
0.0,6.099134e-05,0
0.0,0.32234016,0
0.0,0.13576731,0
0.0,0.0003576154,0
0.0,4.066913e-05,0
0.0,4.4466546e-05,0
0.0,1.4664842e-05,0
0.0,5.3003507e-05,0
1.0,0.99996567,0
0.0,7.880164e-06,0
0.0,7.4273376e-05,0
0.0,3.825705e-05,0
0.0,0.025026174,0
0.0,9.01149e-05,0
0.0,7.787437e-06,0
0.0,3.861943e-06,0
0.0,5.816522e-05,0
0.0,7.672894e-06,0
0.0,3.537153e-05,0
0.0,3.880238e-05,0
0.0,1.7453056e-05,0
0.0,0.0525745,0
0.0,3.097159e-05,0
0.0,7.592678e-06,0
0.0,2.7734242e-05,0
0.0,6.594428e-05,0
0.0,0.00023244912,0
0.0,7.855539e-06,0
0.0,7.940582e-06,0
0.0,2.963951e-05,0
0.0,2.1419215e-05,0
0.0,3.4730667e-05,0
0.0,2.167473e-05,0
0.0,6.9038215e-06,0
0.0,2.4067906e-05,0
0.0,7.805238e-06,0
0.0,2.456802e-05,0
0.0,3.408994e-05,0
0.0,2.4415107e-05,0
0.0,0.08342066,0
0.0,4.353962e-05,0
0.0,5.0249078e-06,0
0.0,1.603943e-05,0
0.0,9.6752505e-05,0
0.0,3.4730667e-05,1
0.0,3.4730667e-05,1
0.0,3.4730667e-05,1
1.0,0.99999535,1
1.0,0.9999906,1
1.0,0.9999931,1
1.0,0.99999416,1
1.0,0.9999964,1
1.0,0.99999535,1
1.0,0.9999949,1
1.0,0.99999475,1
1.0,0.9999901,1
1.0,0.9999927,1
1.0,0.8410355,1
1.0,0.9999881,1
1.0,0.9840246,1
1.0,0.99995816,1
1.0,0.99999344,1
1.0,0.99999356,1
1.0,0.9999945,1
1.0,0.9999958,1
1.0,0.9999956,1
1.0,0.99999607,1
1.0,0.9999956,1
1.0,0.99999416,1
1.0,0.99999404,1
0.0,0.00037381702,1
1.0,0.9999651,1
1.0,0.99999404,1
1.0,0.9999869,1
1.0,0.9999939,1
1.0,0.9999956,1
1.0,0.99999535,1
1.0,0.99999475,1
1.0,0.9999895,1
1.0,0.99998474,1
1.0,0.9999945,1
1.0,0.9999925,1
1.0,0.9999951,1
1.0,0.999992,1
1.0,0.99999547,1
1.0,0.9999939,1
1.0,0.9999763,1
1.0,0.9999943,1
1.0,0.9999876,1
1.0,0.9999944,1
1.0,0.99999356,1
1.0,0.9999962,1
1.0,0.9999912,1
1.0,0.9999957,1
1.0,0.9999957,1
1.0,0.9999738,1
1.0,0.99999535,1
1.0,0.9999931,1
1.0,0.9999956,1
1.0,0.99999475,1
1.0,0.99999547,1
1.0,0.9999902,1
1.0,0.999995,1
1.0,0.9999951,1
1.0,0.9999932,1
1.0,0.9999919,1
1.0,0.9999945,1
1.0,0.9999944,1
1.0,0.99999356,1
1.0,0.99999654,1
1.0,0.99999475,1
1.0,0.99996996,1
1.0,0.99998474,1
1.0,0.9999865,1
1.0,0.99998665,1
1.0,0.99999404,1
1.0,0.9970886,1
1.0,0.9999647,1
1.0,0.99999607,1
1.0,0.9999962,1
1.0,0.9999937,1
1.0,0.9999944,1
1.0,0.9997485,1
1.0,0.999987,1
1.0,0.9999846,1
1.0,0.99999535,1
1.0,0.9999927,1
1.0,0.99998736,1
1.0,0.99999523,1
1.0,0.9999951,1
1.0,0.99999344,1
1.0,0.9999956,1
1.0,0.9999962,1
1.0,0.99999344,1
1.0,0.9992563,1
1.0,0.9999863,1
1.0,0.9999887,1
1.0,0.99999166,1
1.0,0.99999607,1
1.0,0.9999938,1
1.0,0.9999893,1
1.0,0.99999356,1
1.0,0.9999901,1
1.0,0.9999968,1
0.0,3.4730667e-05,1
0.0,3.4730667e-05,1
1.0,0.9999944,1
1.0,0.99999595,1
1.0,0.99999297,1
0.0,0.0129934205,1
1.0,0.9999924,1
1.0,0.9999939,1
1.0,0.99998987,1
1.0,0.9999896,1
1.0,0.9999945,1
1.0,0.99999344,1
1.0,0.9999938,1
1.0,0.99999356,1
1.0,0.9999926,1
1.0,0.999992,1
1.0,0.9999889,1
1.0,0.9999907,1
1.0,0.9999908,1
1.0,0.9999821,1
1.0,0.9999875,1
1.0,0.999997,1
1.0,0.9999931,1
1.0,0.9999938,1
1.0,0.99999344,1
1.0,0.9999939,1
1.0,0.99999034,1
1.0,0.99999464,1
1.0,0.99999344,1
1.0,0.99999404,1
1.0,0.999995,1
1.0,0.9999943,1
1.0,0.99999344,1
1.0,0.99999595,1
1.0,0.99999535,1
1.0,0.99999535,1
1.0,0.99999607,1
1.0,0.9999926,1
1.0,0.9999951,1
1.0,0.9999932,1
1.0,0.9999925,1
1.0,0.9999933,1
1.0,0.9998708,1
0.0,0.3302464,1
1.0,0.99999356,1
1.0,0.99999404,1
1.0,0.99999547,1
1.0,0.99999154,1
1.0,0.99999404,1
1.0,0.9999949,1
0.0,0.003933785,1
1.0,0.9999932,1
1.0,0.9999908,1
1.0,0.9999919,1
1.0,0.9999895,1
1.0,0.99999225,1
1.0,0.9999416,1
1.0,0.9999949,1
1.0,0.99997807,1
1.0,0.9999963,1
1.0,0.9999964,1
1.0,0.9999962,1
1.0,0.999997,1
1.0,0.9999943,1
1.0,0.99999654,1
1.0,0.9999964,1
1.0,0.99999666,1
0.0,3.4730667e-05,1
1.0,0.99999046,1
1.0,0.9999951,1
1.0,0.99999547,1
1.0,0.9999528,1
1.0,0.99998677,1
1.0,0.9999584,1
1.0,0.999984,1
1.0,0.9999392,1
1.0,0.9999918,1
1.0,0.9999926,1
1.0,0.99998724,1
1.0,0.99998665,1
1.0,0.99997663,1
1.0,0.9999926,1
1.0,0.9999906,1
1.0,0.99999356,1
1.0,0.9999819,1
1.0,0.99997544,1
1.0,0.99999034,1
0.0,3.4730667e-05,1
1.0,0.99999225,1
1.0,0.99999344,1
1.0,0.9999889,1
1.0,0.9999943,1
1.0,0.9999918,1
1.0,0.9999907,1
1.0,0.9999846,1
1.0,0.99998546,1
1.0,0.9999887,1
1.0,0.99998486,1
1.0,0.9999951,1
1.0,0.9999944,1
1.0,0.99999547,1
1.0,0.99999547,1
1.0,0.99999475,1
1.0,0.9999932,1
1.0,0.9999924,1
1.0,0.9999919,1
1.0,0.99999523,1
1.0,0.9999913,1
1.0,0.9999926,1
0.0,3.4730667e-05,1
0.0,3.4730667e-05,1
1.0,0.9999958,1
1.0,0.9999876,1
0.0,3.4730667e-05,1
0.0,3.4730667e-05,1
1.0,0.9999833,1
1.0,0.99999,1
1.0,0.9999925,1
1.0,0.9999881,1
1.0,0.99992883,1
1.0,0.999995,1
1.0,0.999992,1
1.0,0.99999225,1
1.0,0.9999689,1
1.0,0.9999945,1
1.0,0.99998343,1
1.0,0.9999931,1
1.0,0.9999856,1
1.0,0.9999918,1
1.0,0.99999,1
1.0,0.99999344,1
0.0,3.4730667e-05,1
0.0,3.4730667e-05,1
0.0,3.4730667e-05,1
0.0,3.4730667e-05,1
1.0,0.9999826,1
1.0,0.99999607,1
1.0,0.9999933,1
1.0,0.9999919,1
1.0,0.9999883,1
1.0,0.99999464,1
1.0,0.99999356,1
1.0,0.99998665,1
1.0,0.99999464,1
1.0,0.9999858,1
0.0,3.4730667e-05,1
0.0,3.4730667e-05,1
1.0,0.99999475,1
1.0,0.99999523,1
0.0,3.4730667e-05,1
0.0,3.4730667e-05,1
0.0,3.4730667e-05,1
0.0,3.4730667e-05,1
1.0,0.97237563,1
1.0,0.99999404,1
1.0,0.9999454,1
1.0,0.99999547,1
1.0,0.999995,1
1.0,0.9999957,1
1.0,0.9999968,1
1.0,0.99999607,1
1.0,0.99999475,1
1.0,0.99999475,1
1.0,0.99999356,1
1.0,0.9999933,1
1.0,0.9999926,1
1.0,0.9999702,1
1.0,0.9999924,1
1.0,0.99999106,1
1.0,0.99999535,1
1.0,0.99999595,1
1.0,0.9999924,1
1.0,0.9999931,1
1.0,0.9999932,1
1.0,0.99997985,1
1.0,0.999984,1
1.0,0.99998677,1
1.0,0.99999154,1
1.0,0.9999951,1
1.0,0.9999893,1
1.0,0.9999931,1
1.0,0.9999926,1
1.0,0.99999297,1
1.0,0.9999926,1
1.0,0.9999926,1
1.0,0.999992,1
1.0,0.9999927,1
1.0,0.9999907,1
1.0,0.9999956,1
1.0,0.9999913,1
1.0,0.99999416,1
1.0,0.9999819,1
1.0,0.9999887,1
1.0,0.99998844,1
1.0,0.99998236,1
1.0,0.99988556,1
1.0,0.99998033,1
1.0,0.99999475,1
1.0,0.9999944,1
1.0,0.99999607,1
1.0,0.99999535,1
1.0,0.99999535,1
1.0,0.9999962,1
1.0,0.99999607,1
1.0,0.999985,1
1.0,0.9999957,1
1.0,0.9999945,1
1.0,0.9999949,1
1.0,0.9999913,1
1.0,0.9999771,1
1.0,0.99998724,1
1.0,0.99999607,1
1.0,0.9999964,1
1.0,0.9999825,1
1.0,0.9999938,1
1.0,0.9999939,1
1.0,0.9999932,1
0.0,1.6608888e-05,0
0.0,5.6808523e-05,0
0.0,4.4048455e-05,0
0.0,1.9502919e-05,0
1.0,0.99979466,0
0.0,0.28063917,0
0.0,6.48987e-05,0
0.0,0.0004566936,0
0.0,2.235635e-05,0
0.0,9.97315e-06,0
0.0,4.1394134e-05,0
0.0,3.820222e-05,0
0.0,5.7770576e-05,0
0.0,0.010509629,0
0.0,1.3318931e-05,0
0.0,1.670397e-05,0
0.0,1.0793826e-05,0
0.0,3.8534337e-05,0
0.0,7.9548545e-06,0
0.0,2.9943161e-05,0
0.0,0.059693016,0
0.0,3.438326e-05,0
0.0,4.593789e-05,0
0.0,5.364786e-06,0
0.0,1.8250135e-05,0
0.0,3.523427e-05,0
1.0,0.99961627,0
0.0,3.709476e-05,0
0.0,2.8432626e-06,0
0.0,2.2321708e-05,0
0.0,3.316764e-05,0
0.0,1.0015155e-05,0
0.0,7.7465455e-05,0
0.0,4.5952787e-05,0
0.0,9.900127e-06,0
0.0,2.484894e-05,0
1.0,0.9996258,0
0.0,2.5116393e-05,0
0.0,4.1747793e-05,0
0.0,4.7612966e-06,0
1.0,0.9999058,0
0.0,3.7343216e-05,0
0.0,5.5064742e-05,0
0.0,5.991894e-05,0
0.0,0.0001953438,0
0.0,6.122613e-05,0
0.0,0.000644409,0
0.0,3.6418328e-06,0
0.0,0.03642526,0
0.0,6.9135676e-05,0
1.0,0.99988353,0
0.0,0.0037175824,0
0.0,1.9948038e-06,0
0.0,2.2528225e-06,0
0.0,0.000406323,0
0.0,3.915178e-05,0
0.0,1.5656444e-05,0
0.0,1.8106562e-05,0
0.0,0.00040456132,0
0.0,1.8152103e-05,0
0.0,4.9048067e-05,0
0.0,1.9080564e-05,0
1.0,0.999925,0
0.0,8.347479e-05,0
0.0,0.00013316606,0
0.0,2.61674e-05,0
0.0,2.4972947e-05,0
0.0,1.5835209e-05,0
0.0,2.480845e-05,0
0.0,3.0177427e-05,0
0.0,2.7690638e-05,0
0.0,8.8934765e-05,0
0.0,4.860217e-06,0
0.0,4.7892412e-05,0
0.0,1.5158871e-05,0
0.0,4.029966e-05,0
0.0,5.939126e-05,0
0.0,4.1505195e-06,0
0.0,3.0051868e-05,0
0.0,3.4730667e-05,0
1.0,0.99993634,0
0.0,3.1232303e-06,0
0.0,0.00019535108,0
0.0,3.1113843e-05,0
0.0,4.1769697e-05,0
0.0,8.382774e-06,0
0.0,2.222231e-05,0
0.0,5.3134125e-05,0
0.0,0.00013130446,0
0.0,8.3285144e-05,0
0.0,0.00019800857,0
0.0,2.7573744e-05,0
0.0,1.8304692e-05,0
0.0,0.00016246246,0
0.0,5.447913e-05,0
0.0,5.7881694e-05,0
0.0,8.1825765e-06,0
0.0,0.00017036244,0
0.0,6.096977e-05,0
0.0,9.391313e-06,0
0.0,8.583887e-06,0
0.0,1.1218343e-05,0
0.0,0.0001848094,0
0.0,1.7978682e-05,0
0.0,0.0068722763,0
0.0,2.0029218e-05,0
0.0,9.291928e-06,0
0.0,1.0042987e-05,0
0.0,8.941981e-06,0
0.0,3.45198e-05,0
0.0,1.0497248e-05,0
0.0,1.01673695e-05,0
1.0,0.7119198,0
0.0,1.3607266e-05,0
0.0,5.545009e-06,0
0.0,6.03483e-06,0
0.0,1.1276822e-05,0
0.0,9.179646e-06,0
0.0,1.5150791e-05,0
1.0,0.9999397,0
0.0,8.816381e-06,0
0.0,9.257133e-05,0
0.0,5.640237e-06,0
1.0,0.9999447,0
0.0,5.4867205e-06,0
0.0,0.0007637317,0
0.0,3.592806e-06,0
0.0,4.1434298e-05,0
0.0,2.1459966e-05,0
0.0,1.3586933e-05,0
1.0,0.82053345,0
0.0,1.2471674e-05,0
1.0,0.99954385,0
1.0,0.9997843,0
0.0,7.638331e-06,0
0.0,4.084878e-05,0
0.0,1.1766585e-05,0
0.0,9.746405e-05,0
0.0,6.2763924e-05,0
0.0,0.00027104837,0
0.0,4.6132234e-05,0
0.0,4.696877e-06,0
0.0,0.00692295,0
0.0,0.008594688,0
0.0,1.3161706e-05,0
0.0,4.384612e-05,0
0.0,1.06502275e-05,0
0.0,3.455399e-05,0
1.0,0.930641,0
0.0,2.5494639e-05,0
1.0,0.8632369,0
0.0,0.00012792119,0
0.0,0.008559464,0
0.0,4.7042824e-05,0
0.0,5.023208e-05,0
0.0,3.6418125e-05,0
0.0,7.18955e-05,0
0.0,0.00218619,0
0.0,4.2538313e-06,0
0.0,1.4319522e-05,0
0.0,9.172769e-06,0
0.0,3.5237226e-05,0
0.0,0.092769675,0
0.0,1.333838e-05,0
1.0,0.99997866,0
0.0,3.814883e-06,0
0.0,3.7856855e-05,0
0.0,3.8525628e-05,0
0.0,1.8655004e-05,0
0.0,3.9124945e-05,0
0.0,1.7939841e-05,0
0.0,0.00017381176,0
0.0,3.7338512e-05,0
0.0,4.184704e-05,0
0.0,1.3320456e-05,0
0.0,1.8566385e-05,0
0.0,0.000115107105,0
1.0,0.9999815,0
0.0,2.8845508e-05,0
1.0,0.9602952,0
0.0,0.00014746214,0
0.0,3.2245644e-05,0
0.0,0.00013412183,0
1.0,0.99689984,0
0.0,3.9264887e-05,0
0.0,2.6765605e-05,0
0.0,2.291706e-05,0
0.0,1.8448996e-05,0
0.0,1.3418937e-05,0
0.0,9.277212e-06,0
0.0,1.0537518e-05,0
0.0,1.0277275e-05,0
0.0,1.24612125e-05,0
0.0,0.0004681614,0
0.0,9.136485e-06,0
0.0,5.6471104e-05,0
0.0,8.30877e-06,0
0.0,3.7866565e-05,0
1.0,0.9999418,0
0.0,4.5306875e-05,0
0.0,3.4977027e-05,0
0.0,2.5762729e-05,0
0.0,1.7977894e-05,0
0.0,1.9088464e-05,0
0.0,0.014701112,0
0.0,1.0751275e-05,0
0.0,8.989656e-05,0
0.0,7.865118e-06,0
0.0,0.016833263,0
0.0,4.274257e-06,0
0.0,0.00017178287,0
0.0,2.7617216e-05,0
0.0,1.5247384e-05,0
0.0,4.831016e-05,0
0.0,2.5865655e-05,0
0.0,0.18351859,0
0.0,3.8261795e-05,0
0.0,1.0122139e-05,0
0.0,2.5777254e-05,0
0.0,8.778666e-05,0
0.0,6.312744e-06,0
0.0,1.1318388e-05,0
0.0,2.3898474e-05,0
0.0,8.4509265e-05,0
0.0,5.0776445e-05,0
0.0,3.627657e-05,0
0.0,5.103743e-05,0
0.0,8.4758285e-06,0
0.0,2.3086905e-05,0
0.0,5.3730284e-05,0
0.0,1.6552942e-05,0
0.0,5.974709e-05,0
0.0,1.4652385e-05,0
0.0,1.1368898e-05,0
0.0,8.210006e-06,0
0.0,2.1196973e-05,0
1.0,0.99994385,0
0.0,5.534703e-05,0
0.0,2.4653382e-05,0
0.0,1.7098017e-05,0
0.0,6.918937e-05,0
0.0,1.9185187e-05,0
0.0,0.0003593875,0
0.0,0.00025246316,0
0.0,3.0617783e-05,0
0.0,1.3905631e-05,0
0.0,1.6026695e-05,0
0.0,1.1212781e-05,0
0.0,6.249612e-05,0
0.0,5.052441e-05,0
0.0,1.8413455e-05,0
0.0,3.5750632e-05,0
0.0,1.3121877e-05,0
0.0,0.00019340837,0
0.0,2.4055425e-06,0
0.0,0.003706045,0
0.0,1.5247937e-05,0
0.0,6.952364e-05,0
0.0,1.1806613e-05,0
0.0,0.00048265344,0
0.0,9.786759e-06,0
0.0,2.4838018e-05,0
0.0,2.5088553e-05,0
0.0,2.5643578e-05,0
0.0,1.9178802e-05,0
0.0,5.6687033e-05,0
0.0,2.4519828e-05,0
0.0,4.5515517e-05,0
0.0,0.00020454066,0
1.0,0.93175924,0
0.0,1.07485175e-05,0
1.0,0.99999464,1
1.0,0.99998844,1
1.0,0.9999931,1
1.0,0.9999839,1
1.0,0.999995,1
1.0,0.99998975,1
1.0,0.9999927,1
1.0,0.99998903,1
1.0,0.9999933,1
1.0,0.93450934,1
1.0,0.999992,1
1.0,0.9999889,1
1.0,0.9999877,1
1.0,0.9999802,1
1.0,0.99999225,1
1.0,0.9999734,1
1.0,0.99998724,1
1.0,0.9999895,1
1.0,0.9999931,1
1.0,0.9999894,1
1.0,0.9999944,1
1.0,0.9999964,1
1.0,0.99998915,1
1.0,0.99999535,1
1.0,0.9999958,1
1.0,0.99999475,1
1.0,0.99999344,1
1.0,0.99999523,1
1.0,0.99999547,1
1.0,0.99999547,1
1.0,0.99997306,1
1.0,0.9999894,1
1.0,0.9999951,1
1.0,0.9999939,1
1.0,0.99999475,1
1.0,0.9999932,1
1.0,0.99999106,1
1.0,0.99999595,1
1.0,0.9999765,1
1.0,0.99999416,1
1.0,0.99999654,1
1.0,0.9999893,1
1.0,0.9999943,1
1.0,0.9999937,1
0.0,6.2464365e-05,1
1.0,0.9999943,1
1.0,0.99999535,1
1.0,0.9999927,1
0.0,0.0012677984,1
1.0,0.99999595,1
1.0,0.9999957,1
1.0,0.9999877,1
1.0,0.9997938,1
1.0,0.99999464,1
1.0,0.99999154,1
1.0,0.9999944,1
1.0,0.99999523,1
1.0,0.99999666,1
1.0,0.99999666,1
1.0,0.99998736,1
1.0,0.9999951,1
1.0,0.9999963,1
1.0,0.9999943,1
1.0,0.9999783,1
1.0,0.9999943,1
1.0,0.9999958,1
1.0,0.99999154,1
1.0,0.9999926,1
1.0,0.9999964,1
1.0,0.99999607,1
1.0,0.99999225,1
1.0,0.9999958,1
1.0,0.99999356,1
1.0,0.9999933,1
1.0,0.99999464,1
1.0,0.99999464,1
1.0,0.9999887,1
1.0,0.9999894,1
1.0,0.9999908,1
1.0,0.99982303,1
1.0,0.99999046,1
1.0,0.9999913,1
1.0,0.99999607,1
1.0,0.9999969,1
1.0,0.99999356,1
1.0,0.99999464,1
1.0,0.99999654,1
1.0,0.9999926,1
1.0,0.99998784,1
1.0,0.9999938,1
1.0,0.9999956,1
1.0,0.9999957,1
1.0,0.9999958,1
1.0,0.9999963,1
1.0,0.9999956,1
1.0,0.99999404,1
1.0,0.99997604,1
1.0,0.99999595,1
1.0,0.99999607,1
1.0,0.9999907,1
1.0,0.99999607,1
1.0,0.99999475,1
1.0,0.99999523,1
1.0,0.9999962,1
1.0,0.99999666,1
1.0,0.9999927,1
1.0,0.99999666,1
1.0,0.99999475,1
1.0,0.9999958,1
1.0,0.9999974,1
1.0,0.999995,1
1.0,0.9999944,1
1.0,0.99999666,1
1.0,0.9999813,1
1.0,0.9999758,1
1.0,0.9999957,1
1.0,0.9999957,1
1.0,0.99999464,1
1.0,0.9999877,1
0.0,2.9930172e-05,1
1.0,0.99998975,1
1.0,0.99999416,1
1.0,0.999995,1
1.0,0.9999901,1
1.0,0.99999547,1
1.0,0.99999595,1
1.0,0.9999918,1
1.0,0.9999913,1
1.0,0.9999825,1
1.0,0.99999034,1
1.0,0.99998605,1
1.0,0.99999535,1
1.0,0.99998724,1
1.0,0.99999213,1
1.0,0.9999949,1
1.0,0.99999166,1
1.0,0.9999944,1
1.0,0.99999595,1
1.0,0.999997,1
1.0,0.99999595,1
1.0,0.99999225,1
1.0,0.99999034,1
1.0,0.9999734,1
1.0,0.99998856,1
1.0,0.9999871,1
1.0,0.9999924,1
1.0,0.9999895,1
1.0,0.9999914,1
1.0,0.9999943,1
1.0,0.999985,1
1.0,0.9999765,1
1.0,0.99999416,1
1.0,0.99998665,1
1.0,0.9999882,1
1.0,0.999977,1
1.0,0.99999535,1
1.0,0.99999535,1
0.0,3.4730667e-05,1
1.0,0.99999344,1
1.0,0.999985,1
1.0,0.99999404,1
1.0,0.9999958,1
1.0,0.99998045,1
1.0,0.9999944,1
1.0,0.9999951,1
1.0,0.9999932,1
1.0,0.9999877,1
0.0,0.18154716,1
1.0,0.99999714,1
1.0,0.999997,1
1.0,0.9999968,1
1.0,0.99998975,1
1.0,0.9999919,1
1.0,0.99999475,1
1.0,0.9999908,1
1.0,0.9999851,1
1.0,0.99999404,1
1.0,0.99999213,1
1.0,0.9999962,1
1.0,0.9999839,1
1.0,0.999992,1
1.0,0.99998736,1
1.0,0.9999863,1
1.0,0.9819406,1
1.0,0.9999956,1
1.0,0.9998074,1
1.0,0.99999416,1
1.0,0.99998486,1
1.0,0.9999933,1
1.0,0.99999154,1
1.0,0.9999906,1
1.0,0.99999356,1
1.0,0.9999949,1
1.0,0.9999902,1
1.0,0.9999926,1
1.0,0.9999931,1
1.0,0.99997675,1
1.0,0.99999475,1
1.0,0.999992,1
1.0,0.9999926,1
1.0,0.9999864,1
1.0,0.99999046,1
1.0,0.9999665,1
1.0,0.9999838,1
1.0,0.99998796,1
1.0,0.9999801,1
1.0,0.9999944,1
1.0,0.99999464,1
1.0,0.9999943,1
1.0,0.9999938,1
1.0,0.99999475,1
1.0,0.99999297,1
1.0,0.9999964,1
1.0,0.9999958,1
1.0,0.99937147,1
1.0,0.9999944,1
1.0,0.9999919,1
1.0,0.9999937,1
1.0,0.99995494,1
1.0,0.9999919,1
1.0,0.9999943,1
1.0,0.99999034,1
1.0,0.9999932,1
1.0,0.99999285,1
1.0,0.99999166,1
1.0,0.9999888,1
1.0,0.999992,1
1.0,0.9999943,1
1.0,0.99999106,1
1.0,0.99999106,1
1.0,0.99999344,1
1.0,0.99999595,1
1.0,0.99997926,1
1.0,0.99999475,1
1.0,0.9999902,1
1.0,0.9999944,1
1.0,0.9999925,1
1.0,0.9999962,1
1.0,0.9999937,1
1.0,0.9999981,1
1.0,0.99999666,1
1.0,0.9999937,1
1.0,0.9999937,1
1.0,0.9999912,1
1.0,0.99999654,1
1.0,0.99999535,1
1.0,0.99999,1
1.0,0.9999968,1
1.0,0.9999956,1
1.0,0.9999969,1
1.0,0.9999968,1
1.0,0.9999949,1
1.0,0.9999964,1
1.0,0.9999963,1
1.0,0.9999956,1
1.0,0.9999888,1
1.0,0.99998724,1
1.0,0.99999166,1
1.0,0.99999666,1
1.0,0.99999595,1
1.0,0.9999958,1
1.0,0.99999475,1
1.0,0.99999094,1
1.0,0.99999416,1
1.0,0.9999963,1
1.0,0.9999937,1
1.0,0.9999951,1
1.0,0.99999523,1
1.0,0.99999356,1
1.0,0.9999926,1
1.0,0.999995,1
1.0,0.99999595,1
1.0,0.99999166,1
1.0,0.99999416,1
1.0,0.9999968,1
1.0,0.999995,1
1.0,0.9999918,1
1.0,0.9999938,1
1.0,0.9999933,1
1.0,0.99999547,1
1.0,0.999995,1
1.0,0.9999956,1
1.0,0.9999969,1
1.0,0.9999949,1
1.0,0.9999958,1
1.0,0.99999666,1
1.0,0.99999106,1
1.0,0.9999962,1
1.0,0.9999926,1
1.0,0.99999523,1
1.0,0.9998462,1
1.0,0.99997544,1
1.0,0.9999958,1
1.0,0.9999906,1
1.0,0.99998736,1
1.0,0.999985,1
1.0,0.99999154,1
1.0,0.99999464,1
1.0,0.9999769,1
1.0,0.9999931,1
1.0,0.9999956,1
1.0,0.9780622,1
1.0,0.9999802,1
1.0,0.9999933,1
1.0,0.99999475,1
1.0,0.9999962,1
1.0,0.99999523,1
1.0,0.99999547,1
1.0,0.99999523,1
1.0,0.9999944,1
1.0,0.9999949,1
1.0,0.9999958,1
1.0,0.9999914,1
1.0,0.999995,1
1.0,0.99999213,1
1.0,0.9999927,1
1.0,0.9999919,1
1.0,0.99999225,1
1.0,0.9999881,1
1.0,0.99999547,1
1.0,0.9999933,1
0.0,7.1108036e-05,0
1.0,0.99998164,0
0.0,3.8336628e-05,0
0.0,1.4266157e-05,0
0.0,1.7460383e-05,0
0.0,1.4632654e-05,0
0.0,4.4122367e-05,0
0.0,8.3307805e-06,0
0.0,0.000799143,0
0.0,4.0501618e-05,0
0.0,0.00033752542,0
0.0,6.495182e-05,0
0.0,5.7591653e-05,0
0.0,1.7991444e-05,0
0.0,1.5003469e-05,0
0.0,8.37069e-05,0
0.0,3.598394e-05,0
0.0,2.024976e-05,0
0.0,8.910704e-06,0
0.0,1.91597e-05,0
0.0,2.7933e-05,0
0.0,3.992696e-05,0
0.0,4.075423e-05,0
0.0,1.7640301e-05,0
0.0,0.06449385,0
0.0,1.9266703e-05,0
0.0,4.1847e-05,0
0.0,3.7810456e-05,0
0.0,1.0432349e-05,0
0.0,9.550801e-06,0
0.0,3.4730667e-05,0
0.0,5.043728e-05,0
0.0,2.0921334e-05,0
0.0,0.0022661604,0
0.0,8.557879e-06,0
0.0,1.785137e-05,0
0.0,2.3382132e-05,0
0.0,0.00011011592,0
1.0,0.99916613,0
0.0,5.0394676e-05,0
0.0,3.064224e-06,0
1.0,0.99974674,0
0.0,6.835844e-05,0
0.0,1.3704443e-05,0
1.0,0.7603747,0
0.0,4.3802826e-05,0
0.0,5.3496737e-05,0
0.0,2.6869671e-05,0
0.0,6.0824765e-05,0
0.0,1.4961948e-05,0
1.0,0.9986058,0
0.0,0.0006143361,0
1.0,0.99994004,0
0.0,1.2265566e-05,0
0.0,9.069405e-05,0
0.0,0.0064478638,0
0.0,1.60739e-05,0
0.0,7.338342e-05,0
0.0,0.17006855,0
0.0,0.00010616259,0
0.0,0.00010643557,0
0.0,1.1924306e-05,0
1.0,0.999944,0
0.0,1.0860665e-05,0
0.0,3.0377614e-06,0
0.0,2.114194e-05,0
0.0,0.0001712579,0
0.0,1.2382448e-05,0
0.0,4.533998e-05,0
0.0,4.5046658e-05,0
0.0,1.7296441e-05,0
0.0,4.5715184e-05,0
1.0,0.65209717,0
0.0,1.7251072e-05,0
1.0,0.99989796,0
0.0,1.0819395e-05,0
0.0,3.362689e-05,0
0.0,5.7813842e-05,0
0.0,8.962146e-06,0
0.0,6.277356e-05,0
0.0,0.00014327366,0
0.0,3.859472e-05,0
1.0,0.9999776,0
0.0,3.2186686e-05,0
0.0,0.00043639535,0
0.0,3.0707466e-05,0
0.0,1.8455296e-05,0
0.0,0.0032411783,0
0.0,1.8807767e-05,0
1.0,0.99959165,0
0.0,2.0225347e-05,0
0.0,4.627936e-05,0
0.0,0.23317286,0
0.0,0.00014037218,0
0.0,3.246509e-05,0
0.0,0.099031724,0
0.0,1.4562965e-05,0
0.0,1.8376546e-05,0
1.0,0.99866104,0
0.0,1.485312e-05,0
0.0,0.006583214,0
0.0,1.0806877e-05,0
0.0,2.4944695e-05,0
0.0,9.1794886e-05,0
0.0,6.4333294e-06,0
0.0,0.010389369,0
0.0,4.1388015e-05,0
0.0,9.93427e-06,0
0.0,2.1890939e-05,0
0.0,5.396683e-06,0
0.0,1.3224035e-05,0
0.0,0.00080937333,0
0.0,1.3030407e-05,0
0.0,6.937527e-05,0
0.0,9.20849e-05,0
0.0,6.1349474e-06,0
0.0,0.0004165602,0
0.0,1.6617221e-05,0
0.0,1.4547667e-05,0
0.0,4.658024e-06,0
0.0,2.2142303e-05,0
0.0,8.795022e-05,0
0.0,3.1721196e-05,0
0.0,0.072942086,0
0.0,3.2834985e-05,0
0.0,4.8819496e-05,0
0.0,0.0007359525,0
0.0,4.4065684e-05,0
0.0,0.00019675214,0
0.0,4.6801466e-05,0
0.0,8.5942165e-06,0
0.0,0.00014876584,0
1.0,0.5782968,0
0.0,1.588273e-05,0
1.0,0.9986039,0
0.0,0.00018534587,0
0.0,2.7858936e-05,0
0.0,1.2250229e-05,0
0.0,0.0012847265,0
0.0,0.00054042484,0
1.0,0.9913181,0
0.0,2.8271446e-05,0
0.0,1.8366945e-05,0
0.0,5.815357e-05,0
0.0,0.0004365131,0
0.0,2.3357125e-05,0
0.0,0.00031758205,0
0.0,3.4098455e-05,0
0.0,3.0410743e-06,0
0.0,1.1219177e-05,0
0.0,5.00899e-06,0
0.0,7.496138e-06,0
0.0,8.590327e-05,0
0.0,0.0002655947,0
0.0,3.4895766e-05,0
0.0,3.7674512e-05,0
0.0,0.0012693222,0
1.0,0.9998012,0
0.0,1.1156451e-05,0
0.0,4.9025715e-05,0
0.0,0.0009845982,0
0.0,8.858243e-06,0
0.0,2.4815597e-05,0
0.0,7.404743e-05,0
0.0,6.765782e-05,0
0.0,3.88606e-05,0
0.0,3.7685004e-05,0
0.0,2.5474443e-05,0
0.0,8.534014e-06,0
1.0,0.99991,0
0.0,5.5586752e-05,0
0.0,0.0063769114,0
0.0,6.58357e-05,0
0.0,4.0469342e-05,0
0.0,9.876631e-05,0
0.0,2.5933454e-05,0
0.0,3.0062647e-05,0
0.0,1.5127027e-05,0
0.0,3.85511e-05,0
0.0,3.7086854e-06,0
0.0,9.977831e-06,0
0.0,1.5788131e-05,0
0.0,3.34722e-05,0
0.0,1.5527838e-05,0
0.0,6.103603e-05,0
0.0,0.0006566081,0
0.0,0.00020157035,0
0.0,0.00035225874,0
0.0,5.317813e-05,0
0.0,1.832436e-05,0
0.0,0.00010419624,0
0.0,8.002235e-05,0
0.0,9.342219e-06,0
0.0,1.9301793e-05,0
1.0,0.99997854,0
0.0,9.6070624e-05,0
0.0,3.4355922e-05,0
0.0,2.5721118e-05,0
0.0,0.00019860434,0
0.0,6.554424e-06,0
0.0,0.00045607888,0
1.0,0.99931216,0
1.0,0.999067,0
0.0,1.4406913e-06,0
0.0,3.4730667e-05,0
0.0,1.1471897e-05,0
0.0,3.008559e-05,0
0.0,0.00011387617,0
0.0,2.0473082e-05,0
0.0,2.0815876e-05,0
0.0,3.49489e-06,0
0.0,1.1459584e-05,0
0.0,6.977762e-05,0
0.0,8.5920976e-05,0
0.0,8.4945295e-06,0
0.0,1.933455e-05,0
0.0,5.016443e-05,0
0.0,6.165049e-05,0
1.0,0.9999609,0
0.0,9.9751516e-05,0
0.0,1.9757665e-05,0
0.0,0.00025689643,0
0.0,1.7690405e-05,0
0.0,0.00013059146,0
0.0,1.3812584e-05,0
1.0,0.9999496,0
0.0,0.0002447333,0
0.0,1.3973003e-05,0
0.0,5.8756326e-05,0
0.0,4.22951e-05,0
0.0,1.8863957e-05,0
0.0,1.1536042e-05,0
0.0,3.328859e-05,0
0.0,1.0692277e-05,0
0.0,1.615373e-05,0
0.0,2.309492e-05,0
0.0,0.18150088,0
0.0,1.2130627e-05,0
0.0,2.9890834e-05,0
0.0,7.806085e-06,0
0.0,2.3116781e-05,0
0.0,0.008735739,0
0.0,0.00054872944,0
0.0,8.708592e-06,0
0.0,5.8500527e-06,0
1.0,0.99986565,0
1.0,0.9999453,0
0.0,5.2267656e-06,0
0.0,1.9882282e-05,0
0.0,9.106705e-05,0
0.0,0.0007027247,0
0.0,5.6010405e-05,0
0.0,2.125235e-05,0
0.0,2.3143648e-05,0
0.0,4.829643e-05,0
0.0,1.3946084e-05,0
0.0,0.00054345856,0
0.0,7.313029e-06,0
0.0,3.5998117e-05,0
0.0,4.0012677e-05,0
0.0,3.9103612e-05,0
0.0,5.0627816e-05,0
0.0,2.683059e-06,0
1.0,0.9999888,0
0.0,2.4268305e-05,0
0.0,2.8085142e-05,0
0.0,0.24036852,0
0.0,1.664634e-05,0
0.0,6.387741e-06,0
0.0,0.00010082508,0
0.0,0.002434564,0
1.0,0.9999795,0
0.0,1.924342e-05,0
1.0,0.95395947,0
0.0,0.001748781,0
0.0,1.7628596e-05,0
0.0,0.050642237,0
0.0,5.5281607e-06,0
0.0,1.790774e-05,0
0.0,1.2300262e-05,0
0.0,7.830561e-05,0
0.0,2.3362316e-05,0
0.0,5.093338e-05,0
0.0,9.550983e-06,0
0.0,3.551711e-05,0
0.0,1.2160486e-05,0
0.0,1.6641483e-05,0
0.0,1.8714982e-05,0
0.0,4.3952878e-05,0
0.0,3.588704e-06,0
0.0,3.876662e-05,0
0.0,0.009882888,0
0.0,9.930299e-05,0
0.0,4.555256e-05,0
0.0,5.591958e-05,0
0.0,4.238734e-06,0
0.0,4.0946485e-05,0
0.0,2.3870047e-05,0
1.0,0.99987674,0
0.0,6.52897e-05,0
0.0,3.8053008e-06,0
0.0,5.9976574e-06,0
0.0,1.149132e-05,0
0.0,7.763428e-06,0
0.0,7.493372e-06,0
1.0,0.9881116,0
0.0,9.227477e-05,0
0.0,2.8021337e-05,0
0.0,3.520608e-06,0
0.0,7.1956056e-05,0
0.0,3.2450636e-05,0
0.0,3.8484277e-06,0
0.0,1.0958033e-05,0
0.0,3.0808078e-05,0
1.0,0.9997539,0
0.0,0.0047485516,0
1.0,0.9999883,0
0.0,0.3882884,1
0.0,0.1687878,1
1.0,0.9999858,1
1.0,0.9999877,1
1.0,0.9999846,1
1.0,0.99999154,1
1.0,0.9999932,1
0.0,0.047995195,1
1.0,0.999984,1
1.0,0.9999933,1
1.0,0.99999523,1
1.0,0.9999957,1
1.0,0.9999958,1
1.0,0.9999963,1
1.0,0.99999094,1
1.0,0.99999285,1
1.0,0.99999344,1
1.0,0.9999925,1
1.0,0.9999956,1
1.0,0.9999938,1
1.0,0.9999938,1
1.0,0.9999951,1
1.0,0.9999957,1
1.0,0.9999956,1
1.0,0.9999919,1
1.0,0.99998844,1
1.0,0.999982,1
1.0,0.9999908,1
1.0,0.9999939,1
1.0,0.99999416,1
1.0,0.9999944,1
0.0,0.00023243915,1
1.0,0.9985821,1
1.0,0.999995,1
1.0,0.9999951,1
1.0,0.999987,1
1.0,0.9999945,1
1.0,0.9999931,1
1.0,0.99999547,1
1.0,0.9997998,1
1.0,0.99999285,1
1.0,0.99999595,1
1.0,0.99999404,1
1.0,0.9999918,1
1.0,0.9999831,1
1.0,0.9999937,1
1.0,0.9999881,1
1.0,0.9999944,1
1.0,0.99998295,1
1.0,0.99998665,1
1.0,0.9999901,1
1.0,0.9999908,1
1.0,0.9999882,1
1.0,0.9999964,1
1.0,0.99999726,1
1.0,0.9999958,1
1.0,0.99999666,1
1.0,0.9999906,1
1.0,0.999992,1
1.0,0.99999344,1
1.0,0.9999933,1
1.0,0.99999547,1
1.0,0.9998086,1
1.0,0.99999297,1
0.0,0.003769095,1
1.0,0.9999796,1
1.0,0.9999944,1
1.0,0.9999913,1
1.0,0.99999213,1
1.0,0.9999962,1
1.0,0.9999956,1
1.0,0.99999654,1
1.0,0.99999607,1
1.0,0.9999951,1
1.0,0.99999523,1
1.0,0.9999931,1
1.0,0.99999404,1
1.0,0.9999927,1
1.0,0.9999968,1
1.0,0.9999939,1
1.0,0.99999535,1
1.0,0.999997,1
1.0,0.9999949,1
1.0,0.9999938,1
0.0,0.00069538294,1
1.0,0.9999958,1
1.0,0.99999034,1
1.0,0.9999925,1
1.0,0.99999475,1
1.0,0.9999926,1
1.0,0.9999907,1
1.0,0.9999882,1
1.0,0.9999893,1
1.0,0.99999547,1
1.0,0.99999356,1
1.0,0.99999416,1
1.0,0.9999913,1
1.0,0.9999851,1
1.0,0.9999949,1
1.0,0.99999166,1
1.0,0.9999769,1
1.0,0.99999344,1
1.0,0.9999578,1
1.0,0.99999285,1
1.0,0.9999951,1
1.0,0.99999464,1
1.0,0.99999607,1
1.0,0.99999607,1
1.0,0.99999535,1
1.0,0.9999969,1
1.0,0.99999595,1
1.0,0.9999958,1
1.0,0.9999943,1
1.0,0.9999802,1
1.0,0.9999939,1
1.0,0.9999883,1
1.0,0.9999907,1
1.0,0.9999882,1
1.0,0.99999404,1
1.0,0.9999925,1
1.0,0.99999523,1
1.0,0.9999926,1
1.0,0.99999356,1
1.0,0.99950147,1
1.0,0.99999464,1
1.0,0.9999944,1
1.0,0.99999547,1
1.0,0.9999937,1
1.0,0.99999595,1
1.0,0.99999547,1
1.0,0.9999939,1
1.0,0.9999964,1
1.0,0.9999914,1
1.0,0.99999285,1
1.0,0.99999154,1
1.0,0.9999912,1
1.0,0.9999863,1
1.0,0.99999607,1
1.0,0.9999913,1
1.0,0.99999666,1
1.0,0.99999607,1
1.0,0.9999939,1
1.0,0.99999213,1
1.0,0.9999951,1
1.0,0.9999958,1
1.0,0.9999962,1
1.0,0.99999595,1
1.0,0.9999969,1
1.0,0.99997616,1
1.0,0.9999893,1
1.0,0.9999958,1
1.0,0.99999106,1
1.0,0.9999949,1
1.0,0.9999641,1
1.0,0.99999595,1
1.0,0.9999976,1
1.0,0.999982,1
0.0,0.0075165546,1
1.0,0.99999166,1
1.0,0.99999225,1
1.0,0.99999094,1
1.0,0.99999404,1
1.0,0.9999933,1
1.0,0.99999535,1
1.0,0.99999285,1
1.0,0.9999937,1
1.0,0.99999416,1
1.0,0.9999958,1
1.0,0.9999938,1
1.0,0.99999666,1
1.0,0.99999464,1
1.0,0.9999951,1
1.0,0.99999595,1
1.0,0.9999881,1
1.0,0.9999957,1
1.0,0.999995,1
1.0,0.99999344,1
1.0,0.9999876,1
1.0,0.9999964,1
1.0,0.9999974,1
1.0,0.9999893,1
1.0,0.9999939,1
1.0,0.9999963,1
1.0,0.99999225,1
1.0,0.9999956,1
1.0,0.9999956,1
1.0,0.99999714,1
1.0,0.9999949,1
1.0,0.9999976,1
1.0,0.9999957,1
1.0,0.99998844,1
1.0,0.99999225,1
1.0,0.999992,1
1.0,0.9999932,1
1.0,0.99998975,1
1.0,0.9991872,1
1.0,0.9999943,1
0.0,0.00082875637,1
1.0,0.99998045,1
1.0,0.9999869,1
1.0,0.999936,1
1.0,0.99998,1
1.0,0.999987,1
1.0,0.9999707,1
1.0,0.9999685,1
1.0,0.99999034,1
1.0,0.9999907,1
1.0,0.99999166,1
1.0,0.9999926,1
1.0,0.99999225,1
1.0,0.9999949,1
1.0,0.99999654,1
1.0,0.99999166,1
1.0,0.9999943,1
1.0,0.9999951,1
1.0,0.9999933,1
1.0,0.99999535,1
1.0,0.9999962,1
1.0,0.9999963,1
1.0,0.9999913,1
1.0,0.99999464,1
1.0,0.9999896,1
1.0,0.99999535,1
1.0,0.9999951,1
1.0,0.99999344,1
1.0,0.9999908,1
1.0,0.9999889,1
1.0,0.99999166,1
1.0,0.999982,1
1.0,0.99996483,1
1.0,0.9999783,1
1.0,0.999985,1
1.0,0.99994636,1
1.0,0.9999945,1
1.0,0.99998975,1
1.0,0.9999956,1
1.0,0.9999821,1
1.0,0.9999913,1
1.0,0.9999944,1
0.0,0.0001281055,1
1.0,0.9999944,1
1.0,0.9999933,1
1.0,0.999992,1
1.0,0.99994814,1
1.0,0.9999591,1
0.0,0.0073020835,1
1.0,0.9999969,1
1.0,0.9999956,1
1.0,0.9999944,1
1.0,0.99999475,1
1.0,0.99998796,1
1.0,0.9999937,1
1.0,0.99999285,1
1.0,0.9999796,1
1.0,0.99999416,1
1.0,0.9999919,1
0.0,4.456582e-06,0
0.0,0.00010975739,0
0.0,1.94874e-05,0
0.0,4.6798566e-05,0
0.0,5.7959576e-05,0
0.0,9.926315e-06,0
0.0,2.5382305e-06,0
0.0,7.263437e-05,0
0.0,5.8449856e-05,0
0.0,6.4977753e-06,0
0.0,2.0693182e-05,0
1.0,0.99710184,0
0.0,5.556905e-05,0
0.0,6.777629e-06,0
0.0,0.0007594748,0
0.0,9.0650305e-05,0
0.0,0.00010069403,0
0.0,3.2115127e-05,0
0.0,7.8725025e-06,0
0.0,8.771572e-06,0
0.0,2.8009395e-05,0
0.0,2.1504853e-05,0
0.0,1.2445133e-05,0
0.0,3.206873e-05,0
0.0,1.9341669e-05,0
0.0,0.42175886,0
0.0,2.7552242e-05,0
0.0,4.2667965e-05,0
0.0,2.9209104e-06,0
0.0,9.5442294e-05,0
0.0,1.3990416e-05,0
0.0,9.9748664e-05,0
1.0,0.7133147,0
0.0,1.8332576e-05,0
0.0,1.5713822e-05,0
0.0,3.1627493e-05,0
0.0,2.0842614e-05,0
0.0,2.2958577e-05,0
0.0,1.9891764e-05,0
0.0,6.899808e-05,0
0.0,2.3778033e-05,0
0.0,8.870094e-06,0
0.0,2.5739057e-05,0
0.0,0.0007724065,0
0.0,4.419876e-05,0
0.0,0.000108104396,0
0.0,3.296145e-05,0
0.0,2.3930697e-05,0
0.0,2.2840279e-05,0
0.0,2.1533971e-05,0
0.0,1.4683062e-05,0
0.0,2.5206327e-05,0
1.0,0.99997914,0
0.0,2.8834645e-05,0
0.0,8.197973e-05,0
0.0,1.7759708e-05,0
1.0,0.65639776,0
0.0,7.814225e-05,0
0.0,1.0219601e-05,0
0.0,4.4176253e-05,0
0.0,8.529654e-06,0
0.0,0.0002528963,0
0.0,5.6168625e-05,0
0.0,1.585638e-05,0
0.0,5.9152506e-05,0
0.0,1.2922288e-05,0
0.0,0.0002525527,0
0.0,2.7273305e-05,0
0.0,2.67325e-05,0
0.0,4.9078004e-05,0
0.0,3.4858695e-06,0
0.0,2.5174522e-05,0
0.0,5.709563e-06,0
0.0,1.5348456e-05,0
0.0,4.9906008e-05,0
0.0,2.0010204e-05,0
0.0,0.14369573,0
0.0,6.569828e-05,0
0.0,4.1118692e-05,0
0.0,8.882917e-05,0
0.0,0.000121621306,0
0.0,1.40147995e-05,0
0.0,4.670454e-05,0
0.0,7.3214826e-05,0
0.0,1.28650845e-05,0
0.0,0.0022087567,0
0.0,9.190244e-05,0
0.0,2.4932353e-05,0
0.0,1.4469535e-05,0
1.0,0.9999677,0
0.0,0.00032708372,0
0.0,4.602506e-05,0
0.0,7.162554e-05,0
0.0,6.6404627e-06,0
0.0,1.3916974e-05,0
0.0,1.5118922e-05,0
0.0,0.00016693538,0
0.0,3.7219557e-05,0
0.0,8.896786e-05,0
0.0,4.854555e-05,0
0.0,0.000115225484,0
0.0,3.126864e-05,0
0.0,1.9809737e-05,0
0.0,7.826977e-05,0
0.0,4.6342335e-05,0
0.0,3.4635746e-06,0
0.0,1.3076155e-05,0
1.0,0.9935502,0
0.0,0.00013378359,0
0.0,7.192835e-05,0
0.0,7.441183e-05,0
0.0,2.1815205e-05,0
0.0,8.691795e-05,0
0.0,3.719309e-05,0
0.0,2.102412e-05,0
0.0,1.2895327e-05,0
0.0,1.6568578e-05,0
0.0,0.00018903991,0
1.0,0.9924098,0
1.0,0.9999558,0
0.0,1.4868666e-05,0
0.0,0.0006458179,0
0.0,4.006419e-05,0
0.0,0.0006419219,0
0.0,2.7205844e-05,0
0.0,0.112389825,0
0.0,2.5004354e-05,0
0.0,2.072567e-05,0
0.0,0.0002198865,0
0.0,2.3521934e-05,0
0.0,0.00070477935,0
0.0,2.0761001e-05,0
0.0,1.0687209e-05,0
0.0,0.0002628268,0
0.0,4.1922132e-05,0
0.0,3.719515e-05,0
0.0,1.16160245e-05,0
0.0,0.00026437646,0
0.0,0.00048429688,0
0.0,1.9814877e-05,0
0.0,4.375181e-05,0
0.0,3.688213e-05,0
0.0,1.8001845e-05,0
0.0,7.070262e-05,0
0.0,1.2662675e-05,0
0.0,4.0389725e-05,0
0.0,3.587019e-05,0
0.0,1.6444124e-05,0
0.0,0.000687454,0
0.0,7.675353e-06,0
0.0,2.7163613e-05,0
0.0,4.392874e-05,0
0.0,5.903197e-05,0
0.0,1.0233304e-05,0
0.0,1.486841e-05,0
0.0,3.6359124e-06,0
0.0,5.4501063e-05,0
0.0,1.3390048e-05,0
0.0,0.00024276045,0
1.0,0.72199893,0
0.0,3.91314e-05,0
0.0,0.0001102382,0
0.0,9.165336e-05,0
0.0,1.2182878e-05,0
0.0,1.433827e-05,0
0.0,1.9969826e-05,0
1.0,0.99986756,0
0.0,2.4767365e-05,0
0.0,0.00010425199,0
0.0,2.5376607e-05,0
1.0,0.9998863,0
0.0,5.3466847e-05,0
1.0,0.9999585,0
0.0,1.1768336e-05,0
0.0,6.567313e-06,0
0.0,0.00020721322,0
1.0,0.99884003,0
0.0,1.2639148e-05,0
0.0,5.1320352e-05,0
0.0,0.18537605,0
0.0,0.0009871993,0
0.0,6.8130903e-06,0
0.0,2.2664635e-05,0
0.0,1.7568884e-05,0
0.0,2.676836e-05,0
0.0,3.4238015e-05,0
0.0,2.0014746e-05,0
0.0,1.4882967e-05,0
0.0,6.856448e-06,0
1.0,0.9242701,0
0.0,1.0201576e-05,0
0.0,3.0550964e-05,0
0.0,9.552659e-06,0
0.0,5.0710496e-05,0
0.0,1.9241966e-06,0
0.0,3.4981764e-05,0
0.0,7.732319e-06,0
0.0,2.2772161e-05,0
0.0,8.8123215e-06,0
0.0,5.675308e-06,0
0.0,0.00077206723,0
0.0,1.1433995e-05,0
0.0,7.365052e-06,0
0.0,9.1973976e-05,0
0.0,1.7903776e-05,0
0.0,5.246848e-05,0
0.0,4.242623e-05,0
0.0,6.628372e-05,0
0.0,2.0728636e-05,0
0.0,5.696705e-06,0
0.0,0.00040838847,0
0.0,3.372516e-05,0
0.0,2.2085931e-05,0
0.0,8.521476e-06,0
0.0,4.032555e-06,0
0.0,2.3508277e-05,0
0.0,1.6497453e-06,0
0.0,0.00014128965,0
0.0,2.4851239e-05,0
0.0,4.2649543e-05,0
0.0,9.712274e-06,0
0.0,2.5376157e-06,0
0.0,7.252604e-06,0
0.0,0.00039008717,0
0.0,5.8609694e-06,0
0.0,4.9880196e-06,0
1.0,0.99537295,0
0.0,9.490421e-06,0
0.0,3.814801e-05,0
0.0,5.277233e-06,0
0.0,2.6322023e-05,0
0.0,4.204337e-06,0
0.0,9.385225e-06,0
0.0,5.7751247e-05,0
1.0,0.997997,0
0.0,4.1066855e-06,0
1.0,0.9999547,0
0.0,4.826623e-06,0
0.0,3.2776952e-05,0
0.0,0.0027425182,0
0.0,0.00015017827,0
0.0,4.457428e-06,0
0.0,2.268161e-05,0
0.0,0.26287854,0
0.0,2.7012646e-05,0
0.0,0.011710293,0
1.0,0.99999654,1
1.0,0.99999607,1
1.0,0.99999475,1
1.0,0.9999943,1
1.0,0.99999547,1
1.0,0.99957424,1
1.0,0.99998057,1
1.0,0.9999852,1
1.0,0.999979,1
1.0,0.99999046,1
1.0,0.99998796,1
1.0,0.99999475,1
1.0,0.9999895,1
1.0,0.9999932,1
1.0,0.999995,1
1.0,0.99999034,1
1.0,0.99999475,1
1.0,0.9999956,1
1.0,0.9999943,1
1.0,0.99999654,1
1.0,0.999992,1
1.0,0.99999535,1
1.0,0.99999607,1
1.0,0.9999951,1
1.0,0.9999713,1
1.0,0.9999747,1
1.0,0.99376136,1
1.0,0.9999895,1
1.0,0.9999927,1
1.0,0.99998665,1
1.0,0.99998796,1
1.0,0.9999958,1
1.0,0.9999938,1
1.0,0.99999404,1
1.0,0.99999416,1
1.0,0.9999944,1
1.0,0.9999894,1
1.0,0.9999944,1
1.0,0.9999925,1
1.0,0.9999726,1
1.0,0.9999919,1
1.0,0.9999963,1
1.0,0.99999523,1
1.0,0.99999535,1
1.0,0.99999464,1
1.0,0.9999944,1
1.0,0.9999188,1
1.0,0.99999464,1
1.0,0.9999907,1
1.0,0.99996984,1
1.0,0.9999832,1
1.0,0.9999486,1
1.0,0.9999776,1
1.0,0.9999957,1
1.0,0.9999927,1
1.0,0.99999523,1
1.0,0.9999862,1
1.0,0.99999654,1
1.0,0.99999404,1
1.0,0.9999958,1
1.0,0.999992,1
1.0,0.99999285,1
1.0,0.9999938,1
1.0,0.9999925,1
1.0,0.9999932,1
1.0,0.99999547,1
1.0,0.999998,1
1.0,0.99999535,1
1.0,0.99999714,1
1.0,0.99997663,1
1.0,0.99999654,1
1.0,0.99999535,1
1.0,0.99999654,1
1.0,0.9999733,1
1.0,0.99996746,1
1.0,0.99999523,1
1.0,0.99999475,1
1.0,0.99999404,1
1.0,0.99999034,1
1.0,0.9999944,1
1.0,0.99998045,1
1.0,0.99997365,1
1.0,0.9999908,1
1.0,0.99998784,1
1.0,0.9999943,1
1.0,0.9999938,1
1.0,0.9999944,1
1.0,0.99999475,1
1.0,0.9999902,1
1.0,0.99999344,1
1.0,0.9998442,1
1.0,0.9999962,1
1.0,0.99999535,1
1.0,0.9981608,1
1.0,0.9999933,1
1.0,0.9999889,1
1.0,0.99999046,1
1.0,0.9999938,1
1.0,0.99999344,1
1.0,0.999995,1
1.0,0.9999783,1
1.0,0.99999166,1
1.0,0.99999,1
1.0,0.9999907,1
1.0,0.9999894,1
1.0,0.99998426,1
1.0,0.9999912,1
1.0,0.99999464,1
1.0,0.9999944,1
1.0,0.9999895,1
1.0,0.99999285,1
1.0,0.9999908,1
1.0,0.99999154,1
1.0,0.9999951,1
1.0,0.9999932,1
1.0,0.99997795,1
1.0,0.9999926,1
1.0,0.999995,1
1.0,0.9999943,1
0.0,0.21105185,1
1.0,0.99999356,1
1.0,0.99999523,1
1.0,0.99998736,1
1.0,0.9999964,1
1.0,0.9999902,1
1.0,0.99999535,1
1.0,0.9999871,1
1.0,0.99999166,1
1.0,0.9999863,1
1.0,0.9999819,1
1.0,0.99995804,1
1.0,0.9999857,1
1.0,0.99998367,1
1.0,0.99998605,1
1.0,0.9999939,1
1.0,0.9999925,1
1.0,0.9999933,1
1.0,0.9999901,1
1.0,0.9999931,1
1.0,0.99999416,1
1.0,0.9999938,1
1.0,0.999995,1
1.0,0.99999535,1
1.0,0.9999962,1
1.0,0.9999957,1
1.0,0.9999951,1
1.0,0.99999106,1
1.0,0.99999607,1
1.0,0.9999962,1
1.0,0.9999938,1
1.0,0.99999547,1
1.0,0.9999939,1
1.0,0.99999547,1
1.0,0.9999951,1
1.0,0.99998724,1
1.0,0.9999876,1
1.0,0.9999647,1
1.0,0.99997354,1
1.0,0.9999932,1
1.0,0.999995,1
1.0,0.99990916,1
1.0,0.9999944,1
1.0,0.9999956,1
1.0,0.9999887,1
1.0,0.99999475,1
1.0,0.9999938,1
1.0,0.9999888,1
1.0,0.9999894,1
1.0,0.99998415,1
1.0,0.99998975,1
1.0,0.999995,1
1.0,0.9999838,1
1.0,0.99999475,1
1.0,0.99999106,1
1.0,0.99998236,1
1.0,0.99997985,1
1.0,0.9999944,1
1.0,0.9999913,1
1.0,0.9999949,1
1.0,0.99999464,1
1.0,0.9999963,1
1.0,0.9999931,1
1.0,0.9999945,1
1.0,0.99999464,1
1.0,0.9999963,1
1.0,0.99999714,1
1.0,0.99999726,1
1.0,0.9999962,1
1.0,0.9999864,1
1.0,0.9999628,1
1.0,0.9999881,1
1.0,0.99999285,1
1.0,0.9999924,1
1.0,0.9999857,1
1.0,0.9999969,1
1.0,0.9999957,1
1.0,0.99999535,1
1.0,0.99999297,1
1.0,0.99998426,1
1.0,0.99998534,1
1.0,0.99998343,1
1.0,0.99999,1
1.0,0.9999938,1
1.0,0.99997973,1
1.0,0.9999908,1
1.0,0.99999285,1
1.0,0.99999523,1
1.0,0.999992,1
1.0,0.99997854,1
1.0,0.99997187,1
1.0,0.9999937,1
1.0,0.9999887,1
1.0,0.9999932,1
1.0,0.99999213,1
1.0,0.99999094,1
1.0,0.99999404,1
1.0,0.9999924,1
1.0,0.99999547,1
1.0,0.9999937,1
1.0,0.9999933,1
1.0,0.99999416,1
1.0,0.999995,1
1.0,0.99997354,1
1.0,0.9999732,1
1.0,0.9999932,1
1.0,0.9999932,1
1.0,0.9999877,1
1.0,0.99998164,1
1.0,0.99999106,1
1.0,0.9999919,1
1.0,0.9999951,1
1.0,0.9999956,1
1.0,0.9999932,1
1.0,0.99999046,1
1.0,0.999987,1
1.0,0.99999297,1
1.0,0.9999974,1
1.0,0.9999962,1
1.0,0.9999938,1
1.0,0.99999535,1
1.0,0.9999938,1
1.0,0.9999746,1
1.0,0.9999912,1
1.0,0.9999865,1
1.0,0.9999968,1
1.0,0.9999865,1
1.0,0.99998975,1
1.0,0.9999944,1
1.0,0.9999939,1
1.0,0.9999882,1
1.0,0.9999889,1
1.0,0.9999906,1
1.0,0.9999949,1
1.0,0.99999607,1
1.0,0.9999914,1
1.0,0.9999949,1
1.0,0.9999944,1
1.0,0.9999938,1
1.0,0.9999962,1
1.0,0.99999213,1
1.0,0.9999856,1
1.0,0.9999708,1
1.0,0.99999547,1
1.0,0.9999927,1
1.0,0.99999595,1
1.0,0.9999964,1
1.0,0.9999943,1
1.0,0.999995,1
1.0,0.9999927,1
1.0,0.99999535,1
1.0,0.9999962,1
1.0,0.999997,1
1.0,0.99999714,1
1.0,0.99998486,1
1.0,0.999445,1
1.0,0.9997837,1
1.0,0.99990463,1
1.0,0.9999677,1
1.0,0.99987054,1
1.0,0.9999939,1
1.0,0.99999356,1
1.0,0.9999893,1
1.0,0.9999764,1
1.0,0.9999918,1
1.0,0.99998975,1
1.0,0.9999883,1
1.0,0.9999919,1
1.0,0.9999895,1
1.0,0.99999046,1
1.0,0.9999943,1
0.0,1.5631991e-05,0
0.0,1.8016479e-05,0
0.0,3.4362838e-05,0
0.0,0.00048984966,0
1.0,0.99993944,0
0.0,5.8370006e-06,0
0.0,2.5595738e-05,0
0.0,1.0762765e-05,0
1.0,0.9999231,0
0.0,8.4419466e-05,0
1.0,0.997801,0
0.0,2.7923652e-05,0
0.0,4.9259746e-05,0
0.0,1.5028216e-05,0
0.0,0.00060642674,0
0.0,4.945414e-05,0
0.0,0.0044180555,0
0.0,0.006365033,0
0.0,3.0071878e-05,0
0.0,1.0118607e-05,0
0.0,1.058524e-05,0
1.0,0.9998079,0
0.0,0.000108547625,0
0.0,9.734639e-06,0
0.0,7.5712975e-05,0
0.0,5.704233e-05,0
0.0,1.8323224e-05,0
0.0,6.8081345e-06,0
0.0,9.216832e-06,0
0.0,4.8500024e-06,0
0.0,2.8383098e-05,0
0.0,9.060779e-06,0
0.0,0.0011097614,0
0.0,1.0478205e-05,0
0.0,1.5650578e-05,0
0.0,4.119114e-05,0
0.0,2.4984189e-05,0
0.0,4.4825927e-05,0
0.0,6.96727e-05,0
0.0,1.4856364e-05,0
1.0,0.99991536,0
1.0,0.99995303,0
0.0,0.0002618461,0
0.0,1.1868012e-05,0
1.0,0.81982875,0
0.0,6.362276e-05,0
0.0,3.3892662e-05,0
0.0,4.4248187e-05,0
0.0,4.7593883e-05,0
1.0,0.9989247,0
0.0,0.012316769,0
0.0,4.363718e-05,0
0.0,4.0918687e-05,0
0.0,1.1249175e-05,0
0.0,4.1451607e-05,0
0.0,1.350373e-05,0
0.0,4.8390706e-05,0
0.0,8.099574e-06,0
0.0,3.945207e-05,0
0.0,0.0002750598,0
0.0,7.750558e-05,0
0.0,0.000114833034,0
0.0,4.2260304e-05,0
0.0,3.9315284e-05,0
0.0,0.00017332207,0
0.0,5.4291908e-05,0
0.0,1.906263e-05,0
0.0,0.00017310718,0
0.0,1.45154045e-05,0
0.0,0.0005933204,0
0.0,3.00482e-05,0
0.0,6.2833556e-06,0
0.0,1.91017e-05,0
0.0,2.9913652e-05,0
0.0,3.211102e-05,0
0.0,4.323287e-05,0
1.0,0.99994504,0
0.0,3.0767803e-06,0
0.0,5.3947766e-05,0
0.0,7.616354e-05,0
0.0,0.018858757,0
0.0,1.27946105e-05,0
0.0,0.0012893799,0
0.0,7.9240664e-05,0
0.0,0.00011813101,0
0.0,5.0494796e-06,0
0.0,8.535764e-06,0
0.0,9.712608e-06,0
0.0,0.08782955,0
0.0,4.12797e-05,0
0.0,1.5500878e-05,0
0.0,0.00038950713,0
0.0,5.202584e-05,0
0.0,2.182099e-05,0
0.0,0.0001614137,0
1.0,0.99851173,0
0.0,0.26481912,0
0.0,2.6360232e-05,0
0.0,2.0547332e-05,0
1.0,0.57571596,0
0.0,2.5167366e-05,0
0.0,0.0017941563,0
0.0,4.9710412e-05,0
0.0,2.4652934e-05,0
0.0,0.0018540792,0
0.0,0.00039637473,0
0.0,9.179016e-05,0
0.0,7.7547345e-05,0
0.0,2.3688764e-05,0
0.0,1.7545691e-06,0
0.0,5.219679e-05,0
0.0,2.9121049e-05,0
0.0,3.2032844e-05,0
0.0,2.6192714e-05,0
0.0,2.6437998e-05,0
0.0,0.000102187536,0
0.0,6.383624e-06,0
0.0,2.7909987e-06,0
0.0,2.4426776e-05,0
0.0,1.7796754e-05,0
0.0,4.6569556e-05,0
0.0,1.7730974e-05,0
0.0,3.5298173e-05,0
0.0,3.207442e-05,0
0.0,6.9969385e-05,0
0.0,1.7047721e-05,0
0.0,0.00031839573,0
0.0,0.11662533,0
0.0,0.35811925,0
1.0,0.90805113,0
0.0,0.03191109,0
0.0,0.0023929703,0
0.0,5.4839096e-05,0
1.0,0.8967789,0
0.0,1.9283798e-05,0
0.0,4.0743894e-06,0
0.0,2.3517157e-05,0
0.0,0.000110000896,0
0.0,7.972955e-05,0
0.0,2.4815125e-05,0
0.0,1.0142722e-05,0
0.0,3.2816984e-05,0
0.0,0.00012272992,0
0.0,7.056239e-05,0
0.0,0.00019873506,0
0.0,3.827387e-05,0
0.0,1.1901267e-05,0
0.0,0.23296764,0
0.0,1.0451867e-05,0
1.0,0.60741425,0
0.0,5.875739e-05,0
0.0,0.011251248,0
0.0,1.8720157e-05,0
0.0,5.2994055e-05,0
0.0,5.6384742e-05,0
1.0,0.99997544,0
1.0,0.9680935,0
0.0,9.3988194e-05,0
0.0,0.00019283497,0
0.0,8.181188e-06,0
1.0,0.65044373,0
0.0,1.7844492e-05,0
1.0,0.99977297,0
1.0,0.99822384,0
0.0,0.00044001697,0
0.0,0.017971864,0
0.0,4.457368e-06,0
0.0,2.391708e-06,0
0.0,0.0020894231,0
0.0,0.001233251,0
0.0,0.019467426,0
0.0,2.286896e-05,0
0.0,2.8410343e-05,0
0.0,1.5176184e-05,0
0.0,9.885648e-05,0
0.0,8.686111e-05,0
0.0,0.21153885,0
0.0,0.00029065422,0
1.0,0.9998153,0
0.0,1.3449969e-05,0
0.0,1.3086322e-05,0
0.0,3.0344223e-05,0
0.0,0.00017219778,0
0.0,2.3997087e-05,0
1.0,0.9977501,0
1.0,0.9999541,0
0.0,5.591788e-06,0
0.0,0.004743741,0
0.0,7.870761e-06,0
0.0,2.7519414e-05,0
0.0,8.384444e-06,0
0.0,0.000103828665,0
0.0,0.013800621,0
0.0,1.6696773e-05,0
0.0,6.445573e-05,0
0.0,4.4735584e-06,0
0.0,2.9094981e-05,0
0.0,2.5210252e-06,0
1.0,0.99995756,0
0.0,0.0001105614,0
0.0,6.491639e-05,0
0.0,1.4711262e-05,0
1.0,0.9999325,0
0.0,4.428365e-05,0
0.0,0.00015827827,0
0.0,1.7357777e-05,0
0.0,6.678078e-06,0
0.0,0.008383521,0
0.0,0.00018978347,0
0.0,3.3503784e-05,0
0.0,7.460892e-06,0
0.0,9.294445e-06,0
1.0,0.9998629,0
0.0,2.2854352e-05,0
0.0,2.766577e-05,0
0.0,0.00014205235,0
0.0,5.075389e-05,0
0.0,1.3127245e-05,0
0.0,1.4273071e-05,0
0.0,5.7411296e-05,0
1.0,0.9997731,0
0.0,5.5893356e-06,0
0.0,0.00055849884,0
0.0,2.0649992e-05,0
1.0,0.9921821,0
0.0,4.543594e-05,0
0.0,8.203673e-06,0
0.0,1.1842315e-05,0
0.0,0.0038878138,0
0.0,3.7746188e-06,0
1.0,0.999979,0
0.0,8.30473e-06,0
0.0,3.399589e-05,0
0.0,7.5270277e-06,0
0.0,0.00012917958,0
0.0,6.092409e-05,0
1.0,0.9527175,0
0.0,3.271281e-05,0
0.0,0.0011294939,0
0.0,1.7395629e-05,0
0.0,2.0060761e-05,0
0.0,8.321744e-06,0
0.0,1.52286675e-05,0
0.0,0.029926645,0
0.0,1.235969e-05,0
0.0,2.1529166e-05,0
0.0,6.548544e-05,0
0.0,2.5007621e-05,0
0.0,0.01863484,0
0.0,2.4207306e-05,0
0.0,1.37613215e-05,0
1.0,0.9982526,0
0.0,1.1809124e-05,0
0.0,2.4657122e-05,0
0.0,1.0640846e-05,0
0.0,2.5526317e-05,0
0.0,1.819071e-05,0
0.0,3.1388772e-06,0
0.0,1.8161798e-05,0
0.0,5.9572823e-05,0
0.0,0.00013722884,0
0.0,4.2178213e-05,0
0.0,2.3318222e-05,0
1.0,0.999961,0
0.0,2.8932618e-05,0
0.0,6.063631e-05,0
0.0,2.9316934e-05,0
0.0,1.3563525e-05,0
0.0,0.018252132,0
0.0,3.541287e-05,0
0.0,2.5810607e-05,0
0.0,1.6664479e-05,0
0.0,7.1221825e-06,0
0.0,0.014599287,0
0.0,1.5624866e-05,0
1.0,0.9883172,0
1.0,0.9032888,0
0.0,0.2303753,0
0.0,0.00030293068,0
0.0,7.021201e-05,0
0.0,4.608567e-05,0
0.0,3.674416e-05,0
0.0,4.9869686e-06,0
0.0,2.0365747e-05,0
0.0,4.930063e-05,0
0.0,1.3441249e-05,0
1.0,0.8778094,0
0.0,2.6176684e-05,0
0.0,1.898212e-05,0
0.0,2.4579598e-05,0
0.0,0.003268035,0
1.0,0.9171177,0
0.0,0.0009157892,0
0.0,2.093768e-05,0
1.0,0.999964,0
0.0,2.1386702e-05,0
0.0,6.189861e-06,0
0.0,2.3153296e-05,0
0.0,4.2581472e-05,0
0.0,0.00023384446,0
0.0,2.1201036e-05,0
1.0,0.9999846,0
0.0,3.4660385e-05,0
0.0,2.7826944e-05,0
0.0,9.658406e-06,0
0.0,6.7982946e-05,0
0.0,6.608995e-05,0
1.0,0.9794748,0
1.0,0.99953413,0
0.0,7.090707e-05,0
0.0,6.4243046e-05,0
1.0,0.999982,1
1.0,0.9999864,1
1.0,0.999995,1
1.0,0.999995,1
1.0,0.9999894,1
1.0,0.9999949,1
1.0,0.99999356,1
1.0,0.999992,1
1.0,0.99999607,1
1.0,0.9999863,1
1.0,0.99998486,1
1.0,0.9999012,1
1.0,0.9999541,1
1.0,0.99999297,1
1.0,0.9999932,1
1.0,0.9999944,1
1.0,0.99999535,1
1.0,0.9999956,1
1.0,0.9999926,1
1.0,0.9999925,1
1.0,0.9999956,1
1.0,0.9999958,1
1.0,0.9999963,1
1.0,0.9999944,1
1.0,0.9999939,1
1.0,0.9999914,1
1.0,0.9999937,1
1.0,0.9999949,1
1.0,0.99999416,1
1.0,0.9999933,1
1.0,0.9999927,1
1.0,0.9999943,1
1.0,0.99999344,1
1.0,0.99929714,1
1.0,0.9999958,1
1.0,0.9999951,1
1.0,0.9999957,1
1.0,0.99999475,1
1.0,0.99999356,1
1.0,0.9999856,1
1.0,0.99998915,1
1.0,0.9999814,1
1.0,0.9999702,1
1.0,0.99997866,1
1.0,0.99999595,1
1.0,0.9999963,1
1.0,0.9999932,1
1.0,0.99998367,1
1.0,0.9999944,1
1.0,0.9999758,1
1.0,0.9999962,1
1.0,0.9999951,1
1.0,0.99999547,1
1.0,0.99999607,1
1.0,0.9999821,1
1.0,0.99999213,1
1.0,0.9999949,1
1.0,0.9999939,1
1.0,0.99999344,1
1.0,0.9999932,1
1.0,0.9999925,1
1.0,0.9999925,1
1.0,0.9999913,1
1.0,0.99998784,1
1.0,0.9999678,1
1.0,0.9999844,1
1.0,0.9999902,1
1.0,0.99999416,1
1.0,0.9999945,1
1.0,0.9999933,1
1.0,0.9999937,1
1.0,0.9999932,1
1.0,0.9999912,1
1.0,0.99999535,1
1.0,0.9999956,1
1.0,0.9999932,1
1.0,0.9999925,1
1.0,0.9999962,1
1.0,0.999992,1
1.0,0.9999926,1
1.0,0.99999666,1
1.0,0.99999666,1
1.0,0.9999974,1
1.0,0.9999969,1
1.0,0.99999666,1
1.0,0.9999968,1
1.0,0.99999475,1
1.0,0.9999943,1
1.0,0.9999944,1
1.0,0.9999894,1
1.0,0.99995875,1
1.0,0.9999914,1
1.0,0.9999957,1
1.0,0.9999949,1
1.0,0.99999356,1
1.0,0.9999776,1
1.0,0.99999475,1
1.0,0.9999896,1
1.0,0.99999475,1
1.0,0.9999951,1
1.0,0.9999956,1
1.0,0.99999654,1
1.0,0.99999654,1
1.0,0.9999949,1
1.0,0.99999213,1
1.0,0.99999547,1
1.0,0.99999464,1
1.0,0.9999939,1
1.0,0.9999827,1
1.0,0.9999908,1
1.0,0.9999956,1
1.0,0.9999912,1
1.0,0.9999418,1
1.0,0.9999807,1
1.0,0.99994135,1
1.0,0.9999976,1
1.0,0.9999964,1
1.0,0.99999344,1
1.0,0.99999034,1
1.0,0.99999106,1
1.0,0.99999595,1
1.0,0.99999225,1
1.0,0.9999951,1
1.0,0.99999416,1
1.0,0.99994385,1
1.0,0.99999464,1
1.0,0.99999285,1
1.0,0.99999547,1
1.0,0.99999464,1
1.0,0.99999344,1
1.0,0.99999523,1
1.0,0.9999964,1
1.0,0.9999962,1
1.0,0.999992,1
1.0,0.99999213,1
1.0,0.99999547,1
1.0,0.9999876,1
1.0,0.99999464,1
1.0,0.999995,1
1.0,0.9999945,1
1.0,0.9999933,1
1.0,0.99999094,1
1.0,0.9999869,1
1.0,0.9999932,1
1.0,0.99999654,1
1.0,0.9999964,1
1.0,0.9999956,1
1.0,0.9999951,1
1.0,0.9999963,1
1.0,0.9999889,1
1.0,0.99998975,1
1.0,0.999843,1
1.0,0.99999344,1
1.0,0.9999937,1
1.0,0.99999154,1
1.0,0.9999895,1
1.0,0.9999901,1
0.0,0.010036675,1
1.0,0.99999416,1
1.0,0.99999475,1
1.0,0.99999464,1
1.0,0.9999925,1
1.0,0.9999925,1
1.0,0.8865679,1
1.0,0.99996805,1
1.0,0.99999166,1
1.0,0.9999838,1
0.0,5.4941902e-05,1
1.0,0.6072607,1
1.0,0.9999701,1
1.0,0.9999925,1
1.0,0.99975663,1
1.0,0.99998736,1
1.0,0.9999945,1
1.0,0.9999908,1
1.0,0.99999106,1
1.0,0.99999523,1
1.0,0.999992,1
1.0,0.99998903,1
1.0,0.9999962,1
1.0,0.99999595,1
1.0,0.9999949,1
1.0,0.99999285,1
1.0,0.9999926,1
1.0,0.99999154,1
1.0,0.9999943,1
1.0,0.99999,1
1.0,0.9999933,1
1.0,0.99999154,1
1.0,0.9999968,1
1.0,0.99999166,1
1.0,0.9999912,1
1.0,0.99999547,1
1.0,0.99999404,1
1.0,0.99999344,1
1.0,0.9999949,1
1.0,0.9999932,1
1.0,0.99998736,1
1.0,0.9999956,1
1.0,0.9999945,1
1.0,0.99999356,1
1.0,0.99999666,1
1.0,0.999998,1
1.0,0.99999595,1
1.0,0.9999932,1
1.0,0.99999785,1
1.0,0.9999896,1
1.0,0.99998343,1
1.0,0.9999924,1
1.0,0.99999464,1
1.0,0.9999912,1
1.0,0.99997985,1
0.0,0.00039426502,0
0.0,1.9066521e-05,0
0.0,3.155275e-05,0
0.0,5.499969e-06,0
0.0,1.1011565e-05,0
0.0,1.1047453e-05,0
0.0,2.8606302e-05,0
0.0,1.6870898e-05,0
0.0,2.4874542e-05,0
0.0,5.30604e-05,0
0.0,5.5498494e-06,0
0.0,2.625334e-06,0
0.0,0.00012612292,0
0.0,2.4288933e-05,0
0.0,3.8042726e-05,0
0.0,3.9412167e-05,0
0.0,0.0035524317,0
0.0,4.3076816e-05,0
0.0,3.470941e-05,0
0.0,1.12219595e-05,0
1.0,0.78061956,0
0.0,2.9378816e-05,0
0.0,2.4206845e-05,0
0.0,7.497195e-05,0
1.0,0.9994141,0
0.0,1.1132942e-05,0
0.0,2.4565163e-05,0
0.0,4.2874766e-05,0
0.0,1.1701872e-05,0
0.0,7.4214106e-05,0
0.0,1.26449595e-05,0
0.0,2.772176e-05,0
0.0,1.3508355e-05,0
0.0,5.5557022e-05,0
0.0,1.5692856e-05,0
0.0,3.9306683e-06,0
0.0,2.2494974e-05,0
1.0,0.9969879,0
1.0,0.9998863,0
0.0,0.00029790332,0
0.0,1.318482e-05,0
0.0,3.805307e-05,0
0.0,6.784212e-06,0
0.0,5.3971667e-06,0
0.0,0.00017525579,0
0.0,9.8927185e-06,0
0.0,2.005265e-05,0
0.0,0.000101385805,0
0.0,3.1893545e-05,0
0.0,2.0944071e-05,0
1.0,0.87583625,0
1.0,0.9903619,0
0.0,0.0003832629,0
0.0,8.246586e-05,0
0.0,9.851436e-06,0
0.0,7.866606e-05,0
0.0,2.6205258e-05,0
1.0,0.9999927,0
0.0,6.864542e-06,0
0.0,0.0036332114,0
1.0,0.99769896,0
0.0,2.1302674e-05,0
0.0,0.00010699443,0
0.0,2.142736e-06,0
0.0,3.3835884e-05,0
0.0,7.4835596e-05,0
0.0,0.0044518695,0
0.0,7.932975e-06,0
0.0,0.0001409785,0
1.0,0.9999801,0
0.0,8.8317065e-05,0
0.0,0.00031043615,0
0.0,1.3771495e-05,0
0.0,0.014842647,0
0.0,2.8837532e-05,0
1.0,0.9999858,0
0.0,2.0404588e-05,0
0.0,5.3210442e-05,0
0.0,8.06962e-06,0
1.0,0.99993956,0
0.0,9.697281e-06,0
0.0,0.00012435822,0
0.0,1.6987982e-05,0
0.0,1.04261035e-05,0
0.0,2.2705892e-05,0
0.0,6.358129e-05,0
0.0,6.744519e-05,0
0.0,2.6644686e-05,0
0.0,5.1655084e-06,0
0.0,7.217129e-05,0
0.0,5.8676647e-05,0
0.0,5.0107383e-06,0
0.0,0.000112303365,0
0.0,1.7910199e-05,0
0.0,8.280864e-05,0
0.0,1.5503334e-05,0
0.0,7.279732e-05,0
0.0,1.1734716e-05,0
1.0,0.99986684,0
1.0,0.7197707,0
0.0,6.274146e-06,0
0.0,1.6857568e-05,0
0.0,1.4796922e-05,0
0.0,4.7799836e-05,0
0.0,2.3342918e-05,0
1.0,0.9999571,0
0.0,8.949473e-05,0
0.0,1.6867634e-05,0
0.0,3.2774074e-05,0
1.0,0.9999349,0
0.0,0.0002144432,0
0.0,9.767503e-06,0
0.0,6.2667874e-05,0
0.0,1.5978289e-05,0
0.0,5.514346e-05,0
0.0,0.00010538253,0
0.0,7.690012e-06,0
0.0,8.6882355e-06,0
0.0,1.6921287e-05,0
0.0,1.3867531e-05,0
0.0,2.3694074e-05,0
0.0,5.7261072e-06,0
1.0,0.92551154,0
0.0,1.849053e-05,0
0.0,2.3044586e-05,0
0.0,2.8949731e-05,0
0.0,1.584353e-05,0
1.0,0.999793,0
0.0,1.4322868e-05,0
0.0,0.0018143912,0
0.0,4.9731465e-05,0
0.0,0.000157809,0
0.0,2.7689043e-06,0
0.0,7.2696944e-06,0
0.0,1.5976855e-05,0
0.0,3.1230159e-06,0
0.0,2.0406069e-05,0
0.0,3.049013e-05,0
1.0,0.99967945,0
0.0,3.237243e-05,0
0.0,1.6532054e-05,0
0.0,2.098754e-05,0
0.0,1.5629486e-05,0
0.0,0.40369684,0
0.0,0.07546603,0
0.0,1.13409815e-05,0
1.0,0.9769507,0
0.0,7.4184923e-06,0
0.0,3.2921616e-05,0
0.0,3.3714932e-05,0
0.0,0.00010174377,0
1.0,0.76565695,0
1.0,0.5511819,0
0.0,1.8517318e-05,0
0.0,9.218599e-06,0
0.0,8.812296e-06,0
0.0,1.1915348e-05,0
1.0,0.99973565,0
0.0,6.4666197e-06,0
0.0,0.0002890082,0
0.0,2.9223786e-06,0
0.0,1.749308e-05,0
0.0,7.953486e-05,0
0.0,1.5801355e-05,0
0.0,1.4892508e-05,0
0.0,7.701748e-06,0
0.0,5.095308e-06,0
0.0,1.6252394e-05,0
1.0,0.99973935,0
0.0,0.00010560475,0
0.0,0.002497944,0
0.0,9.5404095e-05,0
0.0,9.778725e-06,0
0.0,1.9054269e-05,0
1.0,0.9997793,0
1.0,0.9999807,0
0.0,0.0011190563,0
0.0,1.7186e-05,0
0.0,2.9441668e-05,0
0.0,1.5154375e-05,0
0.0,9.967407e-06,0
0.0,9.463301e-06,0
0.0,0.00012382279,0
0.0,9.031317e-06,0
0.0,2.5785368e-05,0
0.0,4.0596355e-05,0
0.0,6.823807e-06,0
0.0,1.5182192e-05,0
0.0,0.00020772597,0
0.0,2.1881839e-05,0
0.0,1.5524432e-05,0
0.0,0.00044858258,0
1.0,0.9852688,0
1.0,0.9999752,0
0.0,1.2723659e-05,0
0.0,4.447057e-05,0
0.0,2.1466085e-05,0
0.0,3.0164794e-05,0
0.0,1.5353551e-05,0
1.0,0.9996574,0
0.0,1.2267812e-05,0
1.0,0.9999666,0
0.0,2.218754e-05,0
0.0,6.374733e-05,0
0.0,1.0587904e-05,0
0.0,5.6695303e-06,0
0.0,4.260981e-06,0
0.0,0.00013874563,0
0.0,0.035281897,0
0.0,0.0002606771,0
0.0,3.4185847e-05,0
0.0,3.3313678e-05,0
0.0,0.0027513877,0
0.0,0.00039284668,0
0.0,5.4616717e-06,0
0.0,4.0886116e-05,0
0.0,7.094659e-06,0
0.0,0.00010555421,0
0.0,6.620514e-05,0
0.0,5.26341e-05,0
0.0,6.2675164e-05,0
0.0,1.135985e-05,0
0.0,0.00014854627,0
0.0,9.758622e-06,0
0.0,2.9377303e-05,0
0.0,0.000677231,0
0.0,1.9687002e-06,0
0.0,1.4738306e-05,0
0.0,3.4469802e-05,0
0.0,0.0005741614,0
0.0,1.18384305e-05,0
0.0,1.8475423e-05,0
0.0,9.733525e-06,0
0.0,9.273496e-06,0
0.0,9.8840055e-06,0
0.0,2.4470959e-05,0
0.0,6.7836336e-05,0
0.0,4.0120427e-05,0
0.0,3.8772352e-05,0
0.0,5.279844e-05,0
0.0,8.0747195e-05,0
0.0,6.1271708e-06,0
0.0,0.3871476,0
0.0,3.4730667e-05,0
0.0,9.42731e-05,0
0.0,2.047773e-05,0
0.0,3.9882702e-06,0
0.0,2.127275e-05,0
0.0,2.6907901e-05,0
0.0,1.9425923e-05,0
0.0,1.8020851e-06,0
0.0,4.136568e-05,0
0.0,6.3697924e-05,0
0.0,1.3394825e-05,0
0.0,1.8519508e-05,0
0.0,3.5014207e-05,0
0.0,0.0005343719,0
0.0,0.00023791233,0
0.0,4.5320186e-05,0
1.0,0.992968,0
0.0,3.2409655e-05,0
0.0,2.615772e-05,0
0.0,0.0002843688,0
1.0,0.87606746,0
1.0,0.9999871,1
1.0,0.9999938,1
1.0,0.9999925,1
1.0,0.9999695,1
1.0,0.9999958,1
1.0,0.9999852,1
1.0,0.99998534,1
1.0,0.99968326,1
1.0,0.9994765,1
1.0,0.99999726,1
1.0,0.9999949,1
1.0,0.9999968,1
1.0,0.9999962,1
1.0,0.9999945,1
1.0,0.9999908,1
1.0,0.9999907,1
1.0,0.99999297,1
1.0,0.99999523,1
1.0,0.9999652,1
1.0,0.99999,1
1.0,0.9999968,1
1.0,0.99984944,1
1.0,0.9999925,1
1.0,0.9999951,1
0.0,0.009213035,1
1.0,0.999992,1
1.0,0.99988604,1
1.0,0.9993591,1
1.0,0.9999963,1
1.0,0.99999595,1
1.0,0.9999937,1
1.0,0.9999902,1
0.0,0.071954735,1
1.0,0.99998796,1
1.0,0.9999944,1
1.0,0.9999901,1
1.0,0.9999945,1
1.0,0.9999914,1
1.0,0.99989283,1
1.0,0.9999913,1
0.0,3.4657547e-05,1
1.0,0.9999914,1
1.0,0.9999871,1
1.0,0.9999945,1
1.0,0.9999951,1
1.0,0.99999404,1
1.0,0.99999213,1
1.0,0.999995,1
1.0,0.9999951,1
1.0,0.99999595,1
1.0,0.9999931,1
1.0,0.99999094,1
1.0,0.99999535,1
1.0,0.99997973,1
1.0,0.99999285,1
1.0,0.99995995,1
1.0,0.99998903,1
1.0,0.9999924,1
1.0,0.9999945,1
1.0,0.9999864,1
1.0,0.99998724,1
1.0,0.9999815,1
1.0,0.9999858,1
1.0,0.99999106,1
1.0,0.99998486,1
1.0,0.9999957,1
1.0,0.9999956,1
1.0,0.9999956,1
1.0,0.99999535,1
1.0,0.9999881,1
1.0,0.9999608,1
1.0,0.9999807,1
1.0,0.99999154,1
1.0,0.9999945,1
1.0,0.9999925,1
1.0,0.99999,1
1.0,0.9999895,1
1.0,0.99999285,1
1.0,0.99998415,1
1.0,0.999985,1
1.0,0.99998665,1
1.0,0.9999944,1
1.0,0.9999918,1
1.0,0.9999951,1
1.0,0.9999943,1
1.0,0.9999945,1
1.0,0.99999547,1
1.0,0.9999964,1
1.0,0.99999094,1
0.0,0.00015802462,1
1.0,0.9999944,1
1.0,0.9999933,1
1.0,0.99999523,1
1.0,0.9999938,1
1.0,0.9999963,1
1.0,0.999995,1
1.0,0.9999844,1
1.0,0.99959224,1
1.0,0.99996305,1
1.0,0.99998367,1
1.0,0.99999046,1
1.0,0.9999882,1
1.0,0.99999535,1
1.0,0.99999547,1
1.0,0.9999949,1
1.0,0.99999523,1
1.0,0.99999595,1
1.0,0.99999607,1
1.0,0.9999945,1
1.0,0.9999932,1
1.0,0.9999932,1
1.0,0.99998856,1
1.0,0.9999931,1
1.0,0.9999877,1
1.0,0.9999944,1
1.0,0.999995,1
1.0,0.99992347,1
1.0,0.9999912,1
1.0,0.9999876,1
1.0,0.9999976,1
1.0,0.99999654,1
1.0,0.9999968,1
1.0,0.9999949,1
1.0,0.99999547,1
1.0,0.99998677,1
1.0,0.9999925,1
1.0,0.9999932,1
1.0,0.99999106,1
1.0,0.9999943,1
1.0,0.9999908,1
0.0,0.0044996184,1
1.0,0.9999949,1
1.0,0.99998677,1
1.0,0.9999968,1
1.0,0.99999344,1
1.0,0.99999475,1
1.0,0.9999939,1
1.0,0.9999951,1
1.0,0.9999925,1
1.0,0.9999958,1
1.0,0.9999945,1
1.0,0.9999927,1
1.0,0.9999957,1
0.0,0.008995438,1
1.0,0.99999416,1
1.0,0.9999958,1
1.0,0.99998987,1
1.0,0.99998844,1
1.0,0.99999654,1
1.0,0.9999949,1
1.0,0.99999523,1
1.0,0.99999464,1
1.0,0.99999535,1
1.0,0.9999949,1
1.0,0.9999962,1
1.0,0.99999285,1
1.0,0.99999607,1
1.0,0.99999547,1
1.0,0.99999595,1
1.0,0.99999666,1
1.0,0.9999875,1
1.0,0.9985083,1
0.0,0.00012360915,1
1.0,0.9999943,1
1.0,0.998159,1
1.0,0.99997354,1
1.0,0.9999951,1
1.0,0.999997,1
1.0,0.9999906,1
1.0,0.99999475,1
1.0,0.9999943,1
1.0,0.9999945,1
1.0,0.9701836,1
1.0,0.9999951,1
1.0,0.9999902,1
1.0,0.9999906,1
1.0,0.99999464,1
1.0,0.9999951,1
1.0,0.9999958,1
1.0,0.99999464,1
1.0,0.99998856,1
1.0,0.999995,1
1.0,0.9999964,1
1.0,0.99999475,1
1.0,0.9999912,1
1.0,0.99993634,1
1.0,0.9999957,1
1.0,0.9999925,1
1.0,0.99999475,1
1.0,0.99999,1
1.0,0.99997485,1
1.0,0.9999937,1
1.0,0.9999901,1
1.0,0.99999666,1
1.0,0.9999969,1
1.0,0.99999595,1
1.0,0.99999523,1
1.0,0.9999964,1
1.0,0.99999547,1
1.0,0.9999938,1
1.0,0.9999932,1
0.0,0.0003304273,1
1.0,0.9999938,1
1.0,0.9999956,1
1.0,0.9999945,1
1.0,0.99959284,1
1.0,0.9999659,1
1.0,0.9999846,1
1.0,0.99999547,1
1.0,0.9999926,1
1.0,0.9999933,1
1.0,0.99999416,1
1.0,0.9999918,1
1.0,0.99999344,1
1.0,0.9999969,1
1.0,0.9999703,1
1.0,0.99999595,1
1.0,0.9999945,1
1.0,0.99999547,1
1.0,0.999995,1
1.0,0.99998534,1
1.0,0.9999914,1
1.0,0.9999944,1
1.0,0.9999633,1
1.0,0.99999416,1
1.0,0.98703396,1
1.0,0.9999865,1
1.0,0.99999106,1
1.0,0.999992,1
1.0,0.99999225,1
1.0,0.99999297,1
1.0,0.9999926,1
1.0,0.9999887,1
1.0,0.9999944,1
1.0,0.9999931,1
1.0,0.99998903,1
1.0,0.99998796,1
1.0,0.9999926,1
1.0,0.99999714,1
1.0,0.99999726,1
1.0,0.9999901,1
1.0,0.9999789,1
1.0,0.99999166,1
1.0,0.99998736,1
1.0,0.9999949,1
1.0,0.99999595,1
1.0,0.9999938,1
1.0,0.99998903,1
1.0,0.9999875,1
1.0,0.9999957,1
1.0,0.99998033,1
1.0,0.9999964,1
1.0,0.99999154,1
1.0,0.99998236,1
1.0,0.9673876,1
1.0,0.9999943,1
1.0,0.99999404,1
1.0,0.99998975,1
1.0,0.9999918,1
1.0,0.9747082,1
1.0,0.99998724,1
1.0,0.9999937,1
1.0,0.9999938,1
1.0,0.99999595,1
1.0,0.99999285,1
1.0,0.9999931,1
1.0,0.99999654,1
1.0,0.9999956,1
1.0,0.9999957,1
1.0,0.9999958,1
1.0,0.9999968,1
1.0,0.99981135,1
1.0,0.99999654,1
1.0,0.9999956,1
1.0,0.9999957,1
1.0,0.9999895,1
1.0,0.99998534,1
1.0,0.99999523,1
1.0,0.9999913,1
1.0,0.99998915,1
1.0,0.99999404,1
1.0,0.999995,1
1.0,0.9999956,1
1.0,0.9999752,1
1.0,0.9999715,1
1.0,0.9999944,1
1.0,0.99999344,1
1.0,0.99999225,1
1.0,0.9999937,1
1.0,0.99999225,1
1.0,0.9999819,1
1.0,0.9999889,1
1.0,0.99999523,1
1.0,0.99999607,1
1.0,0.9999957,1
1.0,0.99999213,1
1.0,0.99999356,1
1.0,0.99999654,1
1.0,0.99999523,1
1.0,0.9999925,1
1.0,0.99999523,1
1.0,0.999992,1
1.0,0.9999925,1
1.0,0.9999875,1
1.0,0.99999297,1
1.0,0.9999913,1
1.0,0.9999926,1
1.0,0.9999933,1
1.0,0.99999595,1
1.0,0.9999888,1
1.0,0.999992,1
1.0,0.9999957,1
1.0,0.99999166,1
1.0,0.9999881,1
1.0,0.99999404,1
1.0,0.9999963,1
1.0,0.99999607,1
1.0,0.9999926,1
1.0,0.99999356,1
1.0,0.9999945,1
1.0,0.99999607,1
1.0,0.92858,1
1.0,0.9999945,1
1.0,0.99999404,1
1.0,0.9999887,1
1.0,0.99999607,1
1.0,0.9999945,1
1.0,0.9999963,1
1.0,0.999995,1
1.0,0.99999416,1
1.0,0.9999801,1
1.0,0.99999166,1
1.0,0.9999938,1
1.0,0.9999958,1
1.0,0.9826695,1
1.0,0.9999951,1
1.0,0.99999464,1
1.0,0.99999714,1
1.0,0.9999932,1
1.0,0.99999475,1
1.0,0.9999881,1
1.0,0.9999926,1
1.0,0.999992,1
1.0,0.99999464,1
1.0,0.9999914,1
1.0,0.9999931,1
1.0,0.9999918,1
1.0,0.9999949,1
1.0,0.9999858,1
1.0,0.9999937,1
1.0,0.9999975,1
1.0,0.9999951,1
1.0,0.9999957,1
1.0,0.9999919,1
1.0,0.99999666,1
1.0,0.99999547,1
1.0,0.9999951,1
1.0,0.99999464,1
1.0,0.99999607,1
1.0,0.9999957,1
1.0,0.9999863,1
1.0,0.9999962,1
1.0,0.99999654,1
1.0,0.99999416,1
1.0,0.999995,1
1.0,0.9999846,1
1.0,0.99999464,1
1.0,0.999995,1
1.0,0.9999815,1
1.0,0.99999046,1
1.0,0.9999784,1
1.0,0.9999862,1
1.0,0.9999944,1
1.0,0.9999937,1
1.0,0.99999285,1
1.0,0.9999814,1
1.0,0.7216786,1
1.0,0.999992,1
1.0,0.99999666,1
1.0,0.9999957,1
1.0,0.999998,1
1.0,0.9999974,1
1.0,0.99999774,1
1.0,0.99999666,1
1.0,0.9999944,1
1.0,0.99999595,1
1.0,0.99999654,1
1.0,0.9999958,1
1.0,0.99999726,1
1.0,0.9999926,1
1.0,0.9999938,1
0.0,2.7795584e-06,0
0.0,0.02482147,0
1.0,0.9967435,0
0.0,4.903932e-05,0
0.0,2.377488e-05,0
0.0,1.2080212e-05,0
0.0,8.055949e-06,0
0.0,9.981866e-06,0
0.0,3.7108137e-05,0
0.0,1.1579227e-05,0
0.0,3.2952776e-05,0
0.0,1.1674618e-05,0
0.0,0.25183162,0
0.0,1.1467564e-05,0
0.0,0.049315862,0
0.0,1.6600019e-05,0
0.0,1.7953564e-05,0
1.0,0.89883155,0
0.0,1.1803878e-05,0
1.0,0.9999608,0
0.0,3.472239e-05,0
0.0,0.00018505062,0
0.0,7.422229e-06,0
1.0,0.63649094,0
0.0,3.8752052e-05,0
0.0,1.0324329e-05,0
0.0,0.008669246,0
0.0,1.867825e-05,0
1.0,0.9992341,0
1.0,0.99591136,0
0.0,1.1437387e-05,0
0.0,1.9019957e-05,0
0.0,5.2670504e-05,0
0.0,0.000289154,0
0.0,2.8769195e-05,0
0.0,2.8463926e-05,0
0.0,0.13794915,0
0.0,4.8407648e-05,0
0.0,7.6425495e-06,0
0.0,1.6915446e-05,0
0.0,2.2954048e-06,0
1.0,0.999474,0
0.0,4.7363337e-06,0
0.0,6.469021e-05,0
0.0,1.6134303e-05,0
0.0,1.9496765e-05,0
0.0,0.0002116277,0
0.0,1.2829847e-05,0
0.0,6.6135594e-06,0
0.0,4.2856285e-05,0
0.0,0.0018659473,0
0.0,2.700842e-05,0
0.0,4.035602e-06,0
0.0,6.09249e-05,0
1.0,0.9995796,0
0.0,1.9034254e-05,0
1.0,0.94640946,0
1.0,0.99997187,0
0.0,5.147534e-06,0
0.0,1.0163948e-05,0
0.0,3.9626644e-05,0
0.0,0.0011046901,0
0.0,2.293726e-05,0
0.0,2.814998e-05,0
1.0,0.99896276,0
0.0,3.212407e-05,0
0.0,3.3816654e-05,0
0.0,0.001455528,0
0.0,7.156034e-05,0
1.0,0.9999269,0
0.0,6.9076836e-05,0
0.0,2.2085578e-06,0
0.0,0.0005209476,0
0.0,1.7811646e-05,0
0.0,3.1915135e-06,0
0.0,4.080798e-05,0
0.0,4.7068047e-06,0
0.0,1.0633024e-05,0
0.0,1.0967904e-05,0
1.0,0.99981827,0
0.0,0.39595804,0
0.0,1.2993639e-05,0
0.0,2.1295278e-05,0
0.0,9.718156e-06,0
0.0,0.16257687,0
1.0,0.9831768,0
0.0,2.9398854e-05,0
0.0,0.0007330925,0
0.0,0.00010719449,0
0.0,0.00010940879,0
0.0,7.0313436e-06,0
0.0,4.4420826e-06,0
0.0,1.4003258e-05,0
0.0,2.1639826e-05,0
0.0,0.00044485956,0
0.0,0.00010470861,0
0.0,1.0277805e-05,0
0.0,8.623625e-06,0
1.0,0.9675038,0
0.0,1.8054317e-05,0
0.0,2.1731672e-05,0
0.0,1.4927687e-05,0
0.0,3.6048805e-06,0
0.0,0.00034775984,0
0.0,0.0926367,0
0.0,0.00023205118,0
0.0,7.457606e-05,0
0.0,1.2289135e-05,0
0.0,3.0918567e-05,0
0.0,0.000836759,0
1.0,0.9970662,0
0.0,6.631647e-06,0
0.0,1.9261706e-05,0
0.0,3.1205007e-05,0
0.0,5.1356533e-06,0
0.0,9.189735e-05,0
0.0,2.6675705e-05,0
0.0,1.5043114e-05,0
0.0,3.0591687e-05,0
0.0,3.1812287e-05,0
0.0,1.448664e-05,0
0.0,2.7800656e-05,0
0.0,4.2218293e-05,0
0.0,1.6238017e-05,0
0.0,6.431574e-05,0
0.0,1.25746465e-05,0
0.0,2.0139774e-05,0
1.0,0.99997175,0
0.0,1.5914204e-05,0
0.0,3.748808e-05,0
0.0,4.3090044e-05,0
0.0,0.00092905783,0
0.0,0.003638207,0
0.0,3.946475e-05,0
0.0,0.00016508276,0
0.0,1.0712793e-05,0
0.0,0.000116619936,0
0.0,1.0879459e-05,0
0.0,0.47984344,0
1.0,0.99867827,0
0.0,2.6247153e-05,0
0.0,3.588367e-05,0
0.0,4.25405e-06,0
1.0,0.8664475,0
0.0,9.813403e-05,0
0.0,2.7029602e-05,0
1.0,0.99770516,0
0.0,2.848603e-05,0
0.0,6.102439e-06,0
0.0,1.7262724e-05,0
1.0,0.99995124,0
0.0,2.9218465e-05,0
0.0,4.0835108e-05,0
0.0,2.1251662e-05,0
0.0,4.2326494e-05,0
0.0,3.1285337e-05,0
0.0,3.1589272e-05,0
0.0,2.8466151e-05,0
0.0,1.833574e-05,0
0.0,1.627302e-05,0
0.0,7.799128e-05,0
0.0,0.2913931,0
0.0,1.4708878e-05,0
0.0,7.9897445e-06,0
0.0,0.07912828,0
0.0,6.6862565e-05,0
0.0,0.06659966,0
0.0,1.3814877e-05,0
0.0,1.3438391e-05,0
0.0,1.0822894e-05,0
0.0,6.822128e-06,0
0.0,1.533093e-05,0
0.0,0.0027476093,0
0.0,7.389576e-05,0
0.0,4.8557074e-05,0
0.0,3.1692285e-05,0
1.0,0.9905061,0
1.0,0.99920446,0
0.0,3.1120013e-05,0
0.0,3.7046113e-05,0
0.0,2.451674e-05,0
0.0,2.6274472e-05,0
0.0,2.9201028e-06,0
0.0,4.357592e-05,0
0.0,3.5814377e-05,0
0.0,0.000508977,0
0.0,4.7844984e-05,0
0.0,5.902927e-06,0
0.0,1.5999238e-05,0
0.0,1.480933e-05,0
0.0,4.52158e-06,0
0.0,6.677024e-05,0
0.0,1.9467541e-05,0
0.0,1.3788579e-05,0
0.0,8.5728925e-06,0
0.0,0.00012639801,0
0.0,8.339778e-06,0
0.0,1.7239756e-05,0
1.0,0.97921705,0
0.0,1.3837662e-05,0
0.0,0.0019722532,0
0.0,0.016029675,0
0.0,2.8802131e-05,0
0.0,3.165151e-05,0
1.0,0.9979202,0
0.0,2.1073702e-05,0
0.0,2.0843647e-05,0
0.0,2.2744467e-05,0
1.0,0.9999826,0
0.0,1.2976798e-05,0
0.0,1.4075637e-05,0
1.0,0.9999653,0
0.0,6.481042e-06,0
0.0,1.6392205e-05,0
0.0,1.3926839e-05,0
0.0,6.2958505e-05,0
1.0,0.999959,0
0.0,0.00058860733,0
0.0,1.8423325e-05,0
0.0,0.0006304183,0
0.0,1.4905154e-05,0
0.0,7.942423e-06,0
0.0,3.1979603e-06,0
0.0,6.996418e-05,0
0.0,1.557895e-05,0
0.0,0.016067533,0
0.0,5.0886192e-05,0
0.0,2.9377388e-06,0
0.0,1.499423e-05,0
0.0,1.830162e-05,0
0.0,5.338467e-05,0
0.0,1.7991084e-05,0
1.0,0.99975044,0
0.0,2.3502453e-05,0
0.0,2.4184554e-05,0
0.0,9.783699e-05,0
0.0,6.3896616e-05,0
0.0,7.3238334e-06,0
1.0,0.9994837,0
0.0,2.6695352e-05,0
0.0,2.9694668e-06,0
0.0,0.00015989484,0
1.0,0.83432615,0
0.0,9.582332e-06,0
0.0,0.00010226776,0
0.0,2.270875e-05,0
0.0,1.3644013e-05,0
0.0,4.5742127e-05,0
0.0,2.0401943e-05,0
0.0,1.7099012e-05,0
0.0,2.6492413e-05,0
1.0,0.63057256,0
0.0,1.0273375e-05,0
0.0,0.0011840505,0
0.0,3.203251e-05,0
0.0,0.00011922999,0
0.0,0.00022458506,0
0.0,0.0025201126,0
0.0,2.2223814e-05,0
0.0,4.078759e-06,0
0.0,2.2971934e-05,0
0.0,7.3167826e-06,0
0.0,0.0002826039,0
0.0,2.3199953e-05,0
0.0,1.09734065e-05,0
0.0,6.9893766e-05,0
1.0,0.99998426,0
0.0,0.00010024518,0
0.0,3.326088e-06,0
0.0,3.234679e-05,0
0.0,1.36370145e-05,0
0.0,3.371535e-05,0
0.0,1.0959308e-05,0
0.0,2.0821533e-05,0
0.0,4.142492e-06,0
0.0,7.2214665e-05,0
0.0,1.7724684e-05,0
0.0,3.1975098e-05,0
0.0,1.3669279e-05,0
0.0,0.00015573551,0
0.0,4.995758e-05,0
0.0,1.49618045e-05,0
0.0,4.5245215e-05,0
0.0,1.6444626e-05,0
0.0,8.850575e-06,0
0.0,1.2666625e-05,0
0.0,2.488731e-05,0
0.0,1.1005833e-05,0
0.0,0.00068042683,0
0.0,0.0005674363,0
0.0,2.7679547e-05,0
0.0,0.00012389306,0
0.0,3.652017e-05,0
0.0,0.00049046695,0
0.0,1.9138624e-05,0
0.0,2.614136e-05,0
0.0,3.498108e-06,0
0.0,1.0848574e-05,0
0.0,2.5951736e-05,0
0.0,2.8427823e-05,0
0.0,2.6435528e-05,0
0.0,0.00015625746,0
0.0,2.512401e-05,0
0.0,1.3589031e-05,0
1.0,0.99993014,0
0.0,0.00010869689,0
0.0,9.26889e-06,0
0.0,2.4905306e-05,0
0.0,3.392401e-06,0
0.0,0.14420141,0
1.0,0.99277204,0
0.0,1.5204664e-05,0
0.0,0.0006927447,0
0.0,0.0005695541,0
0.0,2.2357332e-05,0
0.0,1.4652567e-05,0
0.0,0.08964187,0
0.0,4.449246e-05,0
0.0,1.6228481e-05,0
0.0,3.827621e-05,0
0.0,2.7767004e-05,0
0.0,0.0007044523,0
0.0,3.4761146e-05,0
0.0,4.955082e-05,0
0.0,1.0123249e-05,0
0.0,1.1445439e-05,0
0.0,8.89147e-06,0
0.0,0.00027793448,0
0.0,3.896986e-06,0
0.0,8.0455124e-05,0
0.0,3.784909e-05,0
0.0,1.4567326e-05,0
0.0,0.0006863131,0
0.0,2.9099534e-05,0
0.0,4.744262e-05,0
0.0,5.0601368e-05,0
0.0,5.143138e-05,0
0.0,1.9598305e-05,0
0.0,9.936867e-06,0
0.0,9.4344105e-06,0
0.0,1.7719867e-05,0
0.0,4.932255e-05,0
0.0,3.4138542e-05,0
0.0,0.0004263031,0
0.0,0.00010743446,0
0.0,8.817541e-06,0
0.0,4.121664e-05,0
0.0,4.044218e-05,0
0.0,0.00015688824,0
0.0,0.0003686418,0
0.0,2.5508843e-05,0
0.0,5.797473e-05,0
1.0,0.99998057,0
0.0,2.1072614e-05,0
0.0,7.0031056e-05,0
0.0,4.1111398e-05,0
0.0,3.9222e-05,0
0.0,1.0785401e-05,0
0.0,1.7977209e-05,0
0.0,1.0504348e-05,0
0.0,1.6274635e-05,0
1.0,0.99996567,0
0.0,4.5365323e-05,0
0.0,1.6261076e-05,0
0.0,1.2179254e-05,0
0.0,1.1289002e-05,0
1.0,0.9996184,0
0.0,0.00030343593,0
0.0,8.103245e-06,0
0.0,5.9285294e-06,0
0.0,8.88557e-06,0
1.0,0.9999708,0
0.0,1.4494379e-05,0
0.0,8.57815e-06,0
0.0,2.2209013e-06,0
0.0,6.22968e-06,0
0.0,9.449584e-06,0
0.0,0.00076051016,0
0.0,0.19983733,0
0.0,2.1051083e-05,0
0.0,7.690115e-05,0
0.0,3.8855633e-05,0
0.0,1.6337692e-05,0
0.0,8.623008e-06,0
0.0,4.414051e-05,0
0.0,0.00012121722,0
1.0,0.99399525,0
1.0,0.9999969,1
1.0,0.9996649,1
1.0,0.99969065,1
1.0,0.9999893,1
1.0,0.99998915,1
0.0,3.4730667e-05,1
0.0,3.4730667e-05,1
0.0,3.4730667e-05,1
0.0,3.4730667e-05,1
0.0,3.4730667e-05,1
0.0,3.4730667e-05,1
0.0,3.4730667e-05,1
0.0,3.4730667e-05,1
0.0,3.4730667e-05,1
0.0,3.4730667e-05,1
0.0,3.4730667e-05,1
1.0,0.9999956,1
1.0,0.9999962,1
1.0,0.99999475,1
1.0,0.9999956,1
1.0,0.99999297,1
1.0,0.9999918,1
1.0,0.99999225,1
1.0,0.99999106,1
1.0,0.9999871,1
0.0,0.13466252,1
1.0,0.99999547,1
1.0,0.999984,1
1.0,0.9999963,1
1.0,0.99999547,1
1.0,0.9999906,1
1.0,0.99999106,1
1.0,0.9999933,1
1.0,0.9999945,1
1.0,0.9999937,1
1.0,0.9999869,1
1.0,0.9999913,1
1.0,0.9999945,1
1.0,0.9999896,1
1.0,0.99998856,1
1.0,0.99999046,1
1.0,0.9999924,1
1.0,0.9999925,1
1.0,0.9999906,1
1.0,0.9999924,1
1.0,0.99999297,1
1.0,0.99998975,1
1.0,0.9999888,1
1.0,0.9999938,1
1.0,0.9999945,1
1.0,0.99998534,1
1.0,0.9999906,1
1.0,0.99998724,1
1.0,0.99995077,1
1.0,0.9999906,1
1.0,0.9999962,1
1.0,0.99999666,1
1.0,0.9999975,1
1.0,0.9999951,1
1.0,0.9996439,1
1.0,0.99996924,1
1.0,0.9999927,1
1.0,0.9999927,1
1.0,0.99999344,1
0.0,0.19513118,1
1.0,0.99999166,1
1.0,0.999948,1
1.0,0.9999876,1
1.0,0.9999932,1
1.0,0.9999864,1
1.0,0.99999225,1
1.0,0.999992,1
1.0,0.9999894,1
1.0,0.9999927,1
1.0,0.99999094,1
1.0,0.9999925,1
1.0,0.99999523,1
1.0,0.99999344,1
1.0,0.99999475,1
1.0,0.9999933,1
1.0,0.99999464,1
1.0,0.9999925,1
1.0,0.99999547,1
1.0,0.99999404,1
1.0,0.9999908,1
1.0,0.99999666,1
1.0,0.9999945,1
1.0,0.99999,1
1.0,0.99999356,1
1.0,0.9999802,1
1.0,0.99999344,1
1.0,0.99999523,1
1.0,0.9999956,1
1.0,0.99999416,1
1.0,0.9999938,1
1.0,0.9999939,1
1.0,0.9999932,1
1.0,0.9999933,1
1.0,0.9999926,1
1.0,0.99998844,1
1.0,0.99999297,1
1.0,0.9999944,1
1.0,0.9999968,1
1.0,0.9999969,1
1.0,0.9999888,1
1.0,0.9999964,1
1.0,0.9999907,1
1.0,0.99999535,1
1.0,0.9999919,1
1.0,0.9999949,1
1.0,0.99999475,1
1.0,0.99999547,1
1.0,0.9999808,1
1.0,0.9999956,1
1.0,0.9999956,1
1.0,0.9999963,1
1.0,0.9998909,1
1.0,0.9999927,1
1.0,0.99999595,1
1.0,0.9999951,1
1.0,0.9999919,1
1.0,0.9999801,1
1.0,0.99998724,1
1.0,0.99997497,1
1.0,0.99999535,1
1.0,0.99998176,1
1.0,0.9999957,1
1.0,0.99999285,1
1.0,0.9999815,1
1.0,0.9999869,1
1.0,0.99998903,1
1.0,0.99999094,1
1.0,0.999987,1
1.0,0.99998915,1
1.0,0.99999154,1
1.0,0.9999926,1
1.0,0.99997556,1
1.0,0.99999356,1
1.0,0.9999943,1
1.0,0.9999894,1
1.0,0.99998987,1
1.0,0.9999924,1
1.0,0.9999951,1
1.0,0.9999958,1
1.0,0.9999932,1
1.0,0.9999937,1
1.0,0.9999713,1
0.0,3.456882e-05,1
1.0,0.9461173,1
0.0,0.00022406786,1
1.0,0.9999949,1
1.0,0.9999962,1
1.0,0.9999969,1
1.0,0.9999976,1
1.0,0.9999956,1
1.0,0.99999726,1
1.0,0.9999949,1
1.0,0.9999924,1
1.0,0.99999404,1
1.0,0.9999951,1
1.0,0.99999523,1
1.0,0.9999944,1
1.0,0.999995,1
1.0,0.9999931,1
1.0,0.9999945,1
1.0,0.9999938,1
1.0,0.9999888,1
1.0,0.9999945,1
1.0,0.99999547,1
1.0,0.99999607,1
1.0,0.9999958,1
1.0,0.9999956,1
1.0,0.9989304,1
1.0,0.99999213,1
1.0,0.99998844,1
1.0,0.99999034,1
1.0,0.99999154,1
1.0,0.99999356,1
1.0,0.99998903,1
1.0,0.99999404,1
1.0,0.99999535,1
1.0,0.9999937,1
1.0,0.99999464,1
1.0,0.9999913,1
1.0,0.99999106,1
1.0,0.999995,1
1.0,0.9999918,1
1.0,0.99997115,1
1.0,0.9999931,1
1.0,0.9999881,1
1.0,0.9999924,1
1.0,0.99999213,1
1.0,0.9999889,1
1.0,0.99999344,1
1.0,0.9999944,1
1.0,0.99999475,1
1.0,0.9999931,1
1.0,0.9999825,1
1.0,0.99999154,1
1.0,0.9999894,1
1.0,0.99999034,1
1.0,0.9999919,1
1.0,0.999985,1
1.0,0.9999924,1
1.0,0.9999927,1
1.0,0.99999094,1
1.0,0.9999908,1
1.0,0.9999913,1
1.0,0.99999523,1
1.0,0.99999285,1
1.0,0.99999523,1
1.0,0.99998975,1
1.0,0.9999958,1
1.0,0.9999951,1
1.0,0.9999933,1
1.0,0.99999607,1
1.0,0.99999714,1
1.0,0.9999956,1
1.0,0.99999547,1
1.0,0.9999908,1
1.0,0.9999802,1
1.0,0.9999932,1
1.0,0.99999547,1
1.0,0.99997365,1
1.0,0.9999733,1
1.0,0.9999939,1
1.0,0.99992824,1
1.0,0.9999949,1
1.0,0.99999094,1
1.0,0.9999964,1
1.0,0.9999949,1
1.0,0.9999927,1
1.0,0.9999945,1
1.0,0.99999607,1
1.0,0.999995,1
1.0,0.99999666,1
1.0,0.9999875,1
1.0,0.99999344,1
1.0,0.9999949,1
1.0,0.99999213,1
1.0,0.9999927,1
1.0,0.9999598,1
1.0,0.9999924,1
1.0,0.99998975,1
1.0,0.99999535,1
1.0,0.99999464,1
1.0,0.9999937,1
1.0,0.9999672,1
1.0,0.9999927,1
1.0,0.9999949,1
1.0,0.99999285,1
1.0,0.99999607,1
1.0,0.99999475,1
1.0,0.9999958,1
1.0,0.99999356,1
1.0,0.9999957,1
0.0,0.00016684375,0
0.0,1.51789345e-05,0
0.0,2.6549977e-05,0
0.0,3.3718246e-05,0
0.0,5.1977684e-05,0
0.0,5.6170662e-05,0
0.0,3.6004676e-05,0
0.0,3.9018083e-05,0
0.0,7.2309595e-06,0
0.0,0.0011526757,0
0.0,1.1399677e-05,0
0.0,5.5233253e-05,0
0.0,2.0957998e-05,0
0.0,8.5883374e-05,0
0.0,2.480204e-05,0
0.0,4.2713637e-06,0
0.0,1.31317665e-05,0
0.0,7.228935e-05,0
0.0,2.0048788e-05,0
0.0,7.476035e-05,0
1.0,0.9999745,0
0.0,1.1159814e-05,0
0.0,3.404328e-05,0
0.0,3.80139e-05,0
0.0,3.2557884e-05,0
0.0,1.7433958e-05,0
0.0,3.9661576e-05,0
0.0,2.9544157e-05,0
0.0,2.4315032e-05,0
0.0,3.5866715e-06,0
0.0,7.6893455e-05,0
0.0,1.2064842e-05,0
0.0,3.3567743e-05,0
0.0,5.7648786e-06,0
0.0,1.6177966e-05,0
1.0,0.9991849,0
0.0,1.41119945e-05,0
0.0,8.288307e-05,0
0.0,6.767983e-05,0
0.0,2.7190412e-05,0
0.0,3.7514397e-05,0
0.0,2.9026198e-05,0
0.0,1.1268866e-05,0
0.0,0.00015769017,0
0.0,4.4759827e-06,0
1.0,0.9345505,0
0.0,2.0177272e-06,0
0.0,0.00054236175,0
0.0,6.3769636e-05,0
0.0,3.9493854e-05,0
0.0,1.772333e-05,0
0.0,4.7678008e-05,0
0.0,2.719067e-05,0
1.0,0.9999534,0
0.0,1.3410854e-05,0
0.0,6.258188e-05,0
0.0,9.54328e-06,0
0.0,4.5401335e-05,0
0.0,2.5057661e-06,0
1.0,0.9999863,0
0.0,3.648229e-05,0
0.0,8.0677535e-05,0
1.0,0.9966723,0
0.0,2.2120057e-05,0
0.0,4.8511854e-05,0
0.0,4.6325807e-05,0
0.0,0.00021818565,0
0.0,9.941492e-06,0
0.0,1.5614633e-05,0
0.0,2.3623048e-05,0
0.0,9.5100804e-05,0
0.0,3.130106e-05,0
0.0,3.7406646e-06,0
0.0,8.581645e-06,0
0.0,2.4532153e-05,0
0.0,1.1790917e-05,0
0.0,1.4421111e-05,0
0.0,4.5550605e-05,0
0.0,1.3123577e-05,0
0.0,3.096424e-05,0
0.0,4.957776e-05,0
0.0,1.0348303e-05,0
0.0,2.7059881e-05,0
0.0,3.8309183e-05,0
0.0,1.863285e-05,0
0.0,1.7126802e-05,0
0.0,2.6772548e-05,0
0.0,1.5846252e-05,0
0.0,0.00013318512,0
0.0,1.0114488e-05,0
0.0,0.0044768522,0
0.0,1.2908161e-05,0
1.0,0.9986615,0
1.0,0.80922556,0
0.0,5.4481775e-06,0
0.0,2.5085803e-05,0
0.0,0.049054604,0
0.0,3.2385862e-05,0
0.0,6.8304216e-05,0
0.0,4.1530428e-05,0
0.0,9.909716e-05,0
0.0,1.2655782e-05,0
0.0,2.611221e-05,0
0.0,2.2626538e-05,0
0.0,0.001452362,0
1.0,0.9924379,0
0.0,4.419379e-05,0
0.0,1.4591019e-05,0
0.0,2.7673186e-05,0
0.0,3.6059275e-05,0
0.0,6.835928e-05,0
0.0,2.3872437e-05,0
0.0,2.7110691e-05,0
0.0,1.5732207e-05,0
0.0,3.2037977e-05,0
0.0,1.1342117e-05,0
0.0,0.00013531663,0
0.0,0.00048934703,0
0.0,1.4238608e-05,0
0.0,6.4561073e-06,0
0.0,2.1696529e-05,0
0.0,5.292638e-05,0
0.0,1.0305896e-05,0
0.0,5.8360234e-05,0
0.0,7.5000853e-06,0
0.0,1.979618e-05,0
0.0,2.257722e-06,0
0.0,3.3150718e-05,0
0.0,4.2589756e-05,0
0.0,5.1163142e-06,0
0.0,2.6455107e-06,0
1.0,0.98693347,0
0.0,0.000101930615,0
0.0,2.5401498e-05,0
0.0,7.090399e-06,0
0.0,2.5073869e-05,0
0.0,3.1303003e-05,0
0.0,6.3874363e-06,0
0.0,0.00016957121,0
0.0,0.000512255,0
0.0,1.8600786e-05,0
1.0,0.99985313,0
0.0,0.00055352726,0
0.0,0.0001790645,0
0.0,3.466316e-05,0
0.0,0.32972687,0
0.0,3.0176794e-05,0
0.0,5.1013103e-05,0
0.0,3.7149555e-05,0
0.0,2.7887378e-05,0
0.0,4.562024e-05,0
0.0,1.1564891e-05,0
0.0,2.5259194e-05,0
1.0,0.9990656,0
0.0,8.6295644e-05,0
0.0,3.1541465e-05,0
0.0,3.1868556e-05,0
0.0,9.76295e-06,0
0.0,1.121138e-05,0
0.0,3.5920525e-06,0
0.0,4.8075315e-05,0
0.0,1.1085235e-05,0
0.0,1.6750997e-05,0
1.0,0.9998859,0
0.0,1.0441894e-05,0
0.0,8.453128e-06,0
0.0,3.0992094e-06,0
0.0,6.624556e-05,0
0.0,4.1785464e-05,0
0.0,2.122432e-05,0
0.0,2.6959275e-05,0
1.0,0.99998724,0
0.0,1.1009958e-05,0
0.0,2.7087455e-05,0
0.0,1.3996221e-05,0
0.0,7.562913e-05,0
0.0,3.935769e-06,0
0.0,2.5736921e-05,0
0.0,6.885657e-05,0
0.0,3.8889182e-05,0
1.0,0.9956174,0
0.0,9.576065e-05,0
0.0,1.9110776e-05,0
0.0,3.9909406e-05,0
0.0,5.9316426e-05,0
0.0,6.4271226e-05,0
0.0,0.00016116332,0
0.0,3.6580324e-05,0
0.0,5.721514e-05,0
0.0,0.00028916227,0
0.0,0.0003958525,0
0.0,9.763e-05,0
0.0,0.002169383,0
0.0,4.285159e-06,0
0.0,0.0036318018,0
0.0,1.8795825e-05,0
0.0,0.00023222274,0
0.0,4.1980384e-05,0
0.0,0.0035852152,0
0.0,7.10873e-05,0
0.0,3.1334068e-05,0
0.0,1.7133387e-05,0
0.0,2.3618253e-05,0
0.0,2.2057917e-05,0
0.0,2.8786702e-05,0
0.0,2.5553547e-05,0
0.0,2.0485988e-06,0
0.0,2.8475735e-05,0
0.0,4.5205627e-05,0
0.0,5.4131386e-05,0
0.0,0.0011641951,0
0.0,1.0220975e-05,0
0.0,8.25045e-06,0
0.0,1.6725173e-05,0
0.0,0.13047346,0
0.0,7.246805e-05,0
0.0,2.3421144e-05,0
0.0,1.2304181e-05,0
0.0,2.2380582e-05,0
0.0,0.0005795383,0
0.0,1.0493254e-05,0
0.0,1.8185125e-05,0
0.0,0.29444882,0
0.0,8.1743274e-05,0
0.0,5.4380303e-05,0
0.0,4.140359e-06,0
0.0,0.00022114864,0
0.0,2.0844243e-05,0
0.0,1.4039681e-05,0
0.0,4.6204705e-06,0
0.0,0.0077743726,0
0.0,4.8269492e-05,0
0.0,0.016919179,0
0.0,0.04617258,0
0.0,5.0841078e-05,0
0.0,2.3174722e-05,0
0.0,2.2523096e-05,0
0.0,0.0020188466,0
0.0,3.8154012e-05,0
0.0,8.210358e-06,0
0.0,0.00072102353,0
0.0,2.5837453e-05,0
0.0,1.1527452e-05,0
0.0,2.9740086e-05,0
0.0,3.289701e-05,0
0.0,0.00015024329,0
1.0,0.99997187,0
0.0,0.006463818,0
0.0,2.0106037e-05,0
0.0,1.6049482e-05,0
0.0,4.946598e-05,0
0.0,3.023152e-06,0
0.0,5.8606627e-05,0
0.0,3.4905985e-05,0
0.0,1.3569672e-05,0
1.0,0.99204177,0
0.0,6.740995e-05,0
0.0,2.7336844e-05,0
0.0,7.05122e-05,0
0.0,7.0677693e-06,0
0.0,3.447184e-05,0
1.0,0.9829532,0
0.0,5.4310025e-05,0
0.0,4.9643426e-05,0
0.0,5.052292e-06,0
0.0,3.857371e-06,0
0.0,4.177439e-06,0
0.0,1.0226962e-05,0
0.0,1.9580822e-05,0
0.0,3.010031e-05,0
0.0,2.88162e-05,0
0.0,0.0004087803,0
0.0,4.3491316e-05,0
0.0,1.6209025e-05,0
0.0,3.9926003e-05,0
0.0,7.2250834e-05,0
0.0,2.063076e-06,0
0.0,3.6745496e-05,0
1.0,0.9998963,0
0.0,6.5073764e-05,0
0.0,2.3037468e-05,0
0.0,2.479322e-05,0
0.0,1.567286e-05,0
0.0,3.6844376e-05,0
0.0,6.235065e-06,0
0.0,3.7151225e-05,0
0.0,2.1296579e-05,0
