index,filename
1,C:\Users\32645\LUNA 16\subset0\1\1_aug\0_20.npy
1,C:\Users\32645\LUNA 16\subset0\1\1_aug\0_28.npy
1,C:\Users\32645\LUNA 16\subset0\1\1_aug\0_3.npy
1,C:\Users\32645\LUNA 16\subset0\1\1_aug\0_39.npy
1,C:\Users\32645\LUNA 16\subset0\1\1_aug\0_4.npy
1,C:\Users\32645\LUNA 16\subset0\1\1_aug\0_9.npy
1,C:\Users\32645\LUNA 16\subset0\1\1_aug\100_12.npy
1,C:\Users\32645\LUNA 16\subset0\1\1_aug\100_2.npy
1,C:\Users\32645\LUNA 16\subset0\1\1_aug\100_23.npy
1,C:\Users\32645\LUNA 16\subset0\1\1_aug\100_28.npy
1,C:\Users\32645\LUNA 16\subset0\1\1_aug\100_30.npy
1,C:\Users\32645\LUNA 16\subset0\1\1_aug\100_39.npy
1,C:\Users\32645\LUNA 16\subset0\1\1_aug\100_40.npy
1,C:\Users\32645\LUNA 16\subset0\1\1_aug\101_10.npy
1,C:\Users\32645\LUNA 16\subset0\1\1_aug\101_11.npy
1,C:\Users\32645\LUNA 16\subset0\1\1_aug\101_15.npy
1,C:\Users\32645\LUNA 16\subset0\1\1_aug\101_16.npy
1,C:\Users\32645\LUNA 16\subset0\1\1_aug\101_17.npy
1,C:\Users\32645\LUNA 16\subset0\1\1_aug\101_23.npy
1,C:\Users\32645\LUNA 16\subset0\1\1_aug\101_3.npy
1,C:\Users\32645\LUNA 16\subset0\1\1_aug\101_34.npy
1,C:\Users\32645\LUNA 16\subset0\1\1_aug\101_39.npy
1,C:\Users\32645\LUNA 16\subset0\1\1_aug\101_6.npy
1,C:\Users\32645\LUNA 16\subset0\1\1_aug\102_15.npy
1,C:\Users\32645\LUNA 16\subset0\1\1_aug\102_3.npy
1,C:\Users\32645\LUNA 16\subset0\1\1_aug\102_38.npy
1,C:\Users\32645\LUNA 16\subset0\1\1_aug\102_39.npy
1,C:\Users\32645\LUNA 16\subset0\1\1_aug\103_14.npy
1,C:\Users\32645\LUNA 16\subset0\1\1_aug\103_25.npy
1,C:\Users\32645\LUNA 16\subset0\1\1_aug\103_27.npy
1,C:\Users\32645\LUNA 16\subset0\1\1_aug\103_28.npy
1,C:\Users\32645\LUNA 16\subset0\1\1_aug\103_30.npy
1,C:\Users\32645\LUNA 16\subset0\1\1_aug\103_31.npy
1,C:\Users\32645\LUNA 16\subset0\1\1_aug\103_34.npy
1,C:\Users\32645\LUNA 16\subset0\1\1_aug\103_40.npy
1,C:\Users\32645\LUNA 16\subset0\1\1_aug\103_5.npy
1,C:\Users\32645\LUNA 16\subset0\1\1_aug\103_9.npy
1,C:\Users\32645\LUNA 16\subset0\1\1_aug\104_14.npy
1,C:\Users\32645\LUNA 16\subset0\1\1_aug\104_19.npy
1,C:\Users\32645\LUNA 16\subset0\1\1_aug\104_25.npy
1,C:\Users\32645\LUNA 16\subset0\1\1_aug\104_29.npy
1,C:\Users\32645\LUNA 16\subset0\1\1_aug\104_30.npy
1,C:\Users\32645\LUNA 16\subset0\1\1_aug\104_32.npy
1,C:\Users\32645\LUNA 16\subset0\1\1_aug\104_6.npy
1,C:\Users\32645\LUNA 16\subset0\1\1_aug\104_9.npy
1,C:\Users\32645\LUNA 16\subset0\1\1_aug\105_14.npy
1,C:\Users\32645\LUNA 16\subset0\1\1_aug\105_15.npy
1,C:\Users\32645\LUNA 16\subset0\1\1_aug\105_18.npy
1,C:\Users\32645\LUNA 16\subset0\1\1_aug\105_19.npy
1,C:\Users\32645\LUNA 16\subset0\1\1_aug\105_21.npy
1,C:\Users\32645\LUNA 16\subset0\1\1_aug\105_22.npy
1,C:\Users\32645\LUNA 16\subset0\1\1_aug\105_27.npy
1,C:\Users\32645\LUNA 16\subset0\1\1_aug\105_32.npy
1,C:\Users\32645\LUNA 16\subset0\1\1_aug\105_38.npy
1,C:\Users\32645\LUNA 16\subset0\1\1_aug\105_4.npy
1,C:\Users\32645\LUNA 16\subset0\1\1_aug\105_8.npy
1,C:\Users\32645\LUNA 16\subset0\1\1_aug\106_1.npy
1,C:\Users\32645\LUNA 16\subset0\1\1_aug\106_3.npy
1,C:\Users\32645\LUNA 16\subset0\1\1_aug\106_30.npy
1,C:\Users\32645\LUNA 16\subset0\1\1_aug\106_33.npy
1,C:\Users\32645\LUNA 16\subset0\1\1_aug\106_34.npy
1,C:\Users\32645\LUNA 16\subset0\1\1_aug\106_37.npy
1,C:\Users\32645\LUNA 16\subset0\1\1_aug\107_12.npy
1,C:\Users\32645\LUNA 16\subset0\1\1_aug\107_18.npy
1,C:\Users\32645\LUNA 16\subset0\1\1_aug\107_20.npy
1,C:\Users\32645\LUNA 16\subset0\1\1_aug\107_26.npy
1,C:\Users\32645\LUNA 16\subset0\1\1_aug\107_37.npy
1,C:\Users\32645\LUNA 16\subset0\1\1_aug\107_40.npy
1,C:\Users\32645\LUNA 16\subset0\1\1_aug\108_13.npy
1,C:\Users\32645\LUNA 16\subset0\1\1_aug\108_15.npy
1,C:\Users\32645\LUNA 16\subset0\1\1_aug\108_2.npy
1,C:\Users\32645\LUNA 16\subset0\1\1_aug\108_3.npy
1,C:\Users\32645\LUNA 16\subset0\1\1_aug\108_31.npy
1,C:\Users\32645\LUNA 16\subset0\1\1_aug\108_4.npy
1,C:\Users\32645\LUNA 16\subset0\1\1_aug\108_9.npy
1,C:\Users\32645\LUNA 16\subset0\1\1_aug\109_1.npy
1,C:\Users\32645\LUNA 16\subset0\1\1_aug\109_13.npy
1,C:\Users\32645\LUNA 16\subset0\1\1_aug\109_15.npy
1,C:\Users\32645\LUNA 16\subset0\1\1_aug\109_17.npy
1,C:\Users\32645\LUNA 16\subset0\1\1_aug\109_18.npy
1,C:\Users\32645\LUNA 16\subset0\1\1_aug\109_29.npy
1,C:\Users\32645\LUNA 16\subset0\1\1_aug\109_7.npy
1,C:\Users\32645\LUNA 16\subset0\1\1_aug\10_10.npy
1,C:\Users\32645\LUNA 16\subset0\1\1_aug\10_12.npy
1,C:\Users\32645\LUNA 16\subset0\1\1_aug\10_15.npy
1,C:\Users\32645\LUNA 16\subset0\1\1_aug\10_17.npy
1,C:\Users\32645\LUNA 16\subset0\1\1_aug\10_33.npy
1,C:\Users\32645\LUNA 16\subset0\1\1_aug\10_34.npy
1,C:\Users\32645\LUNA 16\subset0\1\1_aug\10_36.npy
1,C:\Users\32645\LUNA 16\subset0\1\1_aug\10_5.npy
1,C:\Users\32645\LUNA 16\subset0\1\1_aug\110_19.npy
1,C:\Users\32645\LUNA 16\subset0\1\1_aug\110_2.npy
1,C:\Users\32645\LUNA 16\subset0\1\1_aug\110_20.npy
1,C:\Users\32645\LUNA 16\subset0\1\1_aug\110_27.npy
1,C:\Users\32645\LUNA 16\subset0\1\1_aug\110_6.npy
1,C:\Users\32645\LUNA 16\subset0\1\1_aug\110_8.npy
1,C:\Users\32645\LUNA 16\subset0\1\1_aug\110_9.npy
1,C:\Users\32645\LUNA 16\subset0\1\1_aug\111_14.npy
1,C:\Users\32645\LUNA 16\subset0\1\1_aug\111_17.npy
1,C:\Users\32645\LUNA 16\subset0\1\1_aug\111_21.npy
1,C:\Users\32645\LUNA 16\subset0\1\1_aug\111_22.npy
1,C:\Users\32645\LUNA 16\subset0\1\1_aug\111_23.npy
1,C:\Users\32645\LUNA 16\subset0\1\1_aug\111_29.npy
1,C:\Users\32645\LUNA 16\subset0\1\1_aug\111_30.npy
1,C:\Users\32645\LUNA 16\subset0\1\1_aug\111_39.npy
1,C:\Users\32645\LUNA 16\subset0\1\1_aug\111_5.npy
1,C:\Users\32645\LUNA 16\subset0\1\1_aug\111_9.npy
1,C:\Users\32645\LUNA 16\subset0\1\1_aug\112_1.npy
1,C:\Users\32645\LUNA 16\subset0\1\1_aug\112_16.npy
1,C:\Users\32645\LUNA 16\subset0\1\1_aug\112_18.npy
1,C:\Users\32645\LUNA 16\subset0\1\1_aug\112_22.npy
1,C:\Users\32645\LUNA 16\subset0\1\1_aug\112_25.npy
1,C:\Users\32645\LUNA 16\subset0\1\1_aug\112_30.npy
1,C:\Users\32645\LUNA 16\subset0\1\1_aug\112_31.npy
1,C:\Users\32645\LUNA 16\subset0\1\1_aug\112_37.npy
1,C:\Users\32645\LUNA 16\subset0\1\1_aug\112_38.npy
1,C:\Users\32645\LUNA 16\subset0\1\1_aug\112_4.npy
1,C:\Users\32645\LUNA 16\subset0\1\1_aug\113_11.npy
1,C:\Users\32645\LUNA 16\subset0\1\1_aug\113_15.npy
1,C:\Users\32645\LUNA 16\subset0\1\1_aug\113_23.npy
1,C:\Users\32645\LUNA 16\subset0\1\1_aug\113_24.npy
1,C:\Users\32645\LUNA 16\subset0\1\1_aug\113_26.npy
1,C:\Users\32645\LUNA 16\subset0\1\1_aug\113_34.npy
1,C:\Users\32645\LUNA 16\subset0\1\1_aug\113_37.npy
1,C:\Users\32645\LUNA 16\subset0\1\1_aug\113_4.npy
1,C:\Users\32645\LUNA 16\subset0\1\1_aug\113_6.npy
1,C:\Users\32645\LUNA 16\subset0\1\1_aug\114_14.npy
1,C:\Users\32645\LUNA 16\subset0\1\1_aug\114_23.npy
1,C:\Users\32645\LUNA 16\subset0\1\1_aug\114_26.npy
1,C:\Users\32645\LUNA 16\subset0\1\1_aug\114_28.npy
1,C:\Users\32645\LUNA 16\subset0\1\1_aug\114_32.npy
1,C:\Users\32645\LUNA 16\subset0\1\1_aug\114_39.npy
1,C:\Users\32645\LUNA 16\subset0\1\1_aug\115_16.npy
1,C:\Users\32645\LUNA 16\subset0\1\1_aug\115_22.npy
1,C:\Users\32645\LUNA 16\subset0\1\1_aug\115_34.npy
1,C:\Users\32645\LUNA 16\subset0\1\1_aug\115_38.npy
1,C:\Users\32645\LUNA 16\subset0\1\1_aug\115_39.npy
1,C:\Users\32645\LUNA 16\subset0\1\1_aug\115_4.npy
1,C:\Users\32645\LUNA 16\subset0\1\1_aug\116_1.npy
1,C:\Users\32645\LUNA 16\subset0\1\1_aug\116_12.npy
1,C:\Users\32645\LUNA 16\subset0\1\1_aug\116_15.npy
1,C:\Users\32645\LUNA 16\subset0\1\1_aug\116_21.npy
1,C:\Users\32645\LUNA 16\subset0\1\1_aug\116_26.npy
1,C:\Users\32645\LUNA 16\subset0\1\1_aug\116_30.npy
1,C:\Users\32645\LUNA 16\subset0\1\1_aug\116_32.npy
1,C:\Users\32645\LUNA 16\subset0\1\1_aug\116_4.npy
1,C:\Users\32645\LUNA 16\subset0\1\1_aug\116_40.npy
1,C:\Users\32645\LUNA 16\subset0\1\1_aug\116_7.npy
1,C:\Users\32645\LUNA 16\subset0\1\1_aug\116_8.npy
1,C:\Users\32645\LUNA 16\subset0\1\1_aug\116_9.npy
1,C:\Users\32645\LUNA 16\subset0\1\1_aug\117_10.npy
1,C:\Users\32645\LUNA 16\subset0\1\1_aug\117_14.npy
1,C:\Users\32645\LUNA 16\subset0\1\1_aug\117_18.npy
1,C:\Users\32645\LUNA 16\subset0\1\1_aug\117_34.npy
1,C:\Users\32645\LUNA 16\subset0\1\1_aug\118_1.npy
1,C:\Users\32645\LUNA 16\subset0\1\1_aug\118_12.npy
1,C:\Users\32645\LUNA 16\subset0\1\1_aug\118_19.npy
1,C:\Users\32645\LUNA 16\subset0\1\1_aug\118_21.npy
1,C:\Users\32645\LUNA 16\subset0\1\1_aug\118_23.npy
1,C:\Users\32645\LUNA 16\subset0\1\1_aug\118_24.npy
1,C:\Users\32645\LUNA 16\subset0\1\1_aug\118_28.npy
1,C:\Users\32645\LUNA 16\subset0\1\1_aug\118_30.npy
1,C:\Users\32645\LUNA 16\subset0\1\1_aug\118_35.npy
1,C:\Users\32645\LUNA 16\subset0\1\1_aug\118_6.npy
1,C:\Users\32645\LUNA 16\subset0\1\1_aug\119_18.npy
1,C:\Users\32645\LUNA 16\subset0\1\1_aug\119_24.npy
1,C:\Users\32645\LUNA 16\subset0\1\1_aug\119_25.npy
1,C:\Users\32645\LUNA 16\subset0\1\1_aug\119_26.npy
1,C:\Users\32645\LUNA 16\subset0\1\1_aug\119_38.npy
1,C:\Users\32645\LUNA 16\subset0\1\1_aug\119_40.npy
1,C:\Users\32645\LUNA 16\subset0\1\1_aug\119_8.npy
1,C:\Users\32645\LUNA 16\subset0\1\1_aug\11_1.npy
1,C:\Users\32645\LUNA 16\subset0\1\1_aug\11_12.npy
1,C:\Users\32645\LUNA 16\subset0\1\1_aug\11_14.npy
1,C:\Users\32645\LUNA 16\subset0\1\1_aug\11_17.npy
1,C:\Users\32645\LUNA 16\subset0\1\1_aug\11_22.npy
1,C:\Users\32645\LUNA 16\subset0\1\1_aug\11_24.npy
1,C:\Users\32645\LUNA 16\subset0\1\1_aug\11_35.npy
1,C:\Users\32645\LUNA 16\subset0\1\1_aug\11_37.npy
1,C:\Users\32645\LUNA 16\subset0\1\1_aug\11_38.npy
1,C:\Users\32645\LUNA 16\subset0\1\1_aug\11_4.npy
1,C:\Users\32645\LUNA 16\subset0\1\1_aug\11_9.npy
1,C:\Users\32645\LUNA 16\subset0\1\1_aug\120_15.npy
1,C:\Users\32645\LUNA 16\subset0\1\1_aug\120_16.npy
1,C:\Users\32645\LUNA 16\subset0\1\1_aug\120_33.npy
1,C:\Users\32645\LUNA 16\subset0\1\1_aug\120_37.npy
1,C:\Users\32645\LUNA 16\subset0\1\1_aug\120_4.npy
1,C:\Users\32645\LUNA 16\subset0\1\1_aug\120_9.npy
1,C:\Users\32645\LUNA 16\subset0\1\1_aug\121_11.npy
1,C:\Users\32645\LUNA 16\subset0\1\1_aug\121_15.npy
1,C:\Users\32645\LUNA 16\subset0\1\1_aug\121_18.npy
1,C:\Users\32645\LUNA 16\subset0\1\1_aug\121_20.npy
1,C:\Users\32645\LUNA 16\subset0\1\1_aug\121_23.npy
1,C:\Users\32645\LUNA 16\subset0\1\1_aug\121_33.npy
1,C:\Users\32645\LUNA 16\subset0\1\1_aug\121_36.npy
1,C:\Users\32645\LUNA 16\subset0\1\1_aug\121_9.npy
1,C:\Users\32645\LUNA 16\subset0\1\1_aug\122_24.npy
1,C:\Users\32645\LUNA 16\subset0\1\1_aug\122_34.npy
1,C:\Users\32645\LUNA 16\subset0\1\1_aug\122_35.npy
1,C:\Users\32645\LUNA 16\subset0\1\1_aug\122_36.npy
1,C:\Users\32645\LUNA 16\subset0\1\1_aug\122_40.npy
1,C:\Users\32645\LUNA 16\subset0\1\1_aug\122_5.npy
1,C:\Users\32645\LUNA 16\subset0\1\1_aug\122_7.npy
1,C:\Users\32645\LUNA 16\subset0\1\1_aug\123_11.npy
1,C:\Users\32645\LUNA 16\subset0\1\1_aug\123_14.npy
1,C:\Users\32645\LUNA 16\subset0\1\1_aug\123_16.npy
1,C:\Users\32645\LUNA 16\subset0\1\1_aug\123_19.npy
1,C:\Users\32645\LUNA 16\subset0\1\1_aug\123_21.npy
1,C:\Users\32645\LUNA 16\subset0\1\1_aug\123_23.npy
1,C:\Users\32645\LUNA 16\subset0\1\1_aug\123_25.npy
1,C:\Users\32645\LUNA 16\subset0\1\1_aug\123_26.npy
1,C:\Users\32645\LUNA 16\subset0\1\1_aug\123_7.npy
1,C:\Users\32645\LUNA 16\subset0\1\1_aug\124_1.npy
1,C:\Users\32645\LUNA 16\subset0\1\1_aug\124_21.npy
1,C:\Users\32645\LUNA 16\subset0\1\1_aug\124_26.npy
1,C:\Users\32645\LUNA 16\subset0\1\1_aug\124_31.npy
1,C:\Users\32645\LUNA 16\subset0\1\1_aug\124_33.npy
1,C:\Users\32645\LUNA 16\subset0\1\1_aug\124_36.npy
1,C:\Users\32645\LUNA 16\subset0\1\1_aug\124_5.npy
1,C:\Users\32645\LUNA 16\subset0\1\1_aug\125_10.npy
1,C:\Users\32645\LUNA 16\subset0\1\1_aug\125_11.npy
1,C:\Users\32645\LUNA 16\subset0\1\1_aug\125_15.npy
1,C:\Users\32645\LUNA 16\subset0\1\1_aug\125_25.npy
1,C:\Users\32645\LUNA 16\subset0\1\1_aug\125_27.npy
1,C:\Users\32645\LUNA 16\subset0\1\1_aug\125_28.npy
1,C:\Users\32645\LUNA 16\subset0\1\1_aug\125_30.npy
1,C:\Users\32645\LUNA 16\subset0\1\1_aug\125_33.npy
1,C:\Users\32645\LUNA 16\subset0\1\1_aug\125_34.npy
1,C:\Users\32645\LUNA 16\subset0\1\1_aug\125_35.npy
1,C:\Users\32645\LUNA 16\subset0\1\1_aug\125_39.npy
1,C:\Users\32645\LUNA 16\subset0\1\1_aug\125_7.npy
1,C:\Users\32645\LUNA 16\subset0\1\1_aug\126_11.npy
1,C:\Users\32645\LUNA 16\subset0\1\1_aug\126_7.npy
1,C:\Users\32645\LUNA 16\subset0\1\1_aug\126_8.npy
1,C:\Users\32645\LUNA 16\subset0\1\1_aug\127_16.npy
1,C:\Users\32645\LUNA 16\subset0\1\1_aug\127_19.npy
1,C:\Users\32645\LUNA 16\subset0\1\1_aug\127_20.npy
1,C:\Users\32645\LUNA 16\subset0\1\1_aug\127_24.npy
1,C:\Users\32645\LUNA 16\subset0\1\1_aug\127_32.npy
1,C:\Users\32645\LUNA 16\subset0\1\1_aug\127_33.npy
1,C:\Users\32645\LUNA 16\subset0\1\1_aug\127_37.npy
1,C:\Users\32645\LUNA 16\subset0\1\1_aug\127_39.npy
1,C:\Users\32645\LUNA 16\subset0\1\1_aug\127_5.npy
1,C:\Users\32645\LUNA 16\subset0\1\1_aug\127_6.npy
1,C:\Users\32645\LUNA 16\subset0\1\1_aug\127_7.npy
1,C:\Users\32645\LUNA 16\subset0\1\1_aug\128_16.npy
1,C:\Users\32645\LUNA 16\subset0\1\1_aug\128_22.npy
1,C:\Users\32645\LUNA 16\subset0\1\1_aug\128_28.npy
1,C:\Users\32645\LUNA 16\subset0\1\1_aug\128_32.npy
1,C:\Users\32645\LUNA 16\subset0\1\1_aug\128_33.npy
1,C:\Users\32645\LUNA 16\subset0\1\1_aug\128_36.npy
1,C:\Users\32645\LUNA 16\subset0\1\1_aug\128_40.npy
1,C:\Users\32645\LUNA 16\subset0\1\1_aug\128_8.npy
1,C:\Users\32645\LUNA 16\subset0\1\1_aug\128_9.npy
1,C:\Users\32645\LUNA 16\subset0\1\1_aug\129_1.npy
1,C:\Users\32645\LUNA 16\subset0\1\1_aug\129_13.npy
1,C:\Users\32645\LUNA 16\subset0\1\1_aug\129_35.npy
1,C:\Users\32645\LUNA 16\subset0\1\1_aug\129_8.npy
1,C:\Users\32645\LUNA 16\subset0\1\1_aug\12_14.npy
1,C:\Users\32645\LUNA 16\subset0\1\1_aug\12_15.npy
1,C:\Users\32645\LUNA 16\subset0\1\1_aug\12_19.npy
1,C:\Users\32645\LUNA 16\subset0\1\1_aug\12_28.npy
1,C:\Users\32645\LUNA 16\subset0\1\1_aug\12_3.npy
1,C:\Users\32645\LUNA 16\subset0\1\1_aug\12_31.npy
1,C:\Users\32645\LUNA 16\subset0\1\1_aug\12_37.npy
1,C:\Users\32645\LUNA 16\subset0\1\1_aug\12_38.npy
1,C:\Users\32645\LUNA 16\subset0\1\1_aug\12_6.npy
1,C:\Users\32645\LUNA 16\subset0\1\1_aug\12_9.npy
1,C:\Users\32645\LUNA 16\subset0\1\1_aug\130_18.npy
1,C:\Users\32645\LUNA 16\subset0\1\1_aug\130_34.npy
1,C:\Users\32645\LUNA 16\subset0\1\1_aug\130_35.npy
1,C:\Users\32645\LUNA 16\subset0\1\1_aug\130_37.npy
1,C:\Users\32645\LUNA 16\subset0\1\1_aug\130_39.npy
1,C:\Users\32645\LUNA 16\subset0\1\1_aug\131_1.npy
1,C:\Users\32645\LUNA 16\subset0\1\1_aug\131_12.npy
1,C:\Users\32645\LUNA 16\subset0\1\1_aug\131_18.npy
1,C:\Users\32645\LUNA 16\subset0\1\1_aug\131_23.npy
1,C:\Users\32645\LUNA 16\subset0\1\1_aug\131_24.npy
1,C:\Users\32645\LUNA 16\subset0\1\1_aug\131_31.npy
1,C:\Users\32645\LUNA 16\subset0\1\1_aug\131_32.npy
1,C:\Users\32645\LUNA 16\subset0\1\1_aug\131_35.npy
1,C:\Users\32645\LUNA 16\subset0\1\1_aug\131_36.npy
1,C:\Users\32645\LUNA 16\subset0\1\1_aug\131_39.npy
1,C:\Users\32645\LUNA 16\subset0\1\1_aug\131_6.npy
1,C:\Users\32645\LUNA 16\subset0\1\1_aug\132_1.npy
1,C:\Users\32645\LUNA 16\subset0\1\1_aug\132_14.npy
1,C:\Users\32645\LUNA 16\subset0\1\1_aug\132_15.npy
1,C:\Users\32645\LUNA 16\subset0\1\1_aug\132_16.npy
1,C:\Users\32645\LUNA 16\subset0\1\1_aug\132_18.npy
1,C:\Users\32645\LUNA 16\subset0\1\1_aug\132_21.npy
1,C:\Users\32645\LUNA 16\subset0\1\1_aug\132_27.npy
1,C:\Users\32645\LUNA 16\subset0\1\1_aug\132_35.npy
1,C:\Users\32645\LUNA 16\subset0\1\1_aug\132_37.npy
1,C:\Users\32645\LUNA 16\subset0\1\1_aug\132_39.npy
1,C:\Users\32645\LUNA 16\subset0\1\1_aug\132_40.npy
1,C:\Users\32645\LUNA 16\subset0\1\1_aug\132_8.npy
1,C:\Users\32645\LUNA 16\subset0\1\1_aug\133_13.npy
1,C:\Users\32645\LUNA 16\subset0\1\1_aug\133_18.npy
1,C:\Users\32645\LUNA 16\subset0\1\1_aug\133_24.npy
1,C:\Users\32645\LUNA 16\subset0\1\1_aug\133_26.npy
1,C:\Users\32645\LUNA 16\subset0\1\1_aug\133_29.npy
1,C:\Users\32645\LUNA 16\subset0\1\1_aug\133_32.npy
1,C:\Users\32645\LUNA 16\subset0\1\1_aug\133_34.npy
1,C:\Users\32645\LUNA 16\subset0\1\1_aug\133_40.npy
1,C:\Users\32645\LUNA 16\subset0\1\1_aug\133_8.npy
1,C:\Users\32645\LUNA 16\subset0\1\1_aug\134_12.npy
1,C:\Users\32645\LUNA 16\subset0\1\1_aug\134_17.npy
1,C:\Users\32645\LUNA 16\subset0\1\1_aug\134_30.npy
1,C:\Users\32645\LUNA 16\subset0\1\1_aug\134_31.npy
1,C:\Users\32645\LUNA 16\subset0\1\1_aug\134_4.npy
1,C:\Users\32645\LUNA 16\subset0\1\1_aug\134_8.npy
1,C:\Users\32645\LUNA 16\subset0\1\1_aug\135_15.npy
1,C:\Users\32645\LUNA 16\subset0\1\1_aug\135_17.npy
1,C:\Users\32645\LUNA 16\subset0\1\1_aug\135_24.npy
1,C:\Users\32645\LUNA 16\subset0\1\1_aug\135_26.npy
1,C:\Users\32645\LUNA 16\subset0\1\1_aug\135_30.npy
1,C:\Users\32645\LUNA 16\subset0\1\1_aug\135_31.npy
1,C:\Users\32645\LUNA 16\subset0\1\1_aug\135_37.npy
1,C:\Users\32645\LUNA 16\subset0\1\1_aug\135_39.npy
1,C:\Users\32645\LUNA 16\subset0\1\1_aug\135_4.npy
1,C:\Users\32645\LUNA 16\subset0\1\1_aug\136_20.npy
1,C:\Users\32645\LUNA 16\subset0\1\1_aug\136_21.npy
1,C:\Users\32645\LUNA 16\subset0\1\1_aug\136_25.npy
1,C:\Users\32645\LUNA 16\subset0\1\1_aug\136_32.npy
1,C:\Users\32645\LUNA 16\subset0\1\1_aug\136_36.npy
1,C:\Users\32645\LUNA 16\subset0\1\1_aug\137_10.npy
1,C:\Users\32645\LUNA 16\subset0\1\1_aug\137_16.npy
1,C:\Users\32645\LUNA 16\subset0\1\1_aug\137_19.npy
1,C:\Users\32645\LUNA 16\subset0\1\1_aug\137_26.npy
1,C:\Users\32645\LUNA 16\subset0\1\1_aug\137_29.npy
1,C:\Users\32645\LUNA 16\subset0\1\1_aug\137_3.npy
1,C:\Users\32645\LUNA 16\subset0\1\1_aug\137_31.npy
1,C:\Users\32645\LUNA 16\subset0\1\1_aug\137_36.npy
1,C:\Users\32645\LUNA 16\subset0\1\1_aug\137_38.npy
1,C:\Users\32645\LUNA 16\subset0\1\1_aug\137_5.npy
1,C:\Users\32645\LUNA 16\subset0\1\1_aug\137_7.npy
1,C:\Users\32645\LUNA 16\subset0\1\1_aug\13_18.npy
1,C:\Users\32645\LUNA 16\subset0\1\1_aug\13_28.npy
1,C:\Users\32645\LUNA 16\subset0\1\1_aug\13_37.npy
1,C:\Users\32645\LUNA 16\subset0\1\1_aug\13_39.npy
1,C:\Users\32645\LUNA 16\subset0\1\1_aug\14_10.npy
1,C:\Users\32645\LUNA 16\subset0\1\1_aug\14_14.npy
1,C:\Users\32645\LUNA 16\subset0\1\1_aug\14_2.npy
1,C:\Users\32645\LUNA 16\subset0\1\1_aug\14_23.npy
1,C:\Users\32645\LUNA 16\subset0\1\1_aug\14_26.npy
1,C:\Users\32645\LUNA 16\subset0\1\1_aug\14_33.npy
1,C:\Users\32645\LUNA 16\subset0\1\1_aug\14_37.npy
1,C:\Users\32645\LUNA 16\subset0\1\1_aug\14_39.npy
1,C:\Users\32645\LUNA 16\subset0\1\1_aug\14_40.npy
1,C:\Users\32645\LUNA 16\subset0\1\1_aug\14_5.npy
1,C:\Users\32645\LUNA 16\subset0\1\1_aug\14_8.npy
1,C:\Users\32645\LUNA 16\subset0\1\1_aug\15_11.npy
1,C:\Users\32645\LUNA 16\subset0\1\1_aug\15_17.npy
1,C:\Users\32645\LUNA 16\subset0\1\1_aug\15_18.npy
1,C:\Users\32645\LUNA 16\subset0\1\1_aug\15_20.npy
1,C:\Users\32645\LUNA 16\subset0\1\1_aug\15_28.npy
1,C:\Users\32645\LUNA 16\subset0\1\1_aug\15_29.npy
1,C:\Users\32645\LUNA 16\subset0\1\1_aug\15_37.npy
1,C:\Users\32645\LUNA 16\subset0\1\1_aug\15_4.npy
1,C:\Users\32645\LUNA 16\subset0\1\1_aug\15_40.npy
1,C:\Users\32645\LUNA 16\subset0\1\1_aug\15_5.npy
1,C:\Users\32645\LUNA 16\subset0\1\1_aug\15_8.npy
1,C:\Users\32645\LUNA 16\subset0\1\1_aug\16_1.npy
1,C:\Users\32645\LUNA 16\subset0\1\1_aug\16_13.npy
1,C:\Users\32645\LUNA 16\subset0\1\1_aug\16_19.npy
1,C:\Users\32645\LUNA 16\subset0\1\1_aug\16_2.npy
1,C:\Users\32645\LUNA 16\subset0\1\1_aug\16_33.npy
1,C:\Users\32645\LUNA 16\subset0\1\1_aug\17_11.npy
1,C:\Users\32645\LUNA 16\subset0\1\1_aug\17_14.npy
1,C:\Users\32645\LUNA 16\subset0\1\1_aug\17_2.npy
1,C:\Users\32645\LUNA 16\subset0\1\1_aug\17_20.npy
1,C:\Users\32645\LUNA 16\subset0\1\1_aug\17_22.npy
1,C:\Users\32645\LUNA 16\subset0\1\1_aug\17_32.npy
1,C:\Users\32645\LUNA 16\subset0\1\1_aug\17_35.npy
1,C:\Users\32645\LUNA 16\subset0\1\1_aug\17_5.npy
1,C:\Users\32645\LUNA 16\subset0\1\1_aug\18_16.npy
1,C:\Users\32645\LUNA 16\subset0\1\1_aug\18_2.npy
1,C:\Users\32645\LUNA 16\subset0\1\1_aug\18_36.npy
1,C:\Users\32645\LUNA 16\subset0\1\1_aug\18_4.npy
1,C:\Users\32645\LUNA 16\subset0\1\1_aug\18_6.npy
1,C:\Users\32645\LUNA 16\subset0\1\1_aug\19_15.npy
1,C:\Users\32645\LUNA 16\subset0\1\1_aug\19_26.npy
1,C:\Users\32645\LUNA 16\subset0\1\1_aug\19_3.npy
1,C:\Users\32645\LUNA 16\subset0\1\1_aug\19_30.npy
1,C:\Users\32645\LUNA 16\subset0\1\1_aug\19_31.npy
1,C:\Users\32645\LUNA 16\subset0\1\1_aug\19_34.npy
1,C:\Users\32645\LUNA 16\subset0\1\1_aug\19_7.npy
1,C:\Users\32645\LUNA 16\subset0\1\1_aug\1_11.npy
1,C:\Users\32645\LUNA 16\subset0\1\1_aug\1_15.npy
1,C:\Users\32645\LUNA 16\subset0\1\1_aug\1_17.npy
1,C:\Users\32645\LUNA 16\subset0\1\1_aug\1_21.npy
1,C:\Users\32645\LUNA 16\subset0\1\1_aug\1_23.npy
1,C:\Users\32645\LUNA 16\subset0\1\1_aug\20_1.npy
1,C:\Users\32645\LUNA 16\subset0\1\1_aug\20_15.npy
1,C:\Users\32645\LUNA 16\subset0\1\1_aug\20_22.npy
1,C:\Users\32645\LUNA 16\subset0\1\1_aug\20_27.npy
1,C:\Users\32645\LUNA 16\subset0\1\1_aug\20_29.npy
1,C:\Users\32645\LUNA 16\subset0\1\1_aug\20_33.npy
1,C:\Users\32645\LUNA 16\subset0\1\1_aug\20_5.npy
1,C:\Users\32645\LUNA 16\subset0\1\1_aug\20_7.npy
1,C:\Users\32645\LUNA 16\subset0\1\1_aug\20_8.npy
1,C:\Users\32645\LUNA 16\subset0\1\1_aug\21_10.npy
1,C:\Users\32645\LUNA 16\subset0\1\1_aug\21_12.npy
1,C:\Users\32645\LUNA 16\subset0\1\1_aug\21_16.npy
1,C:\Users\32645\LUNA 16\subset0\1\1_aug\21_17.npy
1,C:\Users\32645\LUNA 16\subset0\1\1_aug\21_19.npy
1,C:\Users\32645\LUNA 16\subset0\1\1_aug\21_20.npy
1,C:\Users\32645\LUNA 16\subset0\1\1_aug\21_26.npy
1,C:\Users\32645\LUNA 16\subset0\1\1_aug\21_28.npy
1,C:\Users\32645\LUNA 16\subset0\1\1_aug\21_32.npy
1,C:\Users\32645\LUNA 16\subset0\1\1_aug\21_5.npy
1,C:\Users\32645\LUNA 16\subset0\1\1_aug\21_6.npy
1,C:\Users\32645\LUNA 16\subset0\1\1_aug\22_13.npy
1,C:\Users\32645\LUNA 16\subset0\1\1_aug\22_14.npy
1,C:\Users\32645\LUNA 16\subset0\1\1_aug\22_18.npy
1,C:\Users\32645\LUNA 16\subset0\1\1_aug\22_2.npy
1,C:\Users\32645\LUNA 16\subset0\1\1_aug\22_23.npy
1,C:\Users\32645\LUNA 16\subset0\1\1_aug\22_26.npy
1,C:\Users\32645\LUNA 16\subset0\1\1_aug\22_27.npy
1,C:\Users\32645\LUNA 16\subset0\1\1_aug\23_11.npy
1,C:\Users\32645\LUNA 16\subset0\1\1_aug\23_12.npy
1,C:\Users\32645\LUNA 16\subset0\1\1_aug\23_21.npy
1,C:\Users\32645\LUNA 16\subset0\1\1_aug\23_24.npy
1,C:\Users\32645\LUNA 16\subset0\1\1_aug\23_29.npy
1,C:\Users\32645\LUNA 16\subset0\1\1_aug\23_3.npy
1,C:\Users\32645\LUNA 16\subset0\1\1_aug\23_32.npy
1,C:\Users\32645\LUNA 16\subset0\1\1_aug\23_34.npy
1,C:\Users\32645\LUNA 16\subset0\1\1_aug\23_36.npy
1,C:\Users\32645\LUNA 16\subset0\1\1_aug\23_4.npy
1,C:\Users\32645\LUNA 16\subset0\1\1_aug\24_17.npy
1,C:\Users\32645\LUNA 16\subset0\1\1_aug\24_19.npy
1,C:\Users\32645\LUNA 16\subset0\1\1_aug\24_24.npy
1,C:\Users\32645\LUNA 16\subset0\1\1_aug\24_26.npy
1,C:\Users\32645\LUNA 16\subset0\1\1_aug\24_27.npy
1,C:\Users\32645\LUNA 16\subset0\1\1_aug\24_28.npy
1,C:\Users\32645\LUNA 16\subset0\1\1_aug\24_30.npy
1,C:\Users\32645\LUNA 16\subset0\1\1_aug\24_31.npy
1,C:\Users\32645\LUNA 16\subset0\1\1_aug\24_7.npy
1,C:\Users\32645\LUNA 16\subset0\1\1_aug\25_14.npy
1,C:\Users\32645\LUNA 16\subset0\1\1_aug\25_16.npy
1,C:\Users\32645\LUNA 16\subset0\1\1_aug\25_17.npy
1,C:\Users\32645\LUNA 16\subset0\1\1_aug\25_19.npy
1,C:\Users\32645\LUNA 16\subset0\1\1_aug\25_21.npy
1,C:\Users\32645\LUNA 16\subset0\1\1_aug\25_22.npy
1,C:\Users\32645\LUNA 16\subset0\1\1_aug\25_28.npy
1,C:\Users\32645\LUNA 16\subset0\1\1_aug\25_33.npy
1,C:\Users\32645\LUNA 16\subset0\1\1_aug\25_36.npy
1,C:\Users\32645\LUNA 16\subset0\1\1_aug\25_40.npy
1,C:\Users\32645\LUNA 16\subset0\1\1_aug\25_7.npy
1,C:\Users\32645\LUNA 16\subset0\1\1_aug\26_1.npy
1,C:\Users\32645\LUNA 16\subset0\1\1_aug\26_13.npy
1,C:\Users\32645\LUNA 16\subset0\1\1_aug\26_14.npy
1,C:\Users\32645\LUNA 16\subset0\1\1_aug\26_17.npy
1,C:\Users\32645\LUNA 16\subset0\1\1_aug\26_19.npy
1,C:\Users\32645\LUNA 16\subset0\1\1_aug\26_2.npy
1,C:\Users\32645\LUNA 16\subset0\1\1_aug\26_35.npy
1,C:\Users\32645\LUNA 16\subset0\1\1_aug\26_7.npy
1,C:\Users\32645\LUNA 16\subset0\1\1_aug\26_8.npy
1,C:\Users\32645\LUNA 16\subset0\1\1_aug\27_12.npy
1,C:\Users\32645\LUNA 16\subset0\1\1_aug\27_14.npy
1,C:\Users\32645\LUNA 16\subset0\1\1_aug\27_16.npy
1,C:\Users\32645\LUNA 16\subset0\1\1_aug\27_17.npy
1,C:\Users\32645\LUNA 16\subset0\1\1_aug\27_21.npy
1,C:\Users\32645\LUNA 16\subset0\1\1_aug\27_25.npy
1,C:\Users\32645\LUNA 16\subset0\1\1_aug\27_27.npy
1,C:\Users\32645\LUNA 16\subset0\1\1_aug\27_37.npy
1,C:\Users\32645\LUNA 16\subset0\1\1_aug\27_7.npy
1,C:\Users\32645\LUNA 16\subset0\1\1_aug\28_12.npy
1,C:\Users\32645\LUNA 16\subset0\1\1_aug\28_2.npy
1,C:\Users\32645\LUNA 16\subset0\1\1_aug\28_21.npy
1,C:\Users\32645\LUNA 16\subset0\1\1_aug\28_27.npy
1,C:\Users\32645\LUNA 16\subset0\1\1_aug\28_29.npy
1,C:\Users\32645\LUNA 16\subset0\1\1_aug\28_31.npy
1,C:\Users\32645\LUNA 16\subset0\1\1_aug\28_39.npy
1,C:\Users\32645\LUNA 16\subset0\1\1_aug\28_9.npy
1,C:\Users\32645\LUNA 16\subset0\1\1_aug\29_12.npy
1,C:\Users\32645\LUNA 16\subset0\1\1_aug\29_14.npy
1,C:\Users\32645\LUNA 16\subset0\1\1_aug\29_15.npy
1,C:\Users\32645\LUNA 16\subset0\1\1_aug\29_17.npy
1,C:\Users\32645\LUNA 16\subset0\1\1_aug\29_18.npy
1,C:\Users\32645\LUNA 16\subset0\1\1_aug\29_32.npy
1,C:\Users\32645\LUNA 16\subset0\1\1_aug\29_7.npy
1,C:\Users\32645\LUNA 16\subset0\1\1_aug\2_11.npy
1,C:\Users\32645\LUNA 16\subset0\1\1_aug\2_14.npy
1,C:\Users\32645\LUNA 16\subset0\1\1_aug\2_16.npy
1,C:\Users\32645\LUNA 16\subset0\1\1_aug\2_18.npy
1,C:\Users\32645\LUNA 16\subset0\1\1_aug\2_26.npy
1,C:\Users\32645\LUNA 16\subset0\1\1_aug\2_5.npy
1,C:\Users\32645\LUNA 16\subset0\1\1_aug\2_6.npy
1,C:\Users\32645\LUNA 16\subset0\1\1_aug\30_12.npy
1,C:\Users\32645\LUNA 16\subset0\1\1_aug\30_23.npy
1,C:\Users\32645\LUNA 16\subset0\1\1_aug\30_24.npy
1,C:\Users\32645\LUNA 16\subset0\1\1_aug\30_32.npy
1,C:\Users\32645\LUNA 16\subset0\1\1_aug\30_34.npy
1,C:\Users\32645\LUNA 16\subset0\1\1_aug\30_6.npy
1,C:\Users\32645\LUNA 16\subset0\1\1_aug\30_9.npy
1,C:\Users\32645\LUNA 16\subset0\1\1_aug\31_12.npy
1,C:\Users\32645\LUNA 16\subset0\1\1_aug\31_20.npy
1,C:\Users\32645\LUNA 16\subset0\1\1_aug\31_23.npy
1,C:\Users\32645\LUNA 16\subset0\1\1_aug\31_26.npy
1,C:\Users\32645\LUNA 16\subset0\1\1_aug\31_33.npy
1,C:\Users\32645\LUNA 16\subset0\1\1_aug\32_20.npy
1,C:\Users\32645\LUNA 16\subset0\1\1_aug\32_21.npy
1,C:\Users\32645\LUNA 16\subset0\1\1_aug\32_22.npy
1,C:\Users\32645\LUNA 16\subset0\1\1_aug\32_23.npy
1,C:\Users\32645\LUNA 16\subset0\1\1_aug\32_31.npy
1,C:\Users\32645\LUNA 16\subset0\1\1_aug\32_35.npy
1,C:\Users\32645\LUNA 16\subset0\1\1_aug\32_4.npy
1,C:\Users\32645\LUNA 16\subset0\1\1_aug\32_6.npy
1,C:\Users\32645\LUNA 16\subset0\1\1_aug\33_10.npy
1,C:\Users\32645\LUNA 16\subset0\1\1_aug\33_13.npy
1,C:\Users\32645\LUNA 16\subset0\1\1_aug\33_21.npy
1,C:\Users\32645\LUNA 16\subset0\1\1_aug\33_22.npy
1,C:\Users\32645\LUNA 16\subset0\1\1_aug\33_26.npy
1,C:\Users\32645\LUNA 16\subset0\1\1_aug\33_27.npy
1,C:\Users\32645\LUNA 16\subset0\1\1_aug\33_29.npy
1,C:\Users\32645\LUNA 16\subset0\1\1_aug\33_3.npy
1,C:\Users\32645\LUNA 16\subset0\1\1_aug\33_31.npy
1,C:\Users\32645\LUNA 16\subset0\1\1_aug\33_32.npy
1,C:\Users\32645\LUNA 16\subset0\1\1_aug\33_35.npy
1,C:\Users\32645\LUNA 16\subset0\1\1_aug\33_37.npy
1,C:\Users\32645\LUNA 16\subset0\1\1_aug\33_9.npy
1,C:\Users\32645\LUNA 16\subset0\1\1_aug\34_10.npy
1,C:\Users\32645\LUNA 16\subset0\1\1_aug\34_12.npy
1,C:\Users\32645\LUNA 16\subset0\1\1_aug\34_20.npy
1,C:\Users\32645\LUNA 16\subset0\1\1_aug\34_23.npy
1,C:\Users\32645\LUNA 16\subset0\1\1_aug\34_28.npy
1,C:\Users\32645\LUNA 16\subset0\1\1_aug\34_35.npy
1,C:\Users\32645\LUNA 16\subset0\1\1_aug\34_6.npy
1,C:\Users\32645\LUNA 16\subset0\1\1_aug\34_7.npy
1,C:\Users\32645\LUNA 16\subset0\1\1_aug\35_10.npy
1,C:\Users\32645\LUNA 16\subset0\1\1_aug\35_12.npy
1,C:\Users\32645\LUNA 16\subset0\1\1_aug\35_17.npy
1,C:\Users\32645\LUNA 16\subset0\1\1_aug\35_19.npy
1,C:\Users\32645\LUNA 16\subset0\1\1_aug\35_36.npy
1,C:\Users\32645\LUNA 16\subset0\1\1_aug\35_6.npy
1,C:\Users\32645\LUNA 16\subset0\1\1_aug\36_11.npy
1,C:\Users\32645\LUNA 16\subset0\1\1_aug\36_17.npy
1,C:\Users\32645\LUNA 16\subset0\1\1_aug\36_23.npy
1,C:\Users\32645\LUNA 16\subset0\1\1_aug\36_26.npy
1,C:\Users\32645\LUNA 16\subset0\1\1_aug\36_33.npy
1,C:\Users\32645\LUNA 16\subset0\1\1_aug\36_39.npy
1,C:\Users\32645\LUNA 16\subset0\1\1_aug\36_7.npy
1,C:\Users\32645\LUNA 16\subset0\1\1_aug\37_11.npy
1,C:\Users\32645\LUNA 16\subset0\1\1_aug\37_18.npy
1,C:\Users\32645\LUNA 16\subset0\1\1_aug\37_22.npy
1,C:\Users\32645\LUNA 16\subset0\1\1_aug\37_29.npy
1,C:\Users\32645\LUNA 16\subset0\1\1_aug\37_30.npy
1,C:\Users\32645\LUNA 16\subset0\1\1_aug\37_34.npy
1,C:\Users\32645\LUNA 16\subset0\1\1_aug\37_35.npy
1,C:\Users\32645\LUNA 16\subset0\1\1_aug\37_37.npy
1,C:\Users\32645\LUNA 16\subset0\1\1_aug\37_40.npy
1,C:\Users\32645\LUNA 16\subset0\1\1_aug\38_11.npy
1,C:\Users\32645\LUNA 16\subset0\1\1_aug\38_20.npy
1,C:\Users\32645\LUNA 16\subset0\1\1_aug\38_25.npy
1,C:\Users\32645\LUNA 16\subset0\1\1_aug\38_38.npy
1,C:\Users\32645\LUNA 16\subset0\1\1_aug\38_5.npy
1,C:\Users\32645\LUNA 16\subset0\1\1_aug\39_10.npy
1,C:\Users\32645\LUNA 16\subset0\1\1_aug\39_11.npy
1,C:\Users\32645\LUNA 16\subset0\1\1_aug\39_15.npy
1,C:\Users\32645\LUNA 16\subset0\1\1_aug\39_29.npy
1,C:\Users\32645\LUNA 16\subset0\1\1_aug\39_37.npy
1,C:\Users\32645\LUNA 16\subset0\1\1_aug\39_38.npy
1,C:\Users\32645\LUNA 16\subset0\1\1_aug\3_21.npy
1,C:\Users\32645\LUNA 16\subset0\1\1_aug\3_27.npy
1,C:\Users\32645\LUNA 16\subset0\1\1_aug\3_36.npy
1,C:\Users\32645\LUNA 16\subset0\1\1_aug\3_40.npy
1,C:\Users\32645\LUNA 16\subset0\1\1_aug\3_7.npy
1,C:\Users\32645\LUNA 16\subset0\1\1_aug\3_9.npy
1,C:\Users\32645\LUNA 16\subset0\1\1_aug\40_18.npy
1,C:\Users\32645\LUNA 16\subset0\1\1_aug\40_2.npy
1,C:\Users\32645\LUNA 16\subset0\1\1_aug\40_23.npy
1,C:\Users\32645\LUNA 16\subset0\1\1_aug\40_25.npy
1,C:\Users\32645\LUNA 16\subset0\1\1_aug\40_32.npy
1,C:\Users\32645\LUNA 16\subset0\1\1_aug\40_4.npy
1,C:\Users\32645\LUNA 16\subset0\1\1_aug\40_7.npy
1,C:\Users\32645\LUNA 16\subset0\1\1_aug\40_8.npy
1,C:\Users\32645\LUNA 16\subset0\1\1_aug\41_1.npy
1,C:\Users\32645\LUNA 16\subset0\1\1_aug\41_10.npy
1,C:\Users\32645\LUNA 16\subset0\1\1_aug\41_16.npy
1,C:\Users\32645\LUNA 16\subset0\1\1_aug\41_18.npy
1,C:\Users\32645\LUNA 16\subset0\1\1_aug\41_26.npy
1,C:\Users\32645\LUNA 16\subset0\1\1_aug\41_27.npy
1,C:\Users\32645\LUNA 16\subset0\1\1_aug\41_4.npy
1,C:\Users\32645\LUNA 16\subset0\1\1_aug\41_5.npy
1,C:\Users\32645\LUNA 16\subset0\1\1_aug\41_6.npy
1,C:\Users\32645\LUNA 16\subset0\1\1_aug\41_9.npy
1,C:\Users\32645\LUNA 16\subset0\1\1_aug\42_11.npy
1,C:\Users\32645\LUNA 16\subset0\1\1_aug\42_20.npy
1,C:\Users\32645\LUNA 16\subset0\1\1_aug\42_22.npy
1,C:\Users\32645\LUNA 16\subset0\1\1_aug\42_23.npy
1,C:\Users\32645\LUNA 16\subset0\1\1_aug\42_26.npy
1,C:\Users\32645\LUNA 16\subset0\1\1_aug\42_27.npy
1,C:\Users\32645\LUNA 16\subset0\1\1_aug\42_30.npy
1,C:\Users\32645\LUNA 16\subset0\1\1_aug\42_36.npy
1,C:\Users\32645\LUNA 16\subset0\1\1_aug\42_38.npy
1,C:\Users\32645\LUNA 16\subset0\1\1_aug\42_7.npy
1,C:\Users\32645\LUNA 16\subset0\1\1_aug\42_8.npy
1,C:\Users\32645\LUNA 16\subset0\1\1_aug\43_22.npy
1,C:\Users\32645\LUNA 16\subset0\1\1_aug\43_24.npy
1,C:\Users\32645\LUNA 16\subset0\1\1_aug\43_26.npy
1,C:\Users\32645\LUNA 16\subset0\1\1_aug\43_31.npy
1,C:\Users\32645\LUNA 16\subset0\1\1_aug\43_36.npy
1,C:\Users\32645\LUNA 16\subset0\1\1_aug\43_5.npy
1,C:\Users\32645\LUNA 16\subset0\1\1_aug\43_7.npy
1,C:\Users\32645\LUNA 16\subset0\1\1_aug\44_11.npy
1,C:\Users\32645\LUNA 16\subset0\1\1_aug\44_21.npy
1,C:\Users\32645\LUNA 16\subset0\1\1_aug\44_22.npy
1,C:\Users\32645\LUNA 16\subset0\1\1_aug\44_24.npy
1,C:\Users\32645\LUNA 16\subset0\1\1_aug\44_33.npy
1,C:\Users\32645\LUNA 16\subset0\1\1_aug\44_34.npy
1,C:\Users\32645\LUNA 16\subset0\1\1_aug\45_10.npy
1,C:\Users\32645\LUNA 16\subset0\1\1_aug\45_17.npy
1,C:\Users\32645\LUNA 16\subset0\1\1_aug\45_20.npy
1,C:\Users\32645\LUNA 16\subset0\1\1_aug\45_21.npy
1,C:\Users\32645\LUNA 16\subset0\1\1_aug\45_23.npy
1,C:\Users\32645\LUNA 16\subset0\1\1_aug\45_26.npy
1,C:\Users\32645\LUNA 16\subset0\1\1_aug\45_36.npy
1,C:\Users\32645\LUNA 16\subset0\1\1_aug\45_40.npy
1,C:\Users\32645\LUNA 16\subset0\1\1_aug\46_10.npy
1,C:\Users\32645\LUNA 16\subset0\1\1_aug\46_11.npy
1,C:\Users\32645\LUNA 16\subset0\1\1_aug\46_12.npy
1,C:\Users\32645\LUNA 16\subset0\1\1_aug\46_13.npy
1,C:\Users\32645\LUNA 16\subset0\1\1_aug\46_18.npy
1,C:\Users\32645\LUNA 16\subset0\1\1_aug\46_20.npy
1,C:\Users\32645\LUNA 16\subset0\1\1_aug\46_25.npy
1,C:\Users\32645\LUNA 16\subset0\1\1_aug\46_26.npy
1,C:\Users\32645\LUNA 16\subset0\1\1_aug\46_27.npy
1,C:\Users\32645\LUNA 16\subset0\1\1_aug\46_32.npy
1,C:\Users\32645\LUNA 16\subset0\1\1_aug\46_33.npy
1,C:\Users\32645\LUNA 16\subset0\1\1_aug\46_36.npy
1,C:\Users\32645\LUNA 16\subset0\1\1_aug\46_37.npy
1,C:\Users\32645\LUNA 16\subset0\1\1_aug\46_5.npy
1,C:\Users\32645\LUNA 16\subset0\1\1_aug\46_8.npy
1,C:\Users\32645\LUNA 16\subset0\1\1_aug\47_15.npy
1,C:\Users\32645\LUNA 16\subset0\1\1_aug\47_21.npy
1,C:\Users\32645\LUNA 16\subset0\1\1_aug\47_27.npy
1,C:\Users\32645\LUNA 16\subset0\1\1_aug\47_29.npy
1,C:\Users\32645\LUNA 16\subset0\1\1_aug\47_35.npy
1,C:\Users\32645\LUNA 16\subset0\1\1_aug\47_37.npy
1,C:\Users\32645\LUNA 16\subset0\1\1_aug\47_6.npy
1,C:\Users\32645\LUNA 16\subset0\1\1_aug\47_7.npy
1,C:\Users\32645\LUNA 16\subset0\1\1_aug\48_1.npy
1,C:\Users\32645\LUNA 16\subset0\1\1_aug\48_10.npy
1,C:\Users\32645\LUNA 16\subset0\1\1_aug\48_15.npy
1,C:\Users\32645\LUNA 16\subset0\1\1_aug\48_17.npy
1,C:\Users\32645\LUNA 16\subset0\1\1_aug\48_26.npy
1,C:\Users\32645\LUNA 16\subset0\1\1_aug\48_28.npy
1,C:\Users\32645\LUNA 16\subset0\1\1_aug\48_37.npy
1,C:\Users\32645\LUNA 16\subset0\1\1_aug\48_5.npy
1,C:\Users\32645\LUNA 16\subset0\1\1_aug\49_10.npy
1,C:\Users\32645\LUNA 16\subset0\1\1_aug\49_13.npy
1,C:\Users\32645\LUNA 16\subset0\1\1_aug\49_16.npy
1,C:\Users\32645\LUNA 16\subset0\1\1_aug\49_17.npy
1,C:\Users\32645\LUNA 16\subset0\1\1_aug\49_26.npy
1,C:\Users\32645\LUNA 16\subset0\1\1_aug\49_30.npy
1,C:\Users\32645\LUNA 16\subset0\1\1_aug\49_32.npy
1,C:\Users\32645\LUNA 16\subset0\1\1_aug\49_35.npy
1,C:\Users\32645\LUNA 16\subset0\1\1_aug\49_37.npy
1,C:\Users\32645\LUNA 16\subset0\1\1_aug\49_39.npy
1,C:\Users\32645\LUNA 16\subset0\1\1_aug\49_4.npy
1,C:\Users\32645\LUNA 16\subset0\1\1_aug\49_40.npy
1,C:\Users\32645\LUNA 16\subset0\1\1_aug\49_5.npy
1,C:\Users\32645\LUNA 16\subset0\1\1_aug\49_6.npy
1,C:\Users\32645\LUNA 16\subset0\1\1_aug\49_8.npy
1,C:\Users\32645\LUNA 16\subset0\1\1_aug\4_11.npy
1,C:\Users\32645\LUNA 16\subset0\1\1_aug\4_17.npy
1,C:\Users\32645\LUNA 16\subset0\1\1_aug\4_18.npy
1,C:\Users\32645\LUNA 16\subset0\1\1_aug\4_23.npy
1,C:\Users\32645\LUNA 16\subset0\1\1_aug\4_27.npy
1,C:\Users\32645\LUNA 16\subset0\1\1_aug\4_29.npy
1,C:\Users\32645\LUNA 16\subset0\1\1_aug\4_31.npy
1,C:\Users\32645\LUNA 16\subset0\1\1_aug\4_34.npy
1,C:\Users\32645\LUNA 16\subset0\1\1_aug\4_39.npy
1,C:\Users\32645\LUNA 16\subset0\1\1_aug\4_7.npy
1,C:\Users\32645\LUNA 16\subset0\1\1_aug\50_13.npy
1,C:\Users\32645\LUNA 16\subset0\1\1_aug\50_16.npy
1,C:\Users\32645\LUNA 16\subset0\1\1_aug\50_19.npy
1,C:\Users\32645\LUNA 16\subset0\1\1_aug\50_36.npy
1,C:\Users\32645\LUNA 16\subset0\1\1_aug\50_8.npy
1,C:\Users\32645\LUNA 16\subset0\1\1_aug\51_1.npy
1,C:\Users\32645\LUNA 16\subset0\1\1_aug\51_18.npy
1,C:\Users\32645\LUNA 16\subset0\1\1_aug\51_19.npy
1,C:\Users\32645\LUNA 16\subset0\1\1_aug\51_21.npy
1,C:\Users\32645\LUNA 16\subset0\1\1_aug\51_23.npy
1,C:\Users\32645\LUNA 16\subset0\1\1_aug\51_28.npy
1,C:\Users\32645\LUNA 16\subset0\1\1_aug\51_30.npy
1,C:\Users\32645\LUNA 16\subset0\1\1_aug\51_31.npy
1,C:\Users\32645\LUNA 16\subset0\1\1_aug\51_7.npy
1,C:\Users\32645\LUNA 16\subset0\1\1_aug\52_13.npy
1,C:\Users\32645\LUNA 16\subset0\1\1_aug\52_14.npy
1,C:\Users\32645\LUNA 16\subset0\1\1_aug\52_15.npy
1,C:\Users\32645\LUNA 16\subset0\1\1_aug\52_19.npy
1,C:\Users\32645\LUNA 16\subset0\1\1_aug\52_20.npy
1,C:\Users\32645\LUNA 16\subset0\1\1_aug\52_21.npy
1,C:\Users\32645\LUNA 16\subset0\1\1_aug\52_3.npy
1,C:\Users\32645\LUNA 16\subset0\1\1_aug\52_38.npy
1,C:\Users\32645\LUNA 16\subset0\1\1_aug\52_7.npy
1,C:\Users\32645\LUNA 16\subset0\1\1_aug\53_15.npy
1,C:\Users\32645\LUNA 16\subset0\1\1_aug\53_16.npy
1,C:\Users\32645\LUNA 16\subset0\1\1_aug\53_2.npy
1,C:\Users\32645\LUNA 16\subset0\1\1_aug\53_20.npy
1,C:\Users\32645\LUNA 16\subset0\1\1_aug\53_26.npy
1,C:\Users\32645\LUNA 16\subset0\1\1_aug\53_37.npy
1,C:\Users\32645\LUNA 16\subset0\1\1_aug\53_39.npy
1,C:\Users\32645\LUNA 16\subset0\1\1_aug\54_10.npy
1,C:\Users\32645\LUNA 16\subset0\1\1_aug\54_11.npy
1,C:\Users\32645\LUNA 16\subset0\1\1_aug\54_12.npy
1,C:\Users\32645\LUNA 16\subset0\1\1_aug\54_16.npy
1,C:\Users\32645\LUNA 16\subset0\1\1_aug\54_18.npy
1,C:\Users\32645\LUNA 16\subset0\1\1_aug\54_23.npy
1,C:\Users\32645\LUNA 16\subset0\1\1_aug\54_25.npy
1,C:\Users\32645\LUNA 16\subset0\1\1_aug\54_36.npy
1,C:\Users\32645\LUNA 16\subset0\1\1_aug\54_37.npy
1,C:\Users\32645\LUNA 16\subset0\1\1_aug\54_38.npy
1,C:\Users\32645\LUNA 16\subset0\1\1_aug\54_4.npy
1,C:\Users\32645\LUNA 16\subset0\1\1_aug\54_40.npy
1,C:\Users\32645\LUNA 16\subset0\1\1_aug\54_9.npy
1,C:\Users\32645\LUNA 16\subset0\1\1_aug\55_14.npy
1,C:\Users\32645\LUNA 16\subset0\1\1_aug\55_17.npy
1,C:\Users\32645\LUNA 16\subset0\1\1_aug\55_18.npy
1,C:\Users\32645\LUNA 16\subset0\1\1_aug\55_28.npy
1,C:\Users\32645\LUNA 16\subset0\1\1_aug\55_3.npy
1,C:\Users\32645\LUNA 16\subset0\1\1_aug\55_31.npy
1,C:\Users\32645\LUNA 16\subset0\1\1_aug\55_38.npy
1,C:\Users\32645\LUNA 16\subset0\1\1_aug\55_8.npy
1,C:\Users\32645\LUNA 16\subset0\1\1_aug\56_11.npy
1,C:\Users\32645\LUNA 16\subset0\1\1_aug\56_17.npy
1,C:\Users\32645\LUNA 16\subset0\1\1_aug\56_19.npy
1,C:\Users\32645\LUNA 16\subset0\1\1_aug\56_27.npy
1,C:\Users\32645\LUNA 16\subset0\1\1_aug\56_28.npy
1,C:\Users\32645\LUNA 16\subset0\1\1_aug\56_29.npy
1,C:\Users\32645\LUNA 16\subset0\1\1_aug\56_32.npy
1,C:\Users\32645\LUNA 16\subset0\1\1_aug\56_36.npy
1,C:\Users\32645\LUNA 16\subset0\1\1_aug\56_39.npy
1,C:\Users\32645\LUNA 16\subset0\1\1_aug\56_6.npy
1,C:\Users\32645\LUNA 16\subset0\1\1_aug\56_7.npy
1,C:\Users\32645\LUNA 16\subset0\1\1_aug\56_8.npy
1,C:\Users\32645\LUNA 16\subset0\1\1_aug\57_18.npy
1,C:\Users\32645\LUNA 16\subset0\1\1_aug\57_20.npy
1,C:\Users\32645\LUNA 16\subset0\1\1_aug\57_21.npy
1,C:\Users\32645\LUNA 16\subset0\1\1_aug\57_30.npy
1,C:\Users\32645\LUNA 16\subset0\1\1_aug\57_33.npy
1,C:\Users\32645\LUNA 16\subset0\1\1_aug\57_39.npy
1,C:\Users\32645\LUNA 16\subset0\1\1_aug\57_5.npy
1,C:\Users\32645\LUNA 16\subset0\1\1_aug\58_11.npy
1,C:\Users\32645\LUNA 16\subset0\1\1_aug\58_22.npy
1,C:\Users\32645\LUNA 16\subset0\1\1_aug\58_24.npy
1,C:\Users\32645\LUNA 16\subset0\1\1_aug\58_26.npy
1,C:\Users\32645\LUNA 16\subset0\1\1_aug\58_3.npy
1,C:\Users\32645\LUNA 16\subset0\1\1_aug\58_31.npy
1,C:\Users\32645\LUNA 16\subset0\1\1_aug\58_33.npy
1,C:\Users\32645\LUNA 16\subset0\1\1_aug\58_34.npy
1,C:\Users\32645\LUNA 16\subset0\1\1_aug\58_37.npy
1,C:\Users\32645\LUNA 16\subset0\1\1_aug\58_7.npy
1,C:\Users\32645\LUNA 16\subset0\1\1_aug\59_15.npy
1,C:\Users\32645\LUNA 16\subset0\1\1_aug\59_27.npy
1,C:\Users\32645\LUNA 16\subset0\1\1_aug\59_3.npy
1,C:\Users\32645\LUNA 16\subset0\1\1_aug\59_37.npy
1,C:\Users\32645\LUNA 16\subset0\1\1_aug\5_10.npy
1,C:\Users\32645\LUNA 16\subset0\1\1_aug\5_11.npy
1,C:\Users\32645\LUNA 16\subset0\1\1_aug\5_20.npy
1,C:\Users\32645\LUNA 16\subset0\1\1_aug\5_21.npy
1,C:\Users\32645\LUNA 16\subset0\1\1_aug\5_28.npy
1,C:\Users\32645\LUNA 16\subset0\1\1_aug\5_33.npy
1,C:\Users\32645\LUNA 16\subset0\1\1_aug\5_39.npy
1,C:\Users\32645\LUNA 16\subset0\1\1_aug\5_7.npy
1,C:\Users\32645\LUNA 16\subset0\1\1_aug\60_1.npy
1,C:\Users\32645\LUNA 16\subset0\1\1_aug\60_10.npy
1,C:\Users\32645\LUNA 16\subset0\1\1_aug\60_15.npy
1,C:\Users\32645\LUNA 16\subset0\1\1_aug\60_16.npy
1,C:\Users\32645\LUNA 16\subset0\1\1_aug\60_22.npy
1,C:\Users\32645\LUNA 16\subset0\1\1_aug\60_25.npy
1,C:\Users\32645\LUNA 16\subset0\1\1_aug\60_26.npy
1,C:\Users\32645\LUNA 16\subset0\1\1_aug\60_27.npy
1,C:\Users\32645\LUNA 16\subset0\1\1_aug\60_35.npy
1,C:\Users\32645\LUNA 16\subset0\1\1_aug\60_37.npy
1,C:\Users\32645\LUNA 16\subset0\1\1_aug\60_9.npy
1,C:\Users\32645\LUNA 16\subset0\1\1_aug\61_1.npy
1,C:\Users\32645\LUNA 16\subset0\1\1_aug\61_12.npy
1,C:\Users\32645\LUNA 16\subset0\1\1_aug\61_15.npy
1,C:\Users\32645\LUNA 16\subset0\1\1_aug\61_17.npy
1,C:\Users\32645\LUNA 16\subset0\1\1_aug\61_19.npy
1,C:\Users\32645\LUNA 16\subset0\1\1_aug\61_22.npy
1,C:\Users\32645\LUNA 16\subset0\1\1_aug\61_24.npy
1,C:\Users\32645\LUNA 16\subset0\1\1_aug\61_5.npy
1,C:\Users\32645\LUNA 16\subset0\1\1_aug\62_12.npy
1,C:\Users\32645\LUNA 16\subset0\1\1_aug\62_17.npy
1,C:\Users\32645\LUNA 16\subset0\1\1_aug\62_24.npy
1,C:\Users\32645\LUNA 16\subset0\1\1_aug\62_26.npy
1,C:\Users\32645\LUNA 16\subset0\1\1_aug\62_29.npy
1,C:\Users\32645\LUNA 16\subset0\1\1_aug\62_3.npy
1,C:\Users\32645\LUNA 16\subset0\1\1_aug\62_33.npy
1,C:\Users\32645\LUNA 16\subset0\1\1_aug\62_37.npy
1,C:\Users\32645\LUNA 16\subset0\1\1_aug\62_38.npy
1,C:\Users\32645\LUNA 16\subset0\1\1_aug\63_10.npy
1,C:\Users\32645\LUNA 16\subset0\1\1_aug\63_14.npy
1,C:\Users\32645\LUNA 16\subset0\1\1_aug\63_16.npy
1,C:\Users\32645\LUNA 16\subset0\1\1_aug\63_19.npy
1,C:\Users\32645\LUNA 16\subset0\1\1_aug\63_27.npy
1,C:\Users\32645\LUNA 16\subset0\1\1_aug\63_3.npy
1,C:\Users\32645\LUNA 16\subset0\1\1_aug\63_30.npy
1,C:\Users\32645\LUNA 16\subset0\1\1_aug\63_33.npy
1,C:\Users\32645\LUNA 16\subset0\1\1_aug\63_4.npy
1,C:\Users\32645\LUNA 16\subset0\1\1_aug\63_6.npy
1,C:\Users\32645\LUNA 16\subset0\1\1_aug\64_10.npy
1,C:\Users\32645\LUNA 16\subset0\1\1_aug\64_23.npy
1,C:\Users\32645\LUNA 16\subset0\1\1_aug\64_26.npy
1,C:\Users\32645\LUNA 16\subset0\1\1_aug\64_32.npy
1,C:\Users\32645\LUNA 16\subset0\1\1_aug\64_33.npy
1,C:\Users\32645\LUNA 16\subset0\1\1_aug\64_37.npy
1,C:\Users\32645\LUNA 16\subset0\1\1_aug\64_5.npy
1,C:\Users\32645\LUNA 16\subset0\1\1_aug\64_6.npy
1,C:\Users\32645\LUNA 16\subset0\1\1_aug\64_9.npy
1,C:\Users\32645\LUNA 16\subset0\1\1_aug\65_18.npy
1,C:\Users\32645\LUNA 16\subset0\1\1_aug\65_2.npy
1,C:\Users\32645\LUNA 16\subset0\1\1_aug\65_21.npy
1,C:\Users\32645\LUNA 16\subset0\1\1_aug\65_30.npy
1,C:\Users\32645\LUNA 16\subset0\1\1_aug\65_32.npy
1,C:\Users\32645\LUNA 16\subset0\1\1_aug\65_36.npy
1,C:\Users\32645\LUNA 16\subset0\1\1_aug\65_39.npy
1,C:\Users\32645\LUNA 16\subset0\1\1_aug\65_8.npy
1,C:\Users\32645\LUNA 16\subset0\1\1_aug\66_23.npy
1,C:\Users\32645\LUNA 16\subset0\1\1_aug\66_24.npy
1,C:\Users\32645\LUNA 16\subset0\1\1_aug\66_29.npy
1,C:\Users\32645\LUNA 16\subset0\1\1_aug\66_31.npy
1,C:\Users\32645\LUNA 16\subset0\1\1_aug\66_35.npy
1,C:\Users\32645\LUNA 16\subset0\1\1_aug\66_5.npy
1,C:\Users\32645\LUNA 16\subset0\1\1_aug\66_6.npy
1,C:\Users\32645\LUNA 16\subset0\1\1_aug\67_13.npy
1,C:\Users\32645\LUNA 16\subset0\1\1_aug\67_22.npy
1,C:\Users\32645\LUNA 16\subset0\1\1_aug\67_27.npy
1,C:\Users\32645\LUNA 16\subset0\1\1_aug\67_29.npy
1,C:\Users\32645\LUNA 16\subset0\1\1_aug\67_34.npy
1,C:\Users\32645\LUNA 16\subset0\1\1_aug\67_4.npy
1,C:\Users\32645\LUNA 16\subset0\1\1_aug\67_40.npy
1,C:\Users\32645\LUNA 16\subset0\1\1_aug\67_6.npy
1,C:\Users\32645\LUNA 16\subset0\1\1_aug\68_15.npy
1,C:\Users\32645\LUNA 16\subset0\1\1_aug\68_18.npy
1,C:\Users\32645\LUNA 16\subset0\1\1_aug\68_20.npy
1,C:\Users\32645\LUNA 16\subset0\1\1_aug\68_21.npy
1,C:\Users\32645\LUNA 16\subset0\1\1_aug\68_23.npy
1,C:\Users\32645\LUNA 16\subset0\1\1_aug\68_37.npy
1,C:\Users\32645\LUNA 16\subset0\1\1_aug\68_5.npy
1,C:\Users\32645\LUNA 16\subset0\1\1_aug\68_6.npy
1,C:\Users\32645\LUNA 16\subset0\1\1_aug\68_9.npy
1,C:\Users\32645\LUNA 16\subset0\1\1_aug\69_16.npy
1,C:\Users\32645\LUNA 16\subset0\1\1_aug\69_22.npy
1,C:\Users\32645\LUNA 16\subset0\1\1_aug\69_23.npy
1,C:\Users\32645\LUNA 16\subset0\1\1_aug\69_30.npy
1,C:\Users\32645\LUNA 16\subset0\1\1_aug\69_34.npy
1,C:\Users\32645\LUNA 16\subset0\1\1_aug\69_37.npy
1,C:\Users\32645\LUNA 16\subset0\1\1_aug\69_40.npy
1,C:\Users\32645\LUNA 16\subset0\1\1_aug\69_8.npy
1,C:\Users\32645\LUNA 16\subset0\1\1_aug\6_15.npy
1,C:\Users\32645\LUNA 16\subset0\1\1_aug\6_16.npy
1,C:\Users\32645\LUNA 16\subset0\1\1_aug\6_2.npy
1,C:\Users\32645\LUNA 16\subset0\1\1_aug\6_20.npy
1,C:\Users\32645\LUNA 16\subset0\1\1_aug\6_37.npy
1,C:\Users\32645\LUNA 16\subset0\1\1_aug\6_6.npy
1,C:\Users\32645\LUNA 16\subset0\1\1_aug\70_18.npy
1,C:\Users\32645\LUNA 16\subset0\1\1_aug\70_26.npy
1,C:\Users\32645\LUNA 16\subset0\1\1_aug\70_29.npy
1,C:\Users\32645\LUNA 16\subset0\1\1_aug\70_3.npy
1,C:\Users\32645\LUNA 16\subset0\1\1_aug\70_34.npy
1,C:\Users\32645\LUNA 16\subset0\1\1_aug\70_5.npy
1,C:\Users\32645\LUNA 16\subset0\1\1_aug\70_9.npy
1,C:\Users\32645\LUNA 16\subset0\1\1_aug\71_11.npy
1,C:\Users\32645\LUNA 16\subset0\1\1_aug\71_20.npy
1,C:\Users\32645\LUNA 16\subset0\1\1_aug\71_21.npy
1,C:\Users\32645\LUNA 16\subset0\1\1_aug\71_23.npy
1,C:\Users\32645\LUNA 16\subset0\1\1_aug\71_25.npy
1,C:\Users\32645\LUNA 16\subset0\1\1_aug\71_29.npy
1,C:\Users\32645\LUNA 16\subset0\1\1_aug\71_30.npy
1,C:\Users\32645\LUNA 16\subset0\1\1_aug\71_40.npy
1,C:\Users\32645\LUNA 16\subset0\1\1_aug\71_6.npy
1,C:\Users\32645\LUNA 16\subset0\1\1_aug\72_11.npy
1,C:\Users\32645\LUNA 16\subset0\1\1_aug\72_12.npy
1,C:\Users\32645\LUNA 16\subset0\1\1_aug\72_18.npy
1,C:\Users\32645\LUNA 16\subset0\1\1_aug\72_30.npy
1,C:\Users\32645\LUNA 16\subset0\1\1_aug\72_38.npy
1,C:\Users\32645\LUNA 16\subset0\1\1_aug\73_12.npy
1,C:\Users\32645\LUNA 16\subset0\1\1_aug\73_20.npy
1,C:\Users\32645\LUNA 16\subset0\1\1_aug\73_25.npy
1,C:\Users\32645\LUNA 16\subset0\1\1_aug\73_38.npy
1,C:\Users\32645\LUNA 16\subset0\1\1_aug\73_4.npy
1,C:\Users\32645\LUNA 16\subset0\1\1_aug\73_5.npy
1,C:\Users\32645\LUNA 16\subset0\1\1_aug\73_7.npy
1,C:\Users\32645\LUNA 16\subset0\1\1_aug\74_14.npy
1,C:\Users\32645\LUNA 16\subset0\1\1_aug\74_15.npy
1,C:\Users\32645\LUNA 16\subset0\1\1_aug\74_22.npy
1,C:\Users\32645\LUNA 16\subset0\1\1_aug\74_28.npy
1,C:\Users\32645\LUNA 16\subset0\1\1_aug\74_31.npy
1,C:\Users\32645\LUNA 16\subset0\1\1_aug\74_32.npy
1,C:\Users\32645\LUNA 16\subset0\1\1_aug\74_34.npy
1,C:\Users\32645\LUNA 16\subset0\1\1_aug\74_38.npy
1,C:\Users\32645\LUNA 16\subset0\1\1_aug\74_39.npy
1,C:\Users\32645\LUNA 16\subset0\1\1_aug\75_11.npy
1,C:\Users\32645\LUNA 16\subset0\1\1_aug\75_12.npy
1,C:\Users\32645\LUNA 16\subset0\1\1_aug\75_13.npy
1,C:\Users\32645\LUNA 16\subset0\1\1_aug\75_14.npy
1,C:\Users\32645\LUNA 16\subset0\1\1_aug\75_22.npy
1,C:\Users\32645\LUNA 16\subset0\1\1_aug\75_27.npy
1,C:\Users\32645\LUNA 16\subset0\1\1_aug\75_29.npy
1,C:\Users\32645\LUNA 16\subset0\1\1_aug\75_8.npy
1,C:\Users\32645\LUNA 16\subset0\1\1_aug\76_15.npy
1,C:\Users\32645\LUNA 16\subset0\1\1_aug\76_17.npy
1,C:\Users\32645\LUNA 16\subset0\1\1_aug\76_20.npy
1,C:\Users\32645\LUNA 16\subset0\1\1_aug\76_21.npy
1,C:\Users\32645\LUNA 16\subset0\1\1_aug\76_25.npy
1,C:\Users\32645\LUNA 16\subset0\1\1_aug\76_33.npy
1,C:\Users\32645\LUNA 16\subset0\1\1_aug\76_35.npy
1,C:\Users\32645\LUNA 16\subset0\1\1_aug\76_37.npy
1,C:\Users\32645\LUNA 16\subset0\1\1_aug\76_40.npy
1,C:\Users\32645\LUNA 16\subset0\1\1_aug\77_13.npy
1,C:\Users\32645\LUNA 16\subset0\1\1_aug\77_22.npy
1,C:\Users\32645\LUNA 16\subset0\1\1_aug\77_25.npy
1,C:\Users\32645\LUNA 16\subset0\1\1_aug\77_28.npy
1,C:\Users\32645\LUNA 16\subset0\1\1_aug\77_29.npy
1,C:\Users\32645\LUNA 16\subset0\1\1_aug\77_33.npy
1,C:\Users\32645\LUNA 16\subset0\1\1_aug\77_35.npy
1,C:\Users\32645\LUNA 16\subset0\1\1_aug\77_7.npy
1,C:\Users\32645\LUNA 16\subset0\1\1_aug\77_8.npy
1,C:\Users\32645\LUNA 16\subset0\1\1_aug\78_14.npy
1,C:\Users\32645\LUNA 16\subset0\1\1_aug\78_16.npy
1,C:\Users\32645\LUNA 16\subset0\1\1_aug\78_25.npy
1,C:\Users\32645\LUNA 16\subset0\1\1_aug\78_28.npy
1,C:\Users\32645\LUNA 16\subset0\1\1_aug\78_30.npy
1,C:\Users\32645\LUNA 16\subset0\1\1_aug\78_31.npy
1,C:\Users\32645\LUNA 16\subset0\1\1_aug\78_4.npy
1,C:\Users\32645\LUNA 16\subset0\1\1_aug\78_6.npy
1,C:\Users\32645\LUNA 16\subset0\1\1_aug\78_7.npy
1,C:\Users\32645\LUNA 16\subset0\1\1_aug\78_9.npy
1,C:\Users\32645\LUNA 16\subset0\1\1_aug\79_1.npy
1,C:\Users\32645\LUNA 16\subset0\1\1_aug\79_18.npy
1,C:\Users\32645\LUNA 16\subset0\1\1_aug\79_23.npy
1,C:\Users\32645\LUNA 16\subset0\1\1_aug\79_25.npy
1,C:\Users\32645\LUNA 16\subset0\1\1_aug\79_27.npy
1,C:\Users\32645\LUNA 16\subset0\1\1_aug\79_32.npy
1,C:\Users\32645\LUNA 16\subset0\1\1_aug\79_5.npy
1,C:\Users\32645\LUNA 16\subset0\1\1_aug\79_8.npy
1,C:\Users\32645\LUNA 16\subset0\1\1_aug\7_18.npy
1,C:\Users\32645\LUNA 16\subset0\1\1_aug\7_19.npy
1,C:\Users\32645\LUNA 16\subset0\1\1_aug\7_35.npy
1,C:\Users\32645\LUNA 16\subset0\1\1_aug\7_37.npy
1,C:\Users\32645\LUNA 16\subset0\1\1_aug\7_40.npy
1,C:\Users\32645\LUNA 16\subset0\1\1_aug\80_14.npy
1,C:\Users\32645\LUNA 16\subset0\1\1_aug\80_2.npy
1,C:\Users\32645\LUNA 16\subset0\1\1_aug\80_30.npy
1,C:\Users\32645\LUNA 16\subset0\1\1_aug\80_32.npy
1,C:\Users\32645\LUNA 16\subset0\1\1_aug\80_35.npy
1,C:\Users\32645\LUNA 16\subset0\1\1_aug\80_38.npy
1,C:\Users\32645\LUNA 16\subset0\1\1_aug\80_4.npy
1,C:\Users\32645\LUNA 16\subset0\1\1_aug\80_6.npy
1,C:\Users\32645\LUNA 16\subset0\1\1_aug\80_9.npy
1,C:\Users\32645\LUNA 16\subset0\1\1_aug\81_17.npy
1,C:\Users\32645\LUNA 16\subset0\1\1_aug\81_27.npy
1,C:\Users\32645\LUNA 16\subset0\1\1_aug\81_29.npy
1,C:\Users\32645\LUNA 16\subset0\1\1_aug\81_31.npy
1,C:\Users\32645\LUNA 16\subset0\1\1_aug\81_7.npy
1,C:\Users\32645\LUNA 16\subset0\1\1_aug\82_13.npy
1,C:\Users\32645\LUNA 16\subset0\1\1_aug\82_14.npy
1,C:\Users\32645\LUNA 16\subset0\1\1_aug\82_2.npy
1,C:\Users\32645\LUNA 16\subset0\1\1_aug\82_25.npy
1,C:\Users\32645\LUNA 16\subset0\1\1_aug\82_3.npy
1,C:\Users\32645\LUNA 16\subset0\1\1_aug\82_37.npy
1,C:\Users\32645\LUNA 16\subset0\1\1_aug\82_38.npy
1,C:\Users\32645\LUNA 16\subset0\1\1_aug\82_39.npy
1,C:\Users\32645\LUNA 16\subset0\1\1_aug\82_6.npy
1,C:\Users\32645\LUNA 16\subset0\1\1_aug\82_8.npy
1,C:\Users\32645\LUNA 16\subset0\1\1_aug\83_19.npy
1,C:\Users\32645\LUNA 16\subset0\1\1_aug\83_21.npy
1,C:\Users\32645\LUNA 16\subset0\1\1_aug\83_24.npy
1,C:\Users\32645\LUNA 16\subset0\1\1_aug\83_25.npy
1,C:\Users\32645\LUNA 16\subset0\1\1_aug\83_3.npy
1,C:\Users\32645\LUNA 16\subset0\1\1_aug\83_34.npy
1,C:\Users\32645\LUNA 16\subset0\1\1_aug\83_36.npy
1,C:\Users\32645\LUNA 16\subset0\1\1_aug\83_38.npy
1,C:\Users\32645\LUNA 16\subset0\1\1_aug\83_5.npy
1,C:\Users\32645\LUNA 16\subset0\1\1_aug\83_6.npy
1,C:\Users\32645\LUNA 16\subset0\1\1_aug\84_11.npy
1,C:\Users\32645\LUNA 16\subset0\1\1_aug\84_12.npy
1,C:\Users\32645\LUNA 16\subset0\1\1_aug\84_19.npy
1,C:\Users\32645\LUNA 16\subset0\1\1_aug\84_20.npy
1,C:\Users\32645\LUNA 16\subset0\1\1_aug\84_26.npy
1,C:\Users\32645\LUNA 16\subset0\1\1_aug\84_29.npy
1,C:\Users\32645\LUNA 16\subset0\1\1_aug\84_34.npy
1,C:\Users\32645\LUNA 16\subset0\1\1_aug\84_6.npy
1,C:\Users\32645\LUNA 16\subset0\1\1_aug\85_12.npy
1,C:\Users\32645\LUNA 16\subset0\1\1_aug\85_15.npy
1,C:\Users\32645\LUNA 16\subset0\1\1_aug\85_16.npy
1,C:\Users\32645\LUNA 16\subset0\1\1_aug\85_25.npy
1,C:\Users\32645\LUNA 16\subset0\1\1_aug\85_32.npy
1,C:\Users\32645\LUNA 16\subset0\1\1_aug\85_33.npy
1,C:\Users\32645\LUNA 16\subset0\1\1_aug\85_36.npy
1,C:\Users\32645\LUNA 16\subset0\1\1_aug\86_1.npy
1,C:\Users\32645\LUNA 16\subset0\1\1_aug\86_12.npy
1,C:\Users\32645\LUNA 16\subset0\1\1_aug\86_18.npy
1,C:\Users\32645\LUNA 16\subset0\1\1_aug\86_19.npy
1,C:\Users\32645\LUNA 16\subset0\1\1_aug\86_23.npy
1,C:\Users\32645\LUNA 16\subset0\1\1_aug\86_25.npy
1,C:\Users\32645\LUNA 16\subset0\1\1_aug\86_26.npy
1,C:\Users\32645\LUNA 16\subset0\1\1_aug\86_29.npy
1,C:\Users\32645\LUNA 16\subset0\1\1_aug\86_37.npy
1,C:\Users\32645\LUNA 16\subset0\1\1_aug\86_38.npy
1,C:\Users\32645\LUNA 16\subset0\1\1_aug\86_4.npy
1,C:\Users\32645\LUNA 16\subset0\1\1_aug\86_7.npy
1,C:\Users\32645\LUNA 16\subset0\1\1_aug\86_8.npy
1,C:\Users\32645\LUNA 16\subset0\1\1_aug\86_9.npy
1,C:\Users\32645\LUNA 16\subset0\1\1_aug\87_13.npy
1,C:\Users\32645\LUNA 16\subset0\1\1_aug\87_18.npy
1,C:\Users\32645\LUNA 16\subset0\1\1_aug\87_24.npy
1,C:\Users\32645\LUNA 16\subset0\1\1_aug\87_27.npy
1,C:\Users\32645\LUNA 16\subset0\1\1_aug\87_3.npy
1,C:\Users\32645\LUNA 16\subset0\1\1_aug\87_34.npy
1,C:\Users\32645\LUNA 16\subset0\1\1_aug\87_38.npy
1,C:\Users\32645\LUNA 16\subset0\1\1_aug\88_12.npy
1,C:\Users\32645\LUNA 16\subset0\1\1_aug\88_13.npy
1,C:\Users\32645\LUNA 16\subset0\1\1_aug\88_2.npy
1,C:\Users\32645\LUNA 16\subset0\1\1_aug\88_35.npy
1,C:\Users\32645\LUNA 16\subset0\1\1_aug\88_36.npy
1,C:\Users\32645\LUNA 16\subset0\1\1_aug\88_39.npy
1,C:\Users\32645\LUNA 16\subset0\1\1_aug\89_18.npy
1,C:\Users\32645\LUNA 16\subset0\1\1_aug\89_21.npy
1,C:\Users\32645\LUNA 16\subset0\1\1_aug\89_31.npy
1,C:\Users\32645\LUNA 16\subset0\1\1_aug\89_32.npy
1,C:\Users\32645\LUNA 16\subset0\1\1_aug\89_39.npy
1,C:\Users\32645\LUNA 16\subset0\1\1_aug\8_13.npy
1,C:\Users\32645\LUNA 16\subset0\1\1_aug\8_23.npy
1,C:\Users\32645\LUNA 16\subset0\1\1_aug\8_26.npy
1,C:\Users\32645\LUNA 16\subset0\1\1_aug\8_28.npy
1,C:\Users\32645\LUNA 16\subset0\1\1_aug\8_3.npy
1,C:\Users\32645\LUNA 16\subset0\1\1_aug\8_34.npy
1,C:\Users\32645\LUNA 16\subset0\1\1_aug\90_12.npy
1,C:\Users\32645\LUNA 16\subset0\1\1_aug\90_13.npy
1,C:\Users\32645\LUNA 16\subset0\1\1_aug\90_15.npy
1,C:\Users\32645\LUNA 16\subset0\1\1_aug\90_16.npy
1,C:\Users\32645\LUNA 16\subset0\1\1_aug\90_17.npy
1,C:\Users\32645\LUNA 16\subset0\1\1_aug\90_18.npy
1,C:\Users\32645\LUNA 16\subset0\1\1_aug\90_19.npy
1,C:\Users\32645\LUNA 16\subset0\1\1_aug\90_20.npy
1,C:\Users\32645\LUNA 16\subset0\1\1_aug\90_23.npy
1,C:\Users\32645\LUNA 16\subset0\1\1_aug\90_27.npy
1,C:\Users\32645\LUNA 16\subset0\1\1_aug\90_5.npy
1,C:\Users\32645\LUNA 16\subset0\1\1_aug\91_10.npy
1,C:\Users\32645\LUNA 16\subset0\1\1_aug\91_13.npy
1,C:\Users\32645\LUNA 16\subset0\1\1_aug\91_15.npy
1,C:\Users\32645\LUNA 16\subset0\1\1_aug\91_18.npy
1,C:\Users\32645\LUNA 16\subset0\1\1_aug\91_22.npy
1,C:\Users\32645\LUNA 16\subset0\1\1_aug\91_28.npy
1,C:\Users\32645\LUNA 16\subset0\1\1_aug\91_3.npy
1,C:\Users\32645\LUNA 16\subset0\1\1_aug\91_32.npy
1,C:\Users\32645\LUNA 16\subset0\1\1_aug\91_35.npy
1,C:\Users\32645\LUNA 16\subset0\1\1_aug\91_4.npy
1,C:\Users\32645\LUNA 16\subset0\1\1_aug\91_40.npy
1,C:\Users\32645\LUNA 16\subset0\1\1_aug\91_5.npy
1,C:\Users\32645\LUNA 16\subset0\1\1_aug\91_7.npy
1,C:\Users\32645\LUNA 16\subset0\1\1_aug\92_10.npy
1,C:\Users\32645\LUNA 16\subset0\1\1_aug\92_20.npy
1,C:\Users\32645\LUNA 16\subset0\1\1_aug\92_27.npy
1,C:\Users\32645\LUNA 16\subset0\1\1_aug\92_35.npy
1,C:\Users\32645\LUNA 16\subset0\1\1_aug\92_39.npy
1,C:\Users\32645\LUNA 16\subset0\1\1_aug\93_12.npy
1,C:\Users\32645\LUNA 16\subset0\1\1_aug\93_18.npy
1,C:\Users\32645\LUNA 16\subset0\1\1_aug\93_19.npy
1,C:\Users\32645\LUNA 16\subset0\1\1_aug\93_26.npy
1,C:\Users\32645\LUNA 16\subset0\1\1_aug\93_3.npy
1,C:\Users\32645\LUNA 16\subset0\1\1_aug\93_37.npy
1,C:\Users\32645\LUNA 16\subset0\1\1_aug\93_38.npy
1,C:\Users\32645\LUNA 16\subset0\1\1_aug\93_8.npy
1,C:\Users\32645\LUNA 16\subset0\1\1_aug\94_12.npy
1,C:\Users\32645\LUNA 16\subset0\1\1_aug\94_19.npy
1,C:\Users\32645\LUNA 16\subset0\1\1_aug\94_23.npy
1,C:\Users\32645\LUNA 16\subset0\1\1_aug\94_24.npy
1,C:\Users\32645\LUNA 16\subset0\1\1_aug\94_32.npy
1,C:\Users\32645\LUNA 16\subset0\1\1_aug\95_14.npy
1,C:\Users\32645\LUNA 16\subset0\1\1_aug\95_18.npy
1,C:\Users\32645\LUNA 16\subset0\1\1_aug\95_2.npy
1,C:\Users\32645\LUNA 16\subset0\1\1_aug\95_20.npy
1,C:\Users\32645\LUNA 16\subset0\1\1_aug\95_21.npy
1,C:\Users\32645\LUNA 16\subset0\1\1_aug\95_28.npy
1,C:\Users\32645\LUNA 16\subset0\1\1_aug\95_29.npy
1,C:\Users\32645\LUNA 16\subset0\1\1_aug\95_31.npy
1,C:\Users\32645\LUNA 16\subset0\1\1_aug\95_34.npy
1,C:\Users\32645\LUNA 16\subset0\1\1_aug\95_38.npy
1,C:\Users\32645\LUNA 16\subset0\1\1_aug\95_4.npy
1,C:\Users\32645\LUNA 16\subset0\1\1_aug\95_40.npy
1,C:\Users\32645\LUNA 16\subset0\1\1_aug\95_8.npy
1,C:\Users\32645\LUNA 16\subset0\1\1_aug\96_1.npy
1,C:\Users\32645\LUNA 16\subset0\1\1_aug\96_13.npy
1,C:\Users\32645\LUNA 16\subset0\1\1_aug\96_25.npy
1,C:\Users\32645\LUNA 16\subset0\1\1_aug\96_28.npy
1,C:\Users\32645\LUNA 16\subset0\1\1_aug\96_30.npy
1,C:\Users\32645\LUNA 16\subset0\1\1_aug\96_34.npy
1,C:\Users\32645\LUNA 16\subset0\1\1_aug\96_38.npy
1,C:\Users\32645\LUNA 16\subset0\1\1_aug\96_5.npy
1,C:\Users\32645\LUNA 16\subset0\1\1_aug\96_7.npy
1,C:\Users\32645\LUNA 16\subset0\1\1_aug\96_9.npy
1,C:\Users\32645\LUNA 16\subset0\1\1_aug\97_16.npy
1,C:\Users\32645\LUNA 16\subset0\1\1_aug\97_20.npy
1,C:\Users\32645\LUNA 16\subset0\1\1_aug\97_25.npy
1,C:\Users\32645\LUNA 16\subset0\1\1_aug\97_26.npy
1,C:\Users\32645\LUNA 16\subset0\1\1_aug\97_28.npy
1,C:\Users\32645\LUNA 16\subset0\1\1_aug\97_36.npy
1,C:\Users\32645\LUNA 16\subset0\1\1_aug\97_40.npy
1,C:\Users\32645\LUNA 16\subset0\1\1_aug\98_13.npy
1,C:\Users\32645\LUNA 16\subset0\1\1_aug\98_16.npy
1,C:\Users\32645\LUNA 16\subset0\1\1_aug\98_19.npy
1,C:\Users\32645\LUNA 16\subset0\1\1_aug\98_20.npy
1,C:\Users\32645\LUNA 16\subset0\1\1_aug\98_22.npy
1,C:\Users\32645\LUNA 16\subset0\1\1_aug\98_36.npy
1,C:\Users\32645\LUNA 16\subset0\1\1_aug\98_6.npy
1,C:\Users\32645\LUNA 16\subset0\1\1_aug\99_18.npy
1,C:\Users\32645\LUNA 16\subset0\1\1_aug\99_31.npy
1,C:\Users\32645\LUNA 16\subset0\1\1_aug\99_35.npy
1,C:\Users\32645\LUNA 16\subset0\1\1_aug\9_10.npy
1,C:\Users\32645\LUNA 16\subset0\1\1_aug\9_18.npy
1,C:\Users\32645\LUNA 16\subset0\1\1_aug\9_21.npy
1,C:\Users\32645\LUNA 16\subset0\1\1_aug\9_23.npy
1,C:\Users\32645\LUNA 16\subset0\1\1_aug\9_29.npy
1,C:\Users\32645\LUNA 16\subset0\1\1_aug\9_33.npy
1,C:\Users\32645\LUNA 16\subset0\1\1_aug\9_35.npy
1,C:\Users\32645\LUNA 16\subset0\1\1_aug\9_4.npy
1,C:\Users\32645\LUNA 16\subset0\1\1_aug\9_5.npy
1,C:\Users\32645\LUNA 16\subset0\1\1_aug\9_6.npy
1,C:\Users\32645\LUNA 16\subset0\1\1_aug\9_8.npy
1,C:\Users\32645\LUNA 16\subset0\1\1_aug\9_9.npy
0,C:\Users\32645\LUNA 16\subset0\0\0_62_336.npy
0,C:\Users\32645\LUNA 16\subset0\0\0_69_30.npy
0,C:\Users\32645\LUNA 16\subset0\0\0_86_867.npy
0,C:\Users\32645\LUNA 16\subset0\0\0_37_1307.npy
0,C:\Users\32645\LUNA 16\subset0\0\0_38_324.npy
0,C:\Users\32645\LUNA 16\subset0\0\0_23_107.npy
0,C:\Users\32645\LUNA 16\subset0\0\0_53_567.npy
0,C:\Users\32645\LUNA 16\subset0\0\0_67_730.npy
0,C:\Users\32645\LUNA 16\subset0\0\0_13_591.npy
0,C:\Users\32645\LUNA 16\subset0\0\0_51_362.npy
0,C:\Users\32645\LUNA 16\subset0\0\0_47_1118.npy
0,C:\Users\32645\LUNA 16\subset0\0\0_70_168.npy
0,C:\Users\32645\LUNA 16\subset0\0\0_8_856.npy
0,C:\Users\32645\LUNA 16\subset0\0\0_45_598.npy
0,C:\Users\32645\LUNA 16\subset0\0\0_42_634.npy
0,C:\Users\32645\LUNA 16\subset0\0\0_5_51.npy
0,C:\Users\32645\LUNA 16\subset0\0\0_34_90.npy
0,C:\Users\32645\LUNA 16\subset0\0\0_2_183.npy
0,C:\Users\32645\LUNA 16\subset0\0\0_62_802.npy
0,C:\Users\32645\LUNA 16\subset0\0\0_5_621.npy
0,C:\Users\32645\LUNA 16\subset0\0\0_83_716.npy
0,C:\Users\32645\LUNA 16\subset0\0\0_81_813.npy
0,C:\Users\32645\LUNA 16\subset0\0\0_31_96.npy
0,C:\Users\32645\LUNA 16\subset0\0\0_39_489.npy
0,C:\Users\32645\LUNA 16\subset0\0\0_68_857.npy
0,C:\Users\32645\LUNA 16\subset0\0\0_8_631.npy
0,C:\Users\32645\LUNA 16\subset0\0\0_25_610.npy
0,C:\Users\32645\LUNA 16\subset0\0\0_11_146.npy
0,C:\Users\32645\LUNA 16\subset0\0\0_5_324.npy
0,C:\Users\32645\LUNA 16\subset0\0\0_75_192.npy
0,C:\Users\32645\LUNA 16\subset0\0\0_15_224.npy
0,C:\Users\32645\LUNA 16\subset0\0\0_68_162.npy
0,C:\Users\32645\LUNA 16\subset0\0\0_71_193.npy
0,C:\Users\32645\LUNA 16\subset0\0\0_14_628.npy
0,C:\Users\32645\LUNA 16\subset0\0\0_67_932.npy
0,C:\Users\32645\LUNA 16\subset0\0\0_40_45.npy
0,C:\Users\32645\LUNA 16\subset0\0\0_50_920.npy
0,C:\Users\32645\LUNA 16\subset0\0\0_86_588.npy
0,C:\Users\32645\LUNA 16\subset0\0\0_85_18.npy
0,C:\Users\32645\LUNA 16\subset0\0\0_0_679.npy
0,C:\Users\32645\LUNA 16\subset0\0\0_30_531.npy
0,C:\Users\32645\LUNA 16\subset0\0\0_34_215.npy
0,C:\Users\32645\LUNA 16\subset0\0\0_68_93.npy
0,C:\Users\32645\LUNA 16\subset0\0\0_21_176.npy
0,C:\Users\32645\LUNA 16\subset0\0\0_49_297.npy
0,C:\Users\32645\LUNA 16\subset0\0\0_45_739.npy
0,C:\Users\32645\LUNA 16\subset0\0\0_51_688.npy
0,C:\Users\32645\LUNA 16\subset0\0\0_21_186.npy
0,C:\Users\32645\LUNA 16\subset0\0\0_32_474.npy
0,C:\Users\32645\LUNA 16\subset0\0\0_81_1011.npy
0,C:\Users\32645\LUNA 16\subset0\0\0_11_275.npy
0,C:\Users\32645\LUNA 16\subset0\0\0_7_783.npy
0,C:\Users\32645\LUNA 16\subset0\0\0_76_1016.npy
0,C:\Users\32645\LUNA 16\subset0\0\0_22_761.npy
0,C:\Users\32645\LUNA 16\subset0\0\0_9_138.npy
0,C:\Users\32645\LUNA 16\subset0\0\0_68_251.npy
0,C:\Users\32645\LUNA 16\subset0\0\0_76_226.npy
0,C:\Users\32645\LUNA 16\subset0\0\0_16_329.npy
0,C:\Users\32645\LUNA 16\subset0\0\0_61_911.npy
0,C:\Users\32645\LUNA 16\subset0\0\0_62_749.npy
0,C:\Users\32645\LUNA 16\subset0\0\0_81_982.npy
0,C:\Users\32645\LUNA 16\subset0\0\0_73_603.npy
0,C:\Users\32645\LUNA 16\subset0\0\0_20_695.npy
0,C:\Users\32645\LUNA 16\subset0\0\0_64_223.npy
0,C:\Users\32645\LUNA 16\subset0\0\0_47_454.npy
0,C:\Users\32645\LUNA 16\subset0\0\0_1_357.npy
0,C:\Users\32645\LUNA 16\subset0\0\0_56_253.npy
0,C:\Users\32645\LUNA 16\subset0\0\0_51_862.npy
0,C:\Users\32645\LUNA 16\subset0\0\0_40_570.npy
0,C:\Users\32645\LUNA 16\subset0\0\0_69_526.npy
0,C:\Users\32645\LUNA 16\subset0\0\0_59_327.npy
0,C:\Users\32645\LUNA 16\subset0\0\0_73_24.npy
0,C:\Users\32645\LUNA 16\subset0\0\0_6_314.npy
0,C:\Users\32645\LUNA 16\subset0\0\0_52_296.npy
0,C:\Users\32645\LUNA 16\subset0\0\0_69_483.npy
0,C:\Users\32645\LUNA 16\subset0\0\0_55_16.npy
0,C:\Users\32645\LUNA 16\subset0\0\0_15_816.npy
0,C:\Users\32645\LUNA 16\subset0\0\0_67_408.npy
0,C:\Users\32645\LUNA 16\subset0\0\0_34_144.npy
0,C:\Users\32645\LUNA 16\subset0\0\0_7_808.npy
0,C:\Users\32645\LUNA 16\subset0\0\0_21_235.npy
0,C:\Users\32645\LUNA 16\subset0\0\0_88_718.npy
0,C:\Users\32645\LUNA 16\subset0\0\0_70_740.npy
0,C:\Users\32645\LUNA 16\subset0\0\0_63_876.npy
0,C:\Users\32645\LUNA 16\subset0\0\0_21_681.npy
0,C:\Users\32645\LUNA 16\subset0\0\0_15_95.npy
0,C:\Users\32645\LUNA 16\subset0\0\0_76_1012.npy
0,C:\Users\32645\LUNA 16\subset0\0\0_30_978.npy
0,C:\Users\32645\LUNA 16\subset0\0\0_43_602.npy
0,C:\Users\32645\LUNA 16\subset0\0\0_53_770.npy
0,C:\Users\32645\LUNA 16\subset0\0\0_43_102.npy
0,C:\Users\32645\LUNA 16\subset0\0\0_19_197.npy
0,C:\Users\32645\LUNA 16\subset0\0\0_56_795.npy
0,C:\Users\32645\LUNA 16\subset0\0\0_53_613.npy
0,C:\Users\32645\LUNA 16\subset0\0\0_17_242.npy
0,C:\Users\32645\LUNA 16\subset0\0\0_14_336.npy
0,C:\Users\32645\LUNA 16\subset0\0\0_30_83.npy
0,C:\Users\32645\LUNA 16\subset0\0\0_47_1154.npy
0,C:\Users\32645\LUNA 16\subset0\0\0_27_809.npy
0,C:\Users\32645\LUNA 16\subset0\0\0_85_61.npy
0,C:\Users\32645\LUNA 16\subset0\0\0_56_871.npy
0,C:\Users\32645\LUNA 16\subset0\0\0_32_318.npy
0,C:\Users\32645\LUNA 16\subset0\0\0_79_686.npy
0,C:\Users\32645\LUNA 16\subset0\0\0_10_537.npy
0,C:\Users\32645\LUNA 16\subset0\0\0_27_230.npy
0,C:\Users\32645\LUNA 16\subset0\0\0_27_703.npy
0,C:\Users\32645\LUNA 16\subset0\0\0_88_532.npy
0,C:\Users\32645\LUNA 16\subset0\0\0_74_244.npy
0,C:\Users\32645\LUNA 16\subset0\0\0_38_513.npy
0,C:\Users\32645\LUNA 16\subset0\0\0_49_139.npy
0,C:\Users\32645\LUNA 16\subset0\0\0_70_75.npy
0,C:\Users\32645\LUNA 16\subset0\0\0_66_1017.npy
0,C:\Users\32645\LUNA 16\subset0\0\0_82_532.npy
0,C:\Users\32645\LUNA 16\subset0\0\0_29_156.npy
0,C:\Users\32645\LUNA 16\subset0\0\0_69_1152.npy
0,C:\Users\32645\LUNA 16\subset0\0\0_29_657.npy
0,C:\Users\32645\LUNA 16\subset0\0\0_57_771.npy
0,C:\Users\32645\LUNA 16\subset0\0\0_21_437.npy
0,C:\Users\32645\LUNA 16\subset0\0\0_25_611.npy
0,C:\Users\32645\LUNA 16\subset0\0\0_9_899.npy
0,C:\Users\32645\LUNA 16\subset0\0\0_30_476.npy
0,C:\Users\32645\LUNA 16\subset0\0\0_37_91.npy
0,C:\Users\32645\LUNA 16\subset0\0\0_59_769.npy
0,C:\Users\32645\LUNA 16\subset0\0\0_63_738.npy
0,C:\Users\32645\LUNA 16\subset0\0\0_2_316.npy
0,C:\Users\32645\LUNA 16\subset0\0\0_64_488.npy
0,C:\Users\32645\LUNA 16\subset0\0\0_23_500.npy
0,C:\Users\32645\LUNA 16\subset0\0\0_56_429.npy
0,C:\Users\32645\LUNA 16\subset0\0\0_13_539.npy
0,C:\Users\32645\LUNA 16\subset0\0\0_15_271.npy
0,C:\Users\32645\LUNA 16\subset0\0\0_13_422.npy
0,C:\Users\32645\LUNA 16\subset0\0\0_5_33.npy
0,C:\Users\32645\LUNA 16\subset0\0\0_70_581.npy
0,C:\Users\32645\LUNA 16\subset0\0\0_11_334.npy
0,C:\Users\32645\LUNA 16\subset0\0\0_19_542.npy
0,C:\Users\32645\LUNA 16\subset0\0\0_46_178.npy
0,C:\Users\32645\LUNA 16\subset0\0\0_4_158.npy
0,C:\Users\32645\LUNA 16\subset0\0\0_3_409.npy
0,C:\Users\32645\LUNA 16\subset0\0\0_70_668.npy
0,C:\Users\32645\LUNA 16\subset0\0\0_84_693.npy
0,C:\Users\32645\LUNA 16\subset0\0\0_35_656.npy
0,C:\Users\32645\LUNA 16\subset0\0\0_31_261.npy
0,C:\Users\32645\LUNA 16\subset0\0\0_31_385.npy
0,C:\Users\32645\LUNA 16\subset0\0\0_70_336.npy
0,C:\Users\32645\LUNA 16\subset0\0\0_82_249.npy
0,C:\Users\32645\LUNA 16\subset0\0\0_84_822.npy
0,C:\Users\32645\LUNA 16\subset0\0\0_13_690.npy
0,C:\Users\32645\LUNA 16\subset0\0\0_81_254.npy
0,C:\Users\32645\LUNA 16\subset0\0\0_42_711.npy
0,C:\Users\32645\LUNA 16\subset0\0\0_9_956.npy
0,C:\Users\32645\LUNA 16\subset0\0\0_57_291.npy
0,C:\Users\32645\LUNA 16\subset0\0\0_71_45.npy
0,C:\Users\32645\LUNA 16\subset0\0\0_79_243.npy
0,C:\Users\32645\LUNA 16\subset0\0\0_80_921.npy
0,C:\Users\32645\LUNA 16\subset0\0\0_83_584.npy
0,C:\Users\32645\LUNA 16\subset0\0\0_15_16.npy
0,C:\Users\32645\LUNA 16\subset0\0\0_22_260.npy
0,C:\Users\32645\LUNA 16\subset0\0\0_19_25.npy
0,C:\Users\32645\LUNA 16\subset0\0\0_86_905.npy
0,C:\Users\32645\LUNA 16\subset0\0\0_66_1095.npy
0,C:\Users\32645\LUNA 16\subset0\0\0_41_272.npy
0,C:\Users\32645\LUNA 16\subset0\0\0_12_585.npy
0,C:\Users\32645\LUNA 16\subset0\0\0_68_913.npy
0,C:\Users\32645\LUNA 16\subset0\0\0_43_414.npy
0,C:\Users\32645\LUNA 16\subset0\0\0_77_377.npy
0,C:\Users\32645\LUNA 16\subset0\0\0_5_703.npy
0,C:\Users\32645\LUNA 16\subset0\0\0_45_197.npy
0,C:\Users\32645\LUNA 16\subset0\0\0_15_1026.npy
0,C:\Users\32645\LUNA 16\subset0\0\0_19_426.npy
0,C:\Users\32645\LUNA 16\subset0\0\0_57_363.npy
0,C:\Users\32645\LUNA 16\subset0\0\0_69_1087.npy
0,C:\Users\32645\LUNA 16\subset0\0\0_3_506.npy
0,C:\Users\32645\LUNA 16\subset0\0\0_87_367.npy
0,C:\Users\32645\LUNA 16\subset0\0\0_85_455.npy
0,C:\Users\32645\LUNA 16\subset0\0\0_54_645.npy
0,C:\Users\32645\LUNA 16\subset0\0\0_15_855.npy
0,C:\Users\32645\LUNA 16\subset0\0\0_45_306.npy
0,C:\Users\32645\LUNA 16\subset0\0\0_59_95.npy
0,C:\Users\32645\LUNA 16\subset0\0\0_51_703.npy
0,C:\Users\32645\LUNA 16\subset0\0\0_55_827.npy
0,C:\Users\32645\LUNA 16\subset0\0\0_34_931.npy
0,C:\Users\32645\LUNA 16\subset0\0\0_8_800.npy
0,C:\Users\32645\LUNA 16\subset0\0\0_14_2.npy
0,C:\Users\32645\LUNA 16\subset0\0\0_79_788.npy
0,C:\Users\32645\LUNA 16\subset0\0\0_10_891.npy
0,C:\Users\32645\LUNA 16\subset0\0\0_8_873.npy
0,C:\Users\32645\LUNA 16\subset0\0\0_6_17.npy
0,C:\Users\32645\LUNA 16\subset0\0\0_26_403.npy
0,C:\Users\32645\LUNA 16\subset0\0\0_37_77.npy
0,C:\Users\32645\LUNA 16\subset0\0\0_27_658.npy
0,C:\Users\32645\LUNA 16\subset0\0\0_61_888.npy
0,C:\Users\32645\LUNA 16\subset0\0\0_59_70.npy
0,C:\Users\32645\LUNA 16\subset0\0\0_84_193.npy
0,C:\Users\32645\LUNA 16\subset0\0\0_29_688.npy
0,C:\Users\32645\LUNA 16\subset0\0\0_56_28.npy
0,C:\Users\32645\LUNA 16\subset0\0\0_3_353.npy
0,C:\Users\32645\LUNA 16\subset0\0\0_15_870.npy
0,C:\Users\32645\LUNA 16\subset0\0\0_68_992.npy
0,C:\Users\32645\LUNA 16\subset0\0\0_48_402.npy
0,C:\Users\32645\LUNA 16\subset0\0\0_51_463.npy
0,C:\Users\32645\LUNA 16\subset0\0\0_74_374.npy
0,C:\Users\32645\LUNA 16\subset0\0\0_11_304.npy
0,C:\Users\32645\LUNA 16\subset0\0\0_77_20.npy
0,C:\Users\32645\LUNA 16\subset0\0\0_6_221.npy
0,C:\Users\32645\LUNA 16\subset0\0\0_58_325.npy
0,C:\Users\32645\LUNA 16\subset0\0\0_82_620.npy
0,C:\Users\32645\LUNA 16\subset0\0\0_3_536.npy
0,C:\Users\32645\LUNA 16\subset0\0\0_63_921.npy
0,C:\Users\32645\LUNA 16\subset0\0\0_20_551.npy
0,C:\Users\32645\LUNA 16\subset0\0\0_2_260.npy
0,C:\Users\32645\LUNA 16\subset0\0\0_79_690.npy
0,C:\Users\32645\LUNA 16\subset0\0\0_80_974.npy
0,C:\Users\32645\LUNA 16\subset0\0\0_64_211.npy
0,C:\Users\32645\LUNA 16\subset0\0\0_3_555.npy
0,C:\Users\32645\LUNA 16\subset0\0\0_30_157.npy
0,C:\Users\32645\LUNA 16\subset0\0\0_26_224.npy
0,C:\Users\32645\LUNA 16\subset0\0\0_37_426.npy
0,C:\Users\32645\LUNA 16\subset0\0\0_10_835.npy
0,C:\Users\32645\LUNA 16\subset0\0\0_62_604.npy
0,C:\Users\32645\LUNA 16\subset0\0\0_1_331.npy
0,C:\Users\32645\LUNA 16\subset0\0\0_38_238.npy
0,C:\Users\32645\LUNA 16\subset0\0\0_61_1096.npy
0,C:\Users\32645\LUNA 16\subset0\0\0_9_30.npy
0,C:\Users\32645\LUNA 16\subset0\0\0_54_157.npy
0,C:\Users\32645\LUNA 16\subset0\0\0_18_16.npy
0,C:\Users\32645\LUNA 16\subset0\0\0_84_513.npy
0,C:\Users\32645\LUNA 16\subset0\0\0_63_328.npy
0,C:\Users\32645\LUNA 16\subset0\0\0_65_145.npy
0,C:\Users\32645\LUNA 16\subset0\0\0_8_667.npy
0,C:\Users\32645\LUNA 16\subset0\0\0_56_775.npy
0,C:\Users\32645\LUNA 16\subset0\0\0_52_44.npy
0,C:\Users\32645\LUNA 16\subset0\0\0_29_707.npy
0,C:\Users\32645\LUNA 16\subset0\0\0_77_348.npy
0,C:\Users\32645\LUNA 16\subset0\0\0_86_40.npy
0,C:\Users\32645\LUNA 16\subset0\0\0_20_35.npy
0,C:\Users\32645\LUNA 16\subset0\0\0_10_485.npy
0,C:\Users\32645\LUNA 16\subset0\0\0_0_38.npy
0,C:\Users\32645\LUNA 16\subset0\0\0_25_941.npy
0,C:\Users\32645\LUNA 16\subset0\0\0_63_451.npy
0,C:\Users\32645\LUNA 16\subset0\0\0_20_415.npy
0,C:\Users\32645\LUNA 16\subset0\0\0_32_57.npy
0,C:\Users\32645\LUNA 16\subset0\0\0_33_92.npy
0,C:\Users\32645\LUNA 16\subset0\0\0_57_155.npy
0,C:\Users\32645\LUNA 16\subset0\0\0_2_313.npy
0,C:\Users\32645\LUNA 16\subset0\0\0_69_340.npy
0,C:\Users\32645\LUNA 16\subset0\0\0_79_376.npy
0,C:\Users\32645\LUNA 16\subset0\0\0_67_829.npy
0,C:\Users\32645\LUNA 16\subset0\0\0_5_1052.npy
0,C:\Users\32645\LUNA 16\subset0\0\0_72_360.npy
0,C:\Users\32645\LUNA 16\subset0\0\0_5_269.npy
0,C:\Users\32645\LUNA 16\subset0\0\0_34_947.npy
0,C:\Users\32645\LUNA 16\subset0\0\0_21_489.npy
0,C:\Users\32645\LUNA 16\subset0\0\0_7_768.npy
0,C:\Users\32645\LUNA 16\subset0\0\0_61_492.npy
0,C:\Users\32645\LUNA 16\subset0\0\0_21_552.npy
0,C:\Users\32645\LUNA 16\subset0\0\0_62_61.npy
0,C:\Users\32645\LUNA 16\subset0\0\0_30_34.npy
0,C:\Users\32645\LUNA 16\subset0\0\0_53_86.npy
0,C:\Users\32645\LUNA 16\subset0\0\0_27_370.npy
0,C:\Users\32645\LUNA 16\subset0\0\0_50_1156.npy
0,C:\Users\32645\LUNA 16\subset0\0\0_62_164.npy
0,C:\Users\32645\LUNA 16\subset0\0\0_76_229.npy
0,C:\Users\32645\LUNA 16\subset0\0\0_55_885.npy
0,C:\Users\32645\LUNA 16\subset0\0\0_3_295.npy
0,C:\Users\32645\LUNA 16\subset0\0\0_51_529.npy
0,C:\Users\32645\LUNA 16\subset0\0\0_50_106.npy
0,C:\Users\32645\LUNA 16\subset0\0\0_75_256.npy
0,C:\Users\32645\LUNA 16\subset0\0\0_68_188.npy
0,C:\Users\32645\LUNA 16\subset0\0\0_62_1211.npy
0,C:\Users\32645\LUNA 16\subset0\0\0_37_1055.npy
0,C:\Users\32645\LUNA 16\subset0\0\0_83_187.npy
0,C:\Users\32645\LUNA 16\subset0\0\0_66_708.npy
0,C:\Users\32645\LUNA 16\subset0\0\0_48_423.npy
0,C:\Users\32645\LUNA 16\subset0\0\0_81_777.npy
0,C:\Users\32645\LUNA 16\subset0\0\0_20_112.npy
0,C:\Users\32645\LUNA 16\subset0\0\0_29_483.npy
0,C:\Users\32645\LUNA 16\subset0\0\0_14_527.npy
0,C:\Users\32645\LUNA 16\subset0\0\0_62_95.npy
0,C:\Users\32645\LUNA 16\subset0\0\0_44_212.npy
0,C:\Users\32645\LUNA 16\subset0\0\0_55_863.npy
0,C:\Users\32645\LUNA 16\subset0\0\0_61_544.npy
0,C:\Users\32645\LUNA 16\subset0\0\0_16_744.npy
0,C:\Users\32645\LUNA 16\subset0\0\0_63_493.npy
0,C:\Users\32645\LUNA 16\subset0\0\0_15_717.npy
0,C:\Users\32645\LUNA 16\subset0\0\0_42_661.npy
0,C:\Users\32645\LUNA 16\subset0\0\0_62_1187.npy
0,C:\Users\32645\LUNA 16\subset0\0\0_42_359.npy
0,C:\Users\32645\LUNA 16\subset0\0\0_84_363.npy
0,C:\Users\32645\LUNA 16\subset0\0\0_17_590.npy
0,C:\Users\32645\LUNA 16\subset0\0\0_56_507.npy
0,C:\Users\32645\LUNA 16\subset0\0\0_61_441.npy
0,C:\Users\32645\LUNA 16\subset0\0\0_86_1357.npy
0,C:\Users\32645\LUNA 16\subset0\0\0_30_304.npy
0,C:\Users\32645\LUNA 16\subset0\0\0_17_128.npy
0,C:\Users\32645\LUNA 16\subset0\0\0_4_577.npy
0,C:\Users\32645\LUNA 16\subset0\0\0_68_191.npy
0,C:\Users\32645\LUNA 16\subset0\0\0_26_495.npy
0,C:\Users\32645\LUNA 16\subset0\0\0_71_313.npy
0,C:\Users\32645\LUNA 16\subset0\0\0_66_90.npy
0,C:\Users\32645\LUNA 16\subset0\0\0_65_679.npy
0,C:\Users\32645\LUNA 16\subset0\0\0_34_169.npy
0,C:\Users\32645\LUNA 16\subset0\0\0_51_185.npy
0,C:\Users\32645\LUNA 16\subset0\0\0_25_926.npy
0,C:\Users\32645\LUNA 16\subset0\0\0_14_721.npy
0,C:\Users\32645\LUNA 16\subset0\0\0_83_82.npy
0,C:\Users\32645\LUNA 16\subset0\0\0_15_869.npy
0,C:\Users\32645\LUNA 16\subset0\0\0_51_832.npy
0,C:\Users\32645\LUNA 16\subset0\0\0_4_268.npy
0,C:\Users\32645\LUNA 16\subset0\0\0_29_437.npy
0,C:\Users\32645\LUNA 16\subset0\0\0_82_252.npy
0,C:\Users\32645\LUNA 16\subset0\0\0_6_146.npy
0,C:\Users\32645\LUNA 16\subset0\0\0_13_698.npy
0,C:\Users\32645\LUNA 16\subset0\0\0_62_768.npy
0,C:\Users\32645\LUNA 16\subset0\0\0_9_554.npy
0,C:\Users\32645\LUNA 16\subset0\0\0_23_751.npy
0,C:\Users\32645\LUNA 16\subset0\0\0_58_48.npy
0,C:\Users\32645\LUNA 16\subset0\0\0_14_197.npy
0,C:\Users\32645\LUNA 16\subset0\0\0_83_153.npy
0,C:\Users\32645\LUNA 16\subset0\0\0_46_430.npy
0,C:\Users\32645\LUNA 16\subset0\0\0_20_368.npy
0,C:\Users\32645\LUNA 16\subset0\0\0_14_688.npy
0,C:\Users\32645\LUNA 16\subset0\0\0_34_461.npy
0,C:\Users\32645\LUNA 16\subset0\0\0_16_849.npy
0,C:\Users\32645\LUNA 16\subset0\0\0_84_736.npy
0,C:\Users\32645\LUNA 16\subset0\0\0_60_679.npy
0,C:\Users\32645\LUNA 16\subset0\0\0_1_876.npy
0,C:\Users\32645\LUNA 16\subset0\0\0_68_464.npy
0,C:\Users\32645\LUNA 16\subset0\0\0_19_263.npy
0,C:\Users\32645\LUNA 16\subset0\0\0_59_765.npy
0,C:\Users\32645\LUNA 16\subset0\0\0_37_737.npy
0,C:\Users\32645\LUNA 16\subset0\0\0_52_107.npy
0,C:\Users\32645\LUNA 16\subset0\0\0_79_377.npy
0,C:\Users\32645\LUNA 16\subset0\0\0_16_581.npy
0,C:\Users\32645\LUNA 16\subset0\0\0_86_142.npy
0,C:\Users\32645\LUNA 16\subset0\0\0_10_247.npy
0,C:\Users\32645\LUNA 16\subset0\0\0_12_126.npy
0,C:\Users\32645\LUNA 16\subset0\0\0_50_737.npy
0,C:\Users\32645\LUNA 16\subset0\0\0_4_420.npy
0,C:\Users\32645\LUNA 16\subset0\0\0_23_202.npy
0,C:\Users\32645\LUNA 16\subset0\0\0_51_372.npy
0,C:\Users\32645\LUNA 16\subset0\0\0_74_144.npy
0,C:\Users\32645\LUNA 16\subset0\0\0_86_242.npy
0,C:\Users\32645\LUNA 16\subset0\0\0_38_466.npy
0,C:\Users\32645\LUNA 16\subset0\0\0_88_266.npy
0,C:\Users\32645\LUNA 16\subset0\0\0_49_135.npy
0,C:\Users\32645\LUNA 16\subset0\0\0_86_487.npy
0,C:\Users\32645\LUNA 16\subset0\0\0_59_179.npy
0,C:\Users\32645\LUNA 16\subset0\0\0_79_638.npy
0,C:\Users\32645\LUNA 16\subset0\0\0_82_677.npy
0,C:\Users\32645\LUNA 16\subset0\0\0_34_825.npy
0,C:\Users\32645\LUNA 16\subset0\0\0_54_222.npy
0,C:\Users\32645\LUNA 16\subset0\0\0_13_75.npy
0,C:\Users\32645\LUNA 16\subset0\0\0_57_406.npy
0,C:\Users\32645\LUNA 16\subset0\0\0_42_11.npy
0,C:\Users\32645\LUNA 16\subset0\0\0_27_460.npy
0,C:\Users\32645\LUNA 16\subset0\0\0_62_77.npy
0,C:\Users\32645\LUNA 16\subset0\0\0_88_541.npy
0,C:\Users\32645\LUNA 16\subset0\0\0_8_960.npy
0,C:\Users\32645\LUNA 16\subset0\0\0_52_463.npy
0,C:\Users\32645\LUNA 16\subset0\0\0_61_228.npy
0,C:\Users\32645\LUNA 16\subset0\0\0_10_376.npy
0,C:\Users\32645\LUNA 16\subset0\0\0_11_898.npy
0,C:\Users\32645\LUNA 16\subset0\0\0_3_359.npy
0,C:\Users\32645\LUNA 16\subset0\0\0_28_50.npy
0,C:\Users\32645\LUNA 16\subset0\0\0_71_726.npy
0,C:\Users\32645\LUNA 16\subset0\0\0_35_616.npy
0,C:\Users\32645\LUNA 16\subset0\0\0_6_437.npy
0,C:\Users\32645\LUNA 16\subset0\0\0_66_472.npy
0,C:\Users\32645\LUNA 16\subset0\0\0_74_1005.npy
0,C:\Users\32645\LUNA 16\subset0\0\0_62_50.npy
0,C:\Users\32645\LUNA 16\subset0\0\0_64_167.npy
0,C:\Users\32645\LUNA 16\subset0\0\0_69_832.npy
0,C:\Users\32645\LUNA 16\subset0\0\0_35_434.npy
0,C:\Users\32645\LUNA 16\subset0\0\0_25_880.npy
0,C:\Users\32645\LUNA 16\subset0\0\0_42_673.npy
0,C:\Users\32645\LUNA 16\subset0\0\0_53_818.npy
0,C:\Users\32645\LUNA 16\subset0\0\0_67_190.npy
0,C:\Users\32645\LUNA 16\subset0\0\0_10_297.npy
0,C:\Users\32645\LUNA 16\subset0\0\0_86_448.npy
0,C:\Users\32645\LUNA 16\subset0\0\0_7_60.npy
0,C:\Users\32645\LUNA 16\subset0\0\0_21_687.npy
0,C:\Users\32645\LUNA 16\subset0\0\0_86_410.npy
0,C:\Users\32645\LUNA 16\subset0\0\0_69_369.npy
0,C:\Users\32645\LUNA 16\subset0\0\0_61_32.npy
0,C:\Users\32645\LUNA 16\subset0\0\0_42_589.npy
0,C:\Users\32645\LUNA 16\subset0\0\0_55_403.npy
0,C:\Users\32645\LUNA 16\subset0\0\0_8_263.npy
0,C:\Users\32645\LUNA 16\subset0\0\0_47_1176.npy
0,C:\Users\32645\LUNA 16\subset0\0\0_74_313.npy
0,C:\Users\32645\LUNA 16\subset0\0\0_68_707.npy
0,C:\Users\32645\LUNA 16\subset0\0\0_64_390.npy
0,C:\Users\32645\LUNA 16\subset0\0\0_63_72.npy
0,C:\Users\32645\LUNA 16\subset0\0\0_34_798.npy
0,C:\Users\32645\LUNA 16\subset0\0\0_65_267.npy
0,C:\Users\32645\LUNA 16\subset0\0\0_53_935.npy
0,C:\Users\32645\LUNA 16\subset0\0\0_34_506.npy
0,C:\Users\32645\LUNA 16\subset0\0\0_48_169.npy
0,C:\Users\32645\LUNA 16\subset0\0\0_79_794.npy
0,C:\Users\32645\LUNA 16\subset0\0\0_22_266.npy
0,C:\Users\32645\LUNA 16\subset0\0\0_70_358.npy
0,C:\Users\32645\LUNA 16\subset0\0\0_30_252.npy
0,C:\Users\32645\LUNA 16\subset0\0\0_75_70.npy
0,C:\Users\32645\LUNA 16\subset0\0\0_30_1031.npy
0,C:\Users\32645\LUNA 16\subset0\0\0_59_71.npy
0,C:\Users\32645\LUNA 16\subset0\0\0_24_433.npy
0,C:\Users\32645\LUNA 16\subset0\0\0_83_651.npy
0,C:\Users\32645\LUNA 16\subset0\0\0_11_380.npy
0,C:\Users\32645\LUNA 16\subset0\0\0_66_907.npy
0,C:\Users\32645\LUNA 16\subset0\0\0_45_460.npy
0,C:\Users\32645\LUNA 16\subset0\0\0_61_531.npy
0,C:\Users\32645\LUNA 16\subset0\0\0_40_503.npy
0,C:\Users\32645\LUNA 16\subset0\0\0_6_406.npy
0,C:\Users\32645\LUNA 16\subset0\0\0_62_216.npy
0,C:\Users\32645\LUNA 16\subset0\0\0_66_735.npy
0,C:\Users\32645\LUNA 16\subset0\0\0_54_1040.npy
0,C:\Users\32645\LUNA 16\subset0\0\0_26_35.npy
0,C:\Users\32645\LUNA 16\subset0\0\0_30_355.npy
0,C:\Users\32645\LUNA 16\subset0\0\0_24_26.npy
0,C:\Users\32645\LUNA 16\subset0\0\0_46_412.npy
0,C:\Users\32645\LUNA 16\subset0\0\0_53_656.npy
0,C:\Users\32645\LUNA 16\subset0\0\0_48_46.npy
0,C:\Users\32645\LUNA 16\subset0\0\0_53_969.npy
0,C:\Users\32645\LUNA 16\subset0\0\0_73_197.npy
0,C:\Users\32645\LUNA 16\subset0\0\0_27_697.npy
0,C:\Users\32645\LUNA 16\subset0\0\0_44_823.npy
0,C:\Users\32645\LUNA 16\subset0\0\0_54_90.npy
0,C:\Users\32645\LUNA 16\subset0\0\0_2_482.npy
0,C:\Users\32645\LUNA 16\subset0\0\0_12_239.npy
0,C:\Users\32645\LUNA 16\subset0\0\0_50_517.npy
0,C:\Users\32645\LUNA 16\subset0\0\0_13_893.npy
0,C:\Users\32645\LUNA 16\subset0\0\0_83_2.npy
0,C:\Users\32645\LUNA 16\subset0\0\0_56_496.npy
0,C:\Users\32645\LUNA 16\subset0\0\0_34_411.npy
0,C:\Users\32645\LUNA 16\subset0\0\0_21_389.npy
0,C:\Users\32645\LUNA 16\subset0\0\0_47_348.npy
0,C:\Users\32645\LUNA 16\subset0\0\0_3_521.npy
0,C:\Users\32645\LUNA 16\subset0\0\0_66_920.npy
0,C:\Users\32645\LUNA 16\subset0\0\0_81_629.npy
0,C:\Users\32645\LUNA 16\subset0\0\0_54_302.npy
0,C:\Users\32645\LUNA 16\subset0\0\0_81_537.npy
0,C:\Users\32645\LUNA 16\subset0\0\0_69_840.npy
0,C:\Users\32645\LUNA 16\subset0\0\0_61_185.npy
0,C:\Users\32645\LUNA 16\subset0\0\0_70_525.npy
0,C:\Users\32645\LUNA 16\subset0\0\0_34_1223.npy
0,C:\Users\32645\LUNA 16\subset0\0\0_20_360.npy
0,C:\Users\32645\LUNA 16\subset0\0\0_39_686.npy
0,C:\Users\32645\LUNA 16\subset0\0\0_74_218.npy
0,C:\Users\32645\LUNA 16\subset0\0\0_61_385.npy
0,C:\Users\32645\LUNA 16\subset0\0\0_79_237.npy
0,C:\Users\32645\LUNA 16\subset0\0\0_82_263.npy
0,C:\Users\32645\LUNA 16\subset0\0\0_56_877.npy
0,C:\Users\32645\LUNA 16\subset0\0\0_16_387.npy
0,C:\Users\32645\LUNA 16\subset0\0\0_36_230.npy
0,C:\Users\32645\LUNA 16\subset0\0\0_30_332.npy
0,C:\Users\32645\LUNA 16\subset0\0\0_79_548.npy
0,C:\Users\32645\LUNA 16\subset0\0\0_22_798.npy
0,C:\Users\32645\LUNA 16\subset0\0\0_78_40.npy
0,C:\Users\32645\LUNA 16\subset0\0\0_5_404.npy
0,C:\Users\32645\LUNA 16\subset0\0\0_36_345.npy
0,C:\Users\32645\LUNA 16\subset0\0\0_54_601.npy
0,C:\Users\32645\LUNA 16\subset0\0\0_49_172.npy
0,C:\Users\32645\LUNA 16\subset0\0\0_11_134.npy
0,C:\Users\32645\LUNA 16\subset0\0\0_69_298.npy
0,C:\Users\32645\LUNA 16\subset0\0\0_5_1222.npy
0,C:\Users\32645\LUNA 16\subset0\0\0_5_1122.npy
0,C:\Users\32645\LUNA 16\subset0\0\0_7_958.npy
0,C:\Users\32645\LUNA 16\subset0\0\0_6_401.npy
0,C:\Users\32645\LUNA 16\subset0\0\0_59_260.npy
0,C:\Users\32645\LUNA 16\subset0\0\0_74_610.npy
0,C:\Users\32645\LUNA 16\subset0\0\0_16_35.npy
0,C:\Users\32645\LUNA 16\subset0\0\0_22_451.npy
0,C:\Users\32645\LUNA 16\subset0\0\0_15_933.npy
0,C:\Users\32645\LUNA 16\subset0\0\0_60_570.npy
0,C:\Users\32645\LUNA 16\subset0\0\0_16_777.npy
0,C:\Users\32645\LUNA 16\subset0\0\0_37_27.npy
0,C:\Users\32645\LUNA 16\subset0\0\0_47_85.npy
0,C:\Users\32645\LUNA 16\subset0\0\0_46_765.npy
0,C:\Users\32645\LUNA 16\subset0\0\0_40_364.npy
0,C:\Users\32645\LUNA 16\subset0\0\0_70_779.npy
0,C:\Users\32645\LUNA 16\subset0\0\0_19_471.npy
0,C:\Users\32645\LUNA 16\subset0\0\0_25_543.npy
0,C:\Users\32645\LUNA 16\subset0\0\0_81_515.npy
0,C:\Users\32645\LUNA 16\subset0\0\0_37_477.npy
0,C:\Users\32645\LUNA 16\subset0\0\0_58_681.npy
0,C:\Users\32645\LUNA 16\subset0\0\0_13_266.npy
0,C:\Users\32645\LUNA 16\subset0\0\0_47_1120.npy
0,C:\Users\32645\LUNA 16\subset0\0\0_80_615.npy
0,C:\Users\32645\LUNA 16\subset0\0\0_37_1060.npy
0,C:\Users\32645\LUNA 16\subset0\0\0_28_27.npy
0,C:\Users\32645\LUNA 16\subset0\0\0_76_466.npy
0,C:\Users\32645\LUNA 16\subset0\0\0_52_97.npy
0,C:\Users\32645\LUNA 16\subset0\0\0_80_883.npy
0,C:\Users\32645\LUNA 16\subset0\0\0_45_292.npy
0,C:\Users\32645\LUNA 16\subset0\0\0_86_428.npy
0,C:\Users\32645\LUNA 16\subset0\0\0_29_693.npy
0,C:\Users\32645\LUNA 16\subset0\0\0_45_123.npy
0,C:\Users\32645\LUNA 16\subset0\0\0_34_1232.npy
0,C:\Users\32645\LUNA 16\subset0\0\0_72_25.npy
0,C:\Users\32645\LUNA 16\subset0\0\0_26_105.npy
0,C:\Users\32645\LUNA 16\subset0\0\0_59_772.npy
0,C:\Users\32645\LUNA 16\subset0\0\0_80_424.npy
0,C:\Users\32645\LUNA 16\subset0\0\0_70_1072.npy
0,C:\Users\32645\LUNA 16\subset0\0\0_87_645.npy
0,C:\Users\32645\LUNA 16\subset0\0\0_78_1.npy
0,C:\Users\32645\LUNA 16\subset0\0\0_83_387.npy
0,C:\Users\32645\LUNA 16\subset0\0\0_44_45.npy
0,C:\Users\32645\LUNA 16\subset0\0\0_75_164.npy
0,C:\Users\32645\LUNA 16\subset0\0\0_82_238.npy
0,C:\Users\32645\LUNA 16\subset0\0\0_69_564.npy
0,C:\Users\32645\LUNA 16\subset0\0\0_69_667.npy
0,C:\Users\32645\LUNA 16\subset0\0\0_69_78.npy
0,C:\Users\32645\LUNA 16\subset0\0\0_75_1024.npy
0,C:\Users\32645\LUNA 16\subset0\0\0_84_927.npy
0,C:\Users\32645\LUNA 16\subset0\0\0_15_411.npy
0,C:\Users\32645\LUNA 16\subset0\0\0_23_225.npy
0,C:\Users\32645\LUNA 16\subset0\0\0_7_750.npy
0,C:\Users\32645\LUNA 16\subset0\0\0_87_87.npy
0,C:\Users\32645\LUNA 16\subset0\0\0_11_599.npy
0,C:\Users\32645\LUNA 16\subset0\0\0_45_794.npy
0,C:\Users\32645\LUNA 16\subset0\0\0_13_717.npy
0,C:\Users\32645\LUNA 16\subset0\0\0_30_295.npy
0,C:\Users\32645\LUNA 16\subset0\0\0_42_627.npy
0,C:\Users\32645\LUNA 16\subset0\0\0_56_761.npy
0,C:\Users\32645\LUNA 16\subset0\0\0_15_595.npy
0,C:\Users\32645\LUNA 16\subset0\0\0_58_499.npy
0,C:\Users\32645\LUNA 16\subset0\0\0_51_77.npy
0,C:\Users\32645\LUNA 16\subset0\0\0_66_1173.npy
0,C:\Users\32645\LUNA 16\subset0\0\0_34_1255.npy
0,C:\Users\32645\LUNA 16\subset0\0\0_81_99.npy
0,C:\Users\32645\LUNA 16\subset0\0\0_57_776.npy
0,C:\Users\32645\LUNA 16\subset0\0\0_82_577.npy
0,C:\Users\32645\LUNA 16\subset0\0\0_13_198.npy
0,C:\Users\32645\LUNA 16\subset0\0\0_4_286.npy
0,C:\Users\32645\LUNA 16\subset0\0\0_5_733.npy
0,C:\Users\32645\LUNA 16\subset0\0\0_1_281.npy
0,C:\Users\32645\LUNA 16\subset0\0\0_9_4.npy
0,C:\Users\32645\LUNA 16\subset0\0\0_65_594.npy
0,C:\Users\32645\LUNA 16\subset0\0\0_27_645.npy
0,C:\Users\32645\LUNA 16\subset0\0\0_40_106.npy
0,C:\Users\32645\LUNA 16\subset0\0\0_24_190.npy
0,C:\Users\32645\LUNA 16\subset0\0\0_56_949.npy
0,C:\Users\32645\LUNA 16\subset0\0\0_62_660.npy
0,C:\Users\32645\LUNA 16\subset0\0\0_45_318.npy
0,C:\Users\32645\LUNA 16\subset0\0\0_9_790.npy
0,C:\Users\32645\LUNA 16\subset0\0\0_58_204.npy
0,C:\Users\32645\LUNA 16\subset0\0\0_40_608.npy
0,C:\Users\32645\LUNA 16\subset0\0\0_32_112.npy
0,C:\Users\32645\LUNA 16\subset0\0\0_8_344.npy
0,C:\Users\32645\LUNA 16\subset0\0\0_80_806.npy
0,C:\Users\32645\LUNA 16\subset0\0\0_30_290.npy
0,C:\Users\32645\LUNA 16\subset0\0\0_81_408.npy
0,C:\Users\32645\LUNA 16\subset0\0\0_31_350.npy
0,C:\Users\32645\LUNA 16\subset0\0\0_2_661.npy
0,C:\Users\32645\LUNA 16\subset0\0\0_66_578.npy
0,C:\Users\32645\LUNA 16\subset0\0\0_80_232.npy
0,C:\Users\32645\LUNA 16\subset0\0\0_87_741.npy
0,C:\Users\32645\LUNA 16\subset0\0\0_44_372.npy
0,C:\Users\32645\LUNA 16\subset0\0\0_48_511.npy
0,C:\Users\32645\LUNA 16\subset0\0\0_60_715.npy
0,C:\Users\32645\LUNA 16\subset0\0\0_87_761.npy
0,C:\Users\32645\LUNA 16\subset0\0\0_55_617.npy
0,C:\Users\32645\LUNA 16\subset0\0\0_47_929.npy
0,C:\Users\32645\LUNA 16\subset0\0\0_20_68.npy
0,C:\Users\32645\LUNA 16\subset0\0\0_2_546.npy
0,C:\Users\32645\LUNA 16\subset0\0\0_38_531.npy
0,C:\Users\32645\LUNA 16\subset0\0\0_57_556.npy
0,C:\Users\32645\LUNA 16\subset0\0\0_13_427.npy
0,C:\Users\32645\LUNA 16\subset0\0\0_75_501.npy
0,C:\Users\32645\LUNA 16\subset0\0\0_87_786.npy
0,C:\Users\32645\LUNA 16\subset0\0\0_23_156.npy
0,C:\Users\32645\LUNA 16\subset0\0\0_43_52.npy
0,C:\Users\32645\LUNA 16\subset0\0\0_29_560.npy
0,C:\Users\32645\LUNA 16\subset0\0\0_10_5.npy
0,C:\Users\32645\LUNA 16\subset0\0\0_58_562.npy
0,C:\Users\32645\LUNA 16\subset0\0\0_11_327.npy
0,C:\Users\32645\LUNA 16\subset0\0\0_11_184.npy
0,C:\Users\32645\LUNA 16\subset0\0\0_10_113.npy
0,C:\Users\32645\LUNA 16\subset0\0\0_83_533.npy
0,C:\Users\32645\LUNA 16\subset0\0\0_29_828.npy
0,C:\Users\32645\LUNA 16\subset0\0\0_70_61.npy
0,C:\Users\32645\LUNA 16\subset0\0\0_39_678.npy
0,C:\Users\32645\LUNA 16\subset0\0\0_70_289.npy
0,C:\Users\32645\LUNA 16\subset0\0\0_52_456.npy
0,C:\Users\32645\LUNA 16\subset0\0\0_59_266.npy
0,C:\Users\32645\LUNA 16\subset0\0\0_80_351.npy
0,C:\Users\32645\LUNA 16\subset0\0\0_62_738.npy
0,C:\Users\32645\LUNA 16\subset0\0\0_8_542.npy
0,C:\Users\32645\LUNA 16\subset0\0\0_42_300.npy
0,C:\Users\32645\LUNA 16\subset0\0\0_32_353.npy
0,C:\Users\32645\LUNA 16\subset0\0\0_56_894.npy
0,C:\Users\32645\LUNA 16\subset0\0\0_15_839.npy
0,C:\Users\32645\LUNA 16\subset0\0\0_84_575.npy
0,C:\Users\32645\LUNA 16\subset0\0\0_73_188.npy
0,C:\Users\32645\LUNA 16\subset0\0\0_43_86.npy
0,C:\Users\32645\LUNA 16\subset0\0\0_13_339.npy
0,C:\Users\32645\LUNA 16\subset0\0\0_67_147.npy
0,C:\Users\32645\LUNA 16\subset0\0\0_55_867.npy
0,C:\Users\32645\LUNA 16\subset0\0\0_45_131.npy
0,C:\Users\32645\LUNA 16\subset0\0\0_17_573.npy
0,C:\Users\32645\LUNA 16\subset0\0\0_8_323.npy
0,C:\Users\32645\LUNA 16\subset0\0\0_50_1081.npy
0,C:\Users\32645\LUNA 16\subset0\0\0_56_807.npy
0,C:\Users\32645\LUNA 16\subset0\0\0_54_39.npy
0,C:\Users\32645\LUNA 16\subset0\0\0_14_415.npy
0,C:\Users\32645\LUNA 16\subset0\0\0_75_921.npy
0,C:\Users\32645\LUNA 16\subset0\0\0_34_465.npy
0,C:\Users\32645\LUNA 16\subset0\0\0_41_138.npy
0,C:\Users\32645\LUNA 16\subset0\0\0_81_808.npy
0,C:\Users\32645\LUNA 16\subset0\0\0_20_536.npy
0,C:\Users\32645\LUNA 16\subset0\0\0_5_209.npy
0,C:\Users\32645\LUNA 16\subset0\0\0_58_248.npy
0,C:\Users\32645\LUNA 16\subset0\0\0_80_467.npy
0,C:\Users\32645\LUNA 16\subset0\0\0_14_385.npy
0,C:\Users\32645\LUNA 16\subset0\0\0_8_188.npy
0,C:\Users\32645\LUNA 16\subset0\0\0_9_685.npy
0,C:\Users\32645\LUNA 16\subset0\0\0_71_854.npy
0,C:\Users\32645\LUNA 16\subset0\0\0_24_191.npy
0,C:\Users\32645\LUNA 16\subset0\0\0_77_426.npy
0,C:\Users\32645\LUNA 16\subset0\0\0_11_296.npy
0,C:\Users\32645\LUNA 16\subset0\0\0_77_236.npy
0,C:\Users\32645\LUNA 16\subset0\0\0_1_1151.npy
0,C:\Users\32645\LUNA 16\subset0\0\0_34_0.npy
0,C:\Users\32645\LUNA 16\subset0\0\0_64_264.npy
0,C:\Users\32645\LUNA 16\subset0\0\0_84_729.npy
0,C:\Users\32645\LUNA 16\subset0\0\0_61_353.npy
0,C:\Users\32645\LUNA 16\subset0\0\0_42_690.npy
0,C:\Users\32645\LUNA 16\subset0\0\0_50_289.npy
0,C:\Users\32645\LUNA 16\subset0\0\0_1_495.npy
0,C:\Users\32645\LUNA 16\subset0\0\0_48_253.npy
0,C:\Users\32645\LUNA 16\subset0\0\0_87_807.npy
0,C:\Users\32645\LUNA 16\subset0\0\0_80_363.npy
0,C:\Users\32645\LUNA 16\subset0\0\0_75_12.npy
0,C:\Users\32645\LUNA 16\subset0\0\0_86_1355.npy
0,C:\Users\32645\LUNA 16\subset0\0\0_76_805.npy
0,C:\Users\32645\LUNA 16\subset0\0\0_76_370.npy
0,C:\Users\32645\LUNA 16\subset0\0\0_66_292.npy
0,C:\Users\32645\LUNA 16\subset0\0\0_68_337.npy
0,C:\Users\32645\LUNA 16\subset0\0\0_53_375.npy
0,C:\Users\32645\LUNA 16\subset0\0\0_46_279.npy
0,C:\Users\32645\LUNA 16\subset0\0\0_17_88.npy
0,C:\Users\32645\LUNA 16\subset0\0\0_64_166.npy
0,C:\Users\32645\LUNA 16\subset0\0\0_68_564.npy
0,C:\Users\32645\LUNA 16\subset0\0\0_37_1316.npy
0,C:\Users\32645\LUNA 16\subset0\0\0_39_196.npy
0,C:\Users\32645\LUNA 16\subset0\0\0_25_575.npy
0,C:\Users\32645\LUNA 16\subset0\0\0_10_988.npy
0,C:\Users\32645\LUNA 16\subset0\0\0_16_306.npy
0,C:\Users\32645\LUNA 16\subset0\0\0_69_540.npy
0,C:\Users\32645\LUNA 16\subset0\0\0_75_609.npy
0,C:\Users\32645\LUNA 16\subset0\0\0_35_446.npy
0,C:\Users\32645\LUNA 16\subset0\0\0_1_1268.npy
0,C:\Users\32645\LUNA 16\subset0\0\0_58_818.npy
0,C:\Users\32645\LUNA 16\subset0\0\0_30_742.npy
0,C:\Users\32645\LUNA 16\subset0\0\0_2_364.npy
0,C:\Users\32645\LUNA 16\subset0\0\0_10_269.npy
0,C:\Users\32645\LUNA 16\subset0\0\0_70_928.npy
0,C:\Users\32645\LUNA 16\subset0\0\0_67_13.npy
0,C:\Users\32645\LUNA 16\subset0\0\0_62_1198.npy
0,C:\Users\32645\LUNA 16\subset0\0\0_44_794.npy
0,C:\Users\32645\LUNA 16\subset0\0\0_3_675.npy
0,C:\Users\32645\LUNA 16\subset0\0\0_63_40.npy
0,C:\Users\32645\LUNA 16\subset0\0\0_83_874.npy
0,C:\Users\32645\LUNA 16\subset0\0\0_77_70.npy
0,C:\Users\32645\LUNA 16\subset0\0\0_5_863.npy
0,C:\Users\32645\LUNA 16\subset0\0\0_68_88.npy
0,C:\Users\32645\LUNA 16\subset0\0\0_85_509.npy
0,C:\Users\32645\LUNA 16\subset0\0\0_43_774.npy
0,C:\Users\32645\LUNA 16\subset0\0\0_37_18.npy
0,C:\Users\32645\LUNA 16\subset0\0\0_50_1089.npy
0,C:\Users\32645\LUNA 16\subset0\0\0_15_159.npy
0,C:\Users\32645\LUNA 16\subset0\0\0_47_116.npy
0,C:\Users\32645\LUNA 16\subset0\0\0_1_241.npy
0,C:\Users\32645\LUNA 16\subset0\0\0_57_816.npy
0,C:\Users\32645\LUNA 16\subset0\0\0_78_512.npy
0,C:\Users\32645\LUNA 16\subset0\0\0_44_585.npy
0,C:\Users\32645\LUNA 16\subset0\0\0_84_785.npy
0,C:\Users\32645\LUNA 16\subset0\0\0_88_889.npy
0,C:\Users\32645\LUNA 16\subset0\0\0_81_104.npy
0,C:\Users\32645\LUNA 16\subset0\0\0_55_190.npy
0,C:\Users\32645\LUNA 16\subset0\0\0_15_508.npy
0,C:\Users\32645\LUNA 16\subset0\0\0_1_717.npy
0,C:\Users\32645\LUNA 16\subset0\0\0_35_6.npy
0,C:\Users\32645\LUNA 16\subset0\0\0_32_412.npy
0,C:\Users\32645\LUNA 16\subset0\0\0_9_17.npy
0,C:\Users\32645\LUNA 16\subset0\0\0_53_201.npy
0,C:\Users\32645\LUNA 16\subset0\0\0_56_921.npy
0,C:\Users\32645\LUNA 16\subset0\0\0_87_561.npy
0,C:\Users\32645\LUNA 16\subset0\0\0_88_820.npy
0,C:\Users\32645\LUNA 16\subset0\0\0_5_502.npy
0,C:\Users\32645\LUNA 16\subset0\0\0_1_1224.npy
0,C:\Users\32645\LUNA 16\subset0\0\0_5_1302.npy
0,C:\Users\32645\LUNA 16\subset0\0\0_61_862.npy
0,C:\Users\32645\LUNA 16\subset0\0\0_34_212.npy
0,C:\Users\32645\LUNA 16\subset0\0\0_21_495.npy
0,C:\Users\32645\LUNA 16\subset0\0\0_63_33.npy
0,C:\Users\32645\LUNA 16\subset0\0\0_56_858.npy
0,C:\Users\32645\LUNA 16\subset0\0\0_33_316.npy
0,C:\Users\32645\LUNA 16\subset0\0\0_81_482.npy
0,C:\Users\32645\LUNA 16\subset0\0\0_25_650.npy
0,C:\Users\32645\LUNA 16\subset0\0\0_17_161.npy
0,C:\Users\32645\LUNA 16\subset0\0\0_48_392.npy
0,C:\Users\32645\LUNA 16\subset0\0\0_53_599.npy
0,C:\Users\32645\LUNA 16\subset0\0\0_47_590.npy
0,C:\Users\32645\LUNA 16\subset0\0\0_21_453.npy
0,C:\Users\32645\LUNA 16\subset0\0\0_29_654.npy
0,C:\Users\32645\LUNA 16\subset0\0\0_30_587.npy
0,C:\Users\32645\LUNA 16\subset0\0\0_1_1123.npy
0,C:\Users\32645\LUNA 16\subset0\0\0_15_1030.npy
0,C:\Users\32645\LUNA 16\subset0\0\0_15_153.npy
0,C:\Users\32645\LUNA 16\subset0\0\0_49_381.npy
0,C:\Users\32645\LUNA 16\subset0\0\0_61_1083.npy
0,C:\Users\32645\LUNA 16\subset0\0\0_85_643.npy
0,C:\Users\32645\LUNA 16\subset0\0\0_31_176.npy
0,C:\Users\32645\LUNA 16\subset0\0\0_78_312.npy
0,C:\Users\32645\LUNA 16\subset0\0\0_7_566.npy
0,C:\Users\32645\LUNA 16\subset0\0\0_37_1078.npy
0,C:\Users\32645\LUNA 16\subset0\0\0_70_529.npy
0,C:\Users\32645\LUNA 16\subset0\0\0_42_384.npy
0,C:\Users\32645\LUNA 16\subset0\0\0_73_739.npy
0,C:\Users\32645\LUNA 16\subset0\0\0_21_9.npy
0,C:\Users\32645\LUNA 16\subset0\0\0_21_412.npy
0,C:\Users\32645\LUNA 16\subset0\0\0_68_318.npy
0,C:\Users\32645\LUNA 16\subset0\0\0_28_128.npy
0,C:\Users\32645\LUNA 16\subset0\0\0_48_464.npy
0,C:\Users\32645\LUNA 16\subset0\0\0_47_1163.npy
0,C:\Users\32645\LUNA 16\subset0\0\0_32_328.npy
0,C:\Users\32645\LUNA 16\subset0\0\0_86_715.npy
0,C:\Users\32645\LUNA 16\subset0\0\0_61_866.npy
0,C:\Users\32645\LUNA 16\subset0\0\0_14_595.npy
0,C:\Users\32645\LUNA 16\subset0\0\0_73_461.npy
0,C:\Users\32645\LUNA 16\subset0\0\0_61_368.npy
0,C:\Users\32645\LUNA 16\subset0\0\0_42_182.npy
0,C:\Users\32645\LUNA 16\subset0\0\0_54_448.npy
0,C:\Users\32645\LUNA 16\subset0\0\0_38_183.npy
0,C:\Users\32645\LUNA 16\subset0\0\0_24_496.npy
0,C:\Users\32645\LUNA 16\subset0\0\0_80_601.npy
0,C:\Users\32645\LUNA 16\subset0\0\0_40_322.npy
0,C:\Users\32645\LUNA 16\subset0\0\0_58_809.npy
0,C:\Users\32645\LUNA 16\subset0\0\0_45_715.npy
0,C:\Users\32645\LUNA 16\subset0\0\0_15_477.npy
0,C:\Users\32645\LUNA 16\subset0\0\0_5_231.npy
0,C:\Users\32645\LUNA 16\subset0\0\0_88_888.npy
0,C:\Users\32645\LUNA 16\subset0\0\0_16_463.npy
0,C:\Users\32645\LUNA 16\subset0\0\0_67_812.npy
0,C:\Users\32645\LUNA 16\subset0\0\0_57_311.npy
0,C:\Users\32645\LUNA 16\subset0\0\0_72_617.npy
0,C:\Users\32645\LUNA 16\subset0\0\0_76_572.npy
0,C:\Users\32645\LUNA 16\subset0\0\0_58_313.npy
0,C:\Users\32645\LUNA 16\subset0\0\0_4_568.npy
0,C:\Users\32645\LUNA 16\subset0\0\0_56_112.npy
0,C:\Users\32645\LUNA 16\subset0\0\0_11_612.npy
0,C:\Users\32645\LUNA 16\subset0\0\0_79_888.npy
0,C:\Users\32645\LUNA 16\subset0\0\0_27_388.npy
0,C:\Users\32645\LUNA 16\subset0\0\0_54_256.npy
0,C:\Users\32645\LUNA 16\subset0\0\0_61_624.npy
0,C:\Users\32645\LUNA 16\subset0\0\0_7_542.npy
0,C:\Users\32645\LUNA 16\subset0\0\0_33_332.npy
0,C:\Users\32645\LUNA 16\subset0\0\0_36_15.npy
0,C:\Users\32645\LUNA 16\subset0\0\0_40_575.npy
0,C:\Users\32645\LUNA 16\subset0\0\0_45_456.npy
0,C:\Users\32645\LUNA 16\subset0\0\0_44_295.npy
0,C:\Users\32645\LUNA 16\subset0\0\0_16_26.npy
0,C:\Users\32645\LUNA 16\subset0\0\0_65_198.npy
0,C:\Users\32645\LUNA 16\subset0\0\0_75_83.npy
0,C:\Users\32645\LUNA 16\subset0\0\0_65_498.npy
0,C:\Users\32645\LUNA 16\subset0\0\0_87_213.npy
0,C:\Users\32645\LUNA 16\subset0\0\0_78_666.npy
0,C:\Users\32645\LUNA 16\subset0\0\0_55_578.npy
0,C:\Users\32645\LUNA 16\subset0\0\0_0_309.npy
0,C:\Users\32645\LUNA 16\subset0\0\0_72_138.npy
0,C:\Users\32645\LUNA 16\subset0\0\0_8_138.npy
0,C:\Users\32645\LUNA 16\subset0\0\0_80_11.npy
0,C:\Users\32645\LUNA 16\subset0\0\0_12_342.npy
0,C:\Users\32645\LUNA 16\subset0\0\0_75_977.npy
0,C:\Users\32645\LUNA 16\subset0\0\0_22_10.npy
0,C:\Users\32645\LUNA 16\subset0\0\0_2_778.npy
0,C:\Users\32645\LUNA 16\subset0\0\0_13_1040.npy
0,C:\Users\32645\LUNA 16\subset0\0\0_82_373.npy
0,C:\Users\32645\LUNA 16\subset0\0\0_42_177.npy
0,C:\Users\32645\LUNA 16\subset0\0\0_47_805.npy
0,C:\Users\32645\LUNA 16\subset0\0\0_22_553.npy
0,C:\Users\32645\LUNA 16\subset0\0\0_68_926.npy
0,C:\Users\32645\LUNA 16\subset0\0\0_35_109.npy
0,C:\Users\32645\LUNA 16\subset0\0\0_21_152.npy
0,C:\Users\32645\LUNA 16\subset0\0\0_82_105.npy
0,C:\Users\32645\LUNA 16\subset0\0\0_8_538.npy
0,C:\Users\32645\LUNA 16\subset0\0\0_47_757.npy
0,C:\Users\32645\LUNA 16\subset0\0\0_78_782.npy
0,C:\Users\32645\LUNA 16\subset0\0\0_21_281.npy
0,C:\Users\32645\LUNA 16\subset0\0\0_16_752.npy
0,C:\Users\32645\LUNA 16\subset0\0\0_34_549.npy
0,C:\Users\32645\LUNA 16\subset0\0\0_10_487.npy
0,C:\Users\32645\LUNA 16\subset0\0\0_67_200.npy
0,C:\Users\32645\LUNA 16\subset0\0\0_56_1001.npy
0,C:\Users\32645\LUNA 16\subset0\0\0_22_164.npy
0,C:\Users\32645\LUNA 16\subset0\0\0_67_304.npy
0,C:\Users\32645\LUNA 16\subset0\0\0_54_719.npy
0,C:\Users\32645\LUNA 16\subset0\0\0_83_703.npy
0,C:\Users\32645\LUNA 16\subset0\0\0_86_718.npy
0,C:\Users\32645\LUNA 16\subset0\0\0_29_694.npy
0,C:\Users\32645\LUNA 16\subset0\0\0_51_454.npy
0,C:\Users\32645\LUNA 16\subset0\0\0_80_254.npy
0,C:\Users\32645\LUNA 16\subset0\0\0_15_1006.npy
0,C:\Users\32645\LUNA 16\subset0\0\0_74_922.npy
0,C:\Users\32645\LUNA 16\subset0\0\0_57_467.npy
0,C:\Users\32645\LUNA 16\subset0\0\0_3_449.npy
0,C:\Users\32645\LUNA 16\subset0\0\0_51_58.npy
0,C:\Users\32645\LUNA 16\subset0\0\0_17_669.npy
0,C:\Users\32645\LUNA 16\subset0\0\0_83_505.npy
0,C:\Users\32645\LUNA 16\subset0\0\0_16_651.npy
0,C:\Users\32645\LUNA 16\subset0\0\0_11_53.npy
0,C:\Users\32645\LUNA 16\subset0\0\0_6_354.npy
0,C:\Users\32645\LUNA 16\subset0\0\0_81_836.npy
0,C:\Users\32645\LUNA 16\subset0\0\0_79_734.npy
0,C:\Users\32645\LUNA 16\subset0\0\0_85_36.npy
0,C:\Users\32645\LUNA 16\subset0\0\0_9_324.npy
0,C:\Users\32645\LUNA 16\subset0\0\0_9_116.npy
0,C:\Users\32645\LUNA 16\subset0\0\0_10_772.npy
0,C:\Users\32645\LUNA 16\subset0\0\0_3_655.npy
0,C:\Users\32645\LUNA 16\subset0\0\0_65_90.npy
0,C:\Users\32645\LUNA 16\subset0\0\0_12_322.npy
0,C:\Users\32645\LUNA 16\subset0\0\0_63_768.npy
0,C:\Users\32645\LUNA 16\subset0\0\0_5_153.npy
0,C:\Users\32645\LUNA 16\subset0\0\0_8_878.npy
0,C:\Users\32645\LUNA 16\subset0\0\0_2_304.npy
0,C:\Users\32645\LUNA 16\subset0\0\0_58_74.npy
0,C:\Users\32645\LUNA 16\subset0\0\0_7_1023.npy
0,C:\Users\32645\LUNA 16\subset0\0\0_47_965.npy
0,C:\Users\32645\LUNA 16\subset0\0\0_85_35.npy
0,C:\Users\32645\LUNA 16\subset0\0\0_82_568.npy
0,C:\Users\32645\LUNA 16\subset0\0\0_56_724.npy
0,C:\Users\32645\LUNA 16\subset0\0\0_9_237.npy
0,C:\Users\32645\LUNA 16\subset0\0\0_24_365.npy
0,C:\Users\32645\LUNA 16\subset0\0\0_15_314.npy
0,C:\Users\32645\LUNA 16\subset0\0\0_63_857.npy
0,C:\Users\32645\LUNA 16\subset0\0\0_87_334.npy
0,C:\Users\32645\LUNA 16\subset0\0\0_63_666.npy
0,C:\Users\32645\LUNA 16\subset0\0\0_14_330.npy
0,C:\Users\32645\LUNA 16\subset0\0\0_48_111.npy
0,C:\Users\32645\LUNA 16\subset0\0\0_13_171.npy
0,C:\Users\32645\LUNA 16\subset0\0\0_16_140.npy
0,C:\Users\32645\LUNA 16\subset0\0\0_25_675.npy
0,C:\Users\32645\LUNA 16\subset0\0\0_5_718.npy
0,C:\Users\32645\LUNA 16\subset0\0\0_57_360.npy
0,C:\Users\32645\LUNA 16\subset0\0\0_82_28.npy
0,C:\Users\32645\LUNA 16\subset0\0\0_56_336.npy
0,C:\Users\32645\LUNA 16\subset0\0\0_54_320.npy
0,C:\Users\32645\LUNA 16\subset0\0\0_61_397.npy
0,C:\Users\32645\LUNA 16\subset0\0\0_42_238.npy
0,C:\Users\32645\LUNA 16\subset0\0\0_7_95.npy
0,C:\Users\32645\LUNA 16\subset0\0\0_53_332.npy
0,C:\Users\32645\LUNA 16\subset0\0\0_15_301.npy
0,C:\Users\32645\LUNA 16\subset0\0\0_38_605.npy
0,C:\Users\32645\LUNA 16\subset0\0\0_15_626.npy
0,C:\Users\32645\LUNA 16\subset0\0\0_46_393.npy
0,C:\Users\32645\LUNA 16\subset0\0\0_34_998.npy
0,C:\Users\32645\LUNA 16\subset0\0\0_85_741.npy
0,C:\Users\32645\LUNA 16\subset0\0\0_32_380.npy
0,C:\Users\32645\LUNA 16\subset0\0\0_8_52.npy
0,C:\Users\32645\LUNA 16\subset0\0\0_16_628.npy
0,C:\Users\32645\LUNA 16\subset0\0\0_27_33.npy
0,C:\Users\32645\LUNA 16\subset0\0\0_82_369.npy
0,C:\Users\32645\LUNA 16\subset0\0\0_32_430.npy
0,C:\Users\32645\LUNA 16\subset0\0\0_67_586.npy
0,C:\Users\32645\LUNA 16\subset0\0\0_32_355.npy
0,C:\Users\32645\LUNA 16\subset0\0\0_54_693.npy
0,C:\Users\32645\LUNA 16\subset0\0\0_54_175.npy
0,C:\Users\32645\LUNA 16\subset0\0\0_58_400.npy
0,C:\Users\32645\LUNA 16\subset0\0\0_8_790.npy
0,C:\Users\32645\LUNA 16\subset0\0\0_39_486.npy
0,C:\Users\32645\LUNA 16\subset0\0\0_88_489.npy
0,C:\Users\32645\LUNA 16\subset0\0\0_84_471.npy
0,C:\Users\32645\LUNA 16\subset0\0\0_24_48.npy
0,C:\Users\32645\LUNA 16\subset0\0\0_34_807.npy
0,C:\Users\32645\LUNA 16\subset0\0\0_11_715.npy
0,C:\Users\32645\LUNA 16\subset0\0\0_7_948.npy
0,C:\Users\32645\LUNA 16\subset0\0\0_47_932.npy
0,C:\Users\32645\LUNA 16\subset0\0\0_71_310.npy
0,C:\Users\32645\LUNA 16\subset0\0\0_28_116.npy
0,C:\Users\32645\LUNA 16\subset0\0\0_79_53.npy
0,C:\Users\32645\LUNA 16\subset0\0\0_13_1008.npy
0,C:\Users\32645\LUNA 16\subset0\0\0_4_790.npy
0,C:\Users\32645\LUNA 16\subset0\0\0_42_526.npy
0,C:\Users\32645\LUNA 16\subset0\0\0_84_48.npy
0,C:\Users\32645\LUNA 16\subset0\0\0_58_792.npy
0,C:\Users\32645\LUNA 16\subset0\0\0_10_325.npy
0,C:\Users\32645\LUNA 16\subset0\0\0_46_404.npy
0,C:\Users\32645\LUNA 16\subset0\0\0_73_628.npy
0,C:\Users\32645\LUNA 16\subset0\0\0_7_178.npy
0,C:\Users\32645\LUNA 16\subset0\0\0_8_970.npy
0,C:\Users\32645\LUNA 16\subset0\0\0_84_69.npy
0,C:\Users\32645\LUNA 16\subset0\0\0_34_165.npy
0,C:\Users\32645\LUNA 16\subset0\0\0_54_952.npy
0,C:\Users\32645\LUNA 16\subset0\0\0_80_645.npy
0,C:\Users\32645\LUNA 16\subset0\0\0_21_626.npy
0,C:\Users\32645\LUNA 16\subset0\0\0_62_1078.npy
0,C:\Users\32645\LUNA 16\subset0\0\0_58_246.npy
0,C:\Users\32645\LUNA 16\subset0\0\0_76_650.npy
0,C:\Users\32645\LUNA 16\subset0\0\0_45_250.npy
0,C:\Users\32645\LUNA 16\subset0\0\0_10_471.npy
0,C:\Users\32645\LUNA 16\subset0\0\0_79_370.npy
0,C:\Users\32645\LUNA 16\subset0\0\0_42_657.npy
0,C:\Users\32645\LUNA 16\subset0\0\0_41_142.npy
0,C:\Users\32645\LUNA 16\subset0\0\0_10_311.npy
0,C:\Users\32645\LUNA 16\subset0\0\0_33_298.npy
0,C:\Users\32645\LUNA 16\subset0\0\0_44_217.npy
0,C:\Users\32645\LUNA 16\subset0\0\0_11_269.npy
0,C:\Users\32645\LUNA 16\subset0\0\0_61_373.npy
0,C:\Users\32645\LUNA 16\subset0\0\0_67_17.npy
0,C:\Users\32645\LUNA 16\subset0\0\0_53_253.npy
0,C:\Users\32645\LUNA 16\subset0\0\0_39_403.npy
0,C:\Users\32645\LUNA 16\subset0\0\0_56_212.npy
0,C:\Users\32645\LUNA 16\subset0\0\0_5_333.npy
0,C:\Users\32645\LUNA 16\subset0\0\0_64_410.npy
0,C:\Users\32645\LUNA 16\subset0\0\0_86_193.npy
0,C:\Users\32645\LUNA 16\subset0\0\0_74_34.npy
0,C:\Users\32645\LUNA 16\subset0\0\0_86_304.npy
0,C:\Users\32645\LUNA 16\subset0\0\0_3_321.npy
0,C:\Users\32645\LUNA 16\subset0\0\0_55_520.npy
0,C:\Users\32645\LUNA 16\subset0\0\0_0_304.npy
0,C:\Users\32645\LUNA 16\subset0\0\0_87_471.npy
0,C:\Users\32645\LUNA 16\subset0\0\0_22_194.npy
0,C:\Users\32645\LUNA 16\subset0\0\0_11_865.npy
0,C:\Users\32645\LUNA 16\subset0\0\0_25_634.npy
0,C:\Users\32645\LUNA 16\subset0\0\0_16_1090.npy
0,C:\Users\32645\LUNA 16\subset0\0\0_8_77.npy
0,C:\Users\32645\LUNA 16\subset0\0\0_51_681.npy
0,C:\Users\32645\LUNA 16\subset0\0\0_87_120.npy
0,C:\Users\32645\LUNA 16\subset0\0\0_39_400.npy
0,C:\Users\32645\LUNA 16\subset0\0\0_9_459.npy
0,C:\Users\32645\LUNA 16\subset0\0\0_50_1020.npy
0,C:\Users\32645\LUNA 16\subset0\0\0_44_442.npy
0,C:\Users\32645\LUNA 16\subset0\0\0_80_837.npy
0,C:\Users\32645\LUNA 16\subset0\0\0_25_932.npy
0,C:\Users\32645\LUNA 16\subset0\0\0_37_706.npy
0,C:\Users\32645\LUNA 16\subset0\0\0_76_227.npy
0,C:\Users\32645\LUNA 16\subset0\0\0_6_516.npy
0,C:\Users\32645\LUNA 16\subset0\0\0_6_148.npy
0,C:\Users\32645\LUNA 16\subset0\0\0_10_1255.npy
0,C:\Users\32645\LUNA 16\subset0\0\0_24_162.npy
0,C:\Users\32645\LUNA 16\subset0\0\0_85_636.npy
0,C:\Users\32645\LUNA 16\subset0\0\0_57_444.npy
0,C:\Users\32645\LUNA 16\subset0\0\0_86_351.npy
0,C:\Users\32645\LUNA 16\subset0\0\0_26_517.npy
0,C:\Users\32645\LUNA 16\subset0\0\0_76_890.npy
0,C:\Users\32645\LUNA 16\subset0\0\0_8_105.npy
0,C:\Users\32645\LUNA 16\subset0\0\0_87_603.npy
0,C:\Users\32645\LUNA 16\subset0\0\0_81_65.npy
0,C:\Users\32645\LUNA 16\subset0\0\0_32_322.npy
0,C:\Users\32645\LUNA 16\subset0\0\0_78_460.npy
0,C:\Users\32645\LUNA 16\subset0\0\0_81_417.npy
0,C:\Users\32645\LUNA 16\subset0\0\0_86_1335.npy
0,C:\Users\32645\LUNA 16\subset0\0\0_76_128.npy
0,C:\Users\32645\LUNA 16\subset0\0\0_10_359.npy
0,C:\Users\32645\LUNA 16\subset0\0\0_37_293.npy
0,C:\Users\32645\LUNA 16\subset0\0\0_55_402.npy
0,C:\Users\32645\LUNA 16\subset0\0\0_16_817.npy
0,C:\Users\32645\LUNA 16\subset0\0\0_50_1172.npy
0,C:\Users\32645\LUNA 16\subset0\0\0_76_662.npy
0,C:\Users\32645\LUNA 16\subset0\0\0_30_734.npy
0,C:\Users\32645\LUNA 16\subset0\0\0_45_881.npy
0,C:\Users\32645\LUNA 16\subset0\0\0_47_159.npy
0,C:\Users\32645\LUNA 16\subset0\0\0_37_800.npy
0,C:\Users\32645\LUNA 16\subset0\0\0_71_989.npy
0,C:\Users\32645\LUNA 16\subset0\0\0_30_924.npy
0,C:\Users\32645\LUNA 16\subset0\0\0_64_97.npy
0,C:\Users\32645\LUNA 16\subset0\0\0_25_352.npy
0,C:\Users\32645\LUNA 16\subset0\0\0_72_464.npy
0,C:\Users\32645\LUNA 16\subset0\0\0_81_1036.npy
0,C:\Users\32645\LUNA 16\subset0\0\0_73_282.npy
0,C:\Users\32645\LUNA 16\subset0\0\0_87_106.npy
0,C:\Users\32645\LUNA 16\subset0\0\0_8_597.npy
0,C:\Users\32645\LUNA 16\subset0\0\0_10_509.npy
0,C:\Users\32645\LUNA 16\subset0\0\0_18_216.npy
0,C:\Users\32645\LUNA 16\subset0\0\0_1_207.npy
0,C:\Users\32645\LUNA 16\subset0\0\0_27_710.npy
0,C:\Users\32645\LUNA 16\subset0\0\0_61_565.npy
0,C:\Users\32645\LUNA 16\subset0\0\0_69_341.npy
0,C:\Users\32645\LUNA 16\subset0\0\0_88_258.npy
0,C:\Users\32645\LUNA 16\subset0\0\0_42_569.npy
0,C:\Users\32645\LUNA 16\subset0\0\0_79_165.npy
0,C:\Users\32645\LUNA 16\subset0\0\0_22_113.npy
0,C:\Users\32645\LUNA 16\subset0\0\0_81_345.npy
0,C:\Users\32645\LUNA 16\subset0\0\0_32_118.npy
0,C:\Users\32645\LUNA 16\subset0\0\0_54_826.npy
0,C:\Users\32645\LUNA 16\subset0\0\0_77_561.npy
0,C:\Users\32645\LUNA 16\subset0\0\0_34_440.npy
0,C:\Users\32645\LUNA 16\subset0\0\0_26_545.npy
0,C:\Users\32645\LUNA 16\subset0\0\0_10_540.npy
0,C:\Users\32645\LUNA 16\subset0\0\0_80_653.npy
0,C:\Users\32645\LUNA 16\subset0\0\0_69_275.npy
0,C:\Users\32645\LUNA 16\subset0\0\0_8_553.npy
0,C:\Users\32645\LUNA 16\subset0\0\0_12_264.npy
0,C:\Users\32645\LUNA 16\subset0\0\0_10_1126.npy
0,C:\Users\32645\LUNA 16\subset0\0\0_47_506.npy
0,C:\Users\32645\LUNA 16\subset0\0\0_77_338.npy
0,C:\Users\32645\LUNA 16\subset0\0\0_52_260.npy
0,C:\Users\32645\LUNA 16\subset0\0\0_77_672.npy
0,C:\Users\32645\LUNA 16\subset0\0\0_6_387.npy
0,C:\Users\32645\LUNA 16\subset0\0\0_12_33.npy
0,C:\Users\32645\LUNA 16\subset0\0\0_50_679.npy
0,C:\Users\32645\LUNA 16\subset0\0\0_15_200.npy
0,C:\Users\32645\LUNA 16\subset0\0\0_16_667.npy
0,C:\Users\32645\LUNA 16\subset0\0\0_75_722.npy
0,C:\Users\32645\LUNA 16\subset0\0\0_46_401.npy
0,C:\Users\32645\LUNA 16\subset0\0\0_17_317.npy
0,C:\Users\32645\LUNA 16\subset0\0\0_10_283.npy
0,C:\Users\32645\LUNA 16\subset0\0\0_67_484.npy
0,C:\Users\32645\LUNA 16\subset0\0\0_45_272.npy
0,C:\Users\32645\LUNA 16\subset0\0\0_54_177.npy
0,C:\Users\32645\LUNA 16\subset0\0\0_74_1056.npy
0,C:\Users\32645\LUNA 16\subset0\0\0_61_985.npy
0,C:\Users\32645\LUNA 16\subset0\0\0_11_321.npy
0,C:\Users\32645\LUNA 16\subset0\0\0_86_260.npy
0,C:\Users\32645\LUNA 16\subset0\0\0_53_438.npy
0,C:\Users\32645\LUNA 16\subset0\0\0_53_20.npy
0,C:\Users\32645\LUNA 16\subset0\0\0_13_207.npy
0,C:\Users\32645\LUNA 16\subset0\0\0_14_477.npy
0,C:\Users\32645\LUNA 16\subset0\0\0_13_40.npy
0,C:\Users\32645\LUNA 16\subset0\0\0_45_778.npy
0,C:\Users\32645\LUNA 16\subset0\0\0_75_760.npy
0,C:\Users\32645\LUNA 16\subset0\0\0_39_491.npy
0,C:\Users\32645\LUNA 16\subset0\0\0_70_985.npy
0,C:\Users\32645\LUNA 16\subset0\0\0_44_528.npy
0,C:\Users\32645\LUNA 16\subset0\0\0_62_963.npy
0,C:\Users\32645\LUNA 16\subset0\0\0_34_393.npy
0,C:\Users\32645\LUNA 16\subset0\0\0_80_859.npy
0,C:\Users\32645\LUNA 16\subset0\0\0_78_456.npy
0,C:\Users\32645\LUNA 16\subset0\0\0_10_1198.npy
0,C:\Users\32645\LUNA 16\subset0\0\0_16_101.npy
0,C:\Users\32645\LUNA 16\subset0\0\0_87_640.npy
0,C:\Users\32645\LUNA 16\subset0\0\0_54_257.npy
0,C:\Users\32645\LUNA 16\subset0\0\0_71_1076.npy
0,C:\Users\32645\LUNA 16\subset0\0\0_50_640.npy
0,C:\Users\32645\LUNA 16\subset0\0\0_61_196.npy
0,C:\Users\32645\LUNA 16\subset0\0\0_45_182.npy
0,C:\Users\32645\LUNA 16\subset0\0\0_80_1047.npy
0,C:\Users\32645\LUNA 16\subset0\0\0_26_300.npy
0,C:\Users\32645\LUNA 16\subset0\0\0_43_583.npy
0,C:\Users\32645\LUNA 16\subset0\0\0_15_115.npy
0,C:\Users\32645\LUNA 16\subset0\0\0_80_969.npy
0,C:\Users\32645\LUNA 16\subset0\0\0_27_384.npy
0,C:\Users\32645\LUNA 16\subset0\0\0_62_570.npy
0,C:\Users\32645\LUNA 16\subset0\0\0_60_205.npy
0,C:\Users\32645\LUNA 16\subset0\0\0_32_356.npy
0,C:\Users\32645\LUNA 16\subset0\0\0_54_941.npy
0,C:\Users\32645\LUNA 16\subset0\0\0_78_805.npy
0,C:\Users\32645\LUNA 16\subset0\0\0_18_176.npy
0,C:\Users\32645\LUNA 16\subset0\0\0_43_369.npy
0,C:\Users\32645\LUNA 16\subset0\0\0_51_223.npy
0,C:\Users\32645\LUNA 16\subset0\0\0_77_357.npy
0,C:\Users\32645\LUNA 16\subset0\0\0_80_820.npy
0,C:\Users\32645\LUNA 16\subset0\0\0_40_439.npy
0,C:\Users\32645\LUNA 16\subset0\0\0_85_200.npy
0,C:\Users\32645\LUNA 16\subset0\0\0_25_789.npy
0,C:\Users\32645\LUNA 16\subset0\0\0_71_874.npy
0,C:\Users\32645\LUNA 16\subset0\0\0_37_1102.npy
0,C:\Users\32645\LUNA 16\subset0\0\0_73_261.npy
0,C:\Users\32645\LUNA 16\subset0\0\0_88_158.npy
