y_predict,y_score,y_true
1.0,0.5084703,1
1.0,0.9865348,1
1.0,0.9391949,1
1.0,0.9919721,1
1.0,0.9389799,1
1.0,0.7136528,1
0.0,0.055275586,1
0.0,0.30855843,1
1.0,0.99207836,1
1.0,0.95234454,1
1.0,0.99338734,1
1.0,0.9923844,1
1.0,0.9923004,1
1.0,0.99348855,1
1.0,0.9909471,1
1.0,0.9935284,1
1.0,0.9923804,1
1.0,0.98137903,1
1.0,0.9902048,1
1.0,0.9864423,1
1.0,0.9669731,1
1.0,0.9740018,1
1.0,0.6566601,1
1.0,0.99442756,1
1.0,0.9901635,1
1.0,0.9932747,1
1.0,0.9939114,1
1.0,0.99112844,1
1.0,0.9919619,1
1.0,0.9946924,1
1.0,0.99442095,1
1.0,0.99326444,1
0.0,0.25067836,1
1.0,0.98805726,1
1.0,0.9926958,1
1.0,0.98449045,1
0.0,0.020806016,1
1.0,0.8600016,1
1.0,0.97828555,1
0.0,0.013007934,1
1.0,0.97803086,1
1.0,0.99359024,1
1.0,0.99360985,1
1.0,0.9574467,1
1.0,0.9858145,1
1.0,0.9595071,1
1.0,0.98337066,1
1.0,0.975652,1
1.0,0.98354036,1
1.0,0.989205,1
1.0,0.97001374,1
1.0,0.98067284,1
1.0,0.979156,1
1.0,0.98302114,1
1.0,0.9828484,1
1.0,0.98952544,1
1.0,0.9928059,1
0.0,0.25343606,1
1.0,0.92393124,1
1.0,0.9911732,1
0.0,0.016641552,1
1.0,0.9732198,1
1.0,0.97815806,1
1.0,0.9919629,1
1.0,0.9893388,1
1.0,0.9935823,1
1.0,0.9935928,1
1.0,0.9940765,1
1.0,0.99378324,1
1.0,0.99356383,1
1.0,0.99461997,1
1.0,0.9943587,1
1.0,0.9927939,1
1.0,0.98577964,1
1.0,0.99273527,1
1.0,0.99043417,1
1.0,0.99419665,1
1.0,0.9559019,1
1.0,0.9898713,1
1.0,0.99352163,1
1.0,0.9950831,1
1.0,0.994273,1
1.0,0.9692834,1
1.0,0.98057574,1
1.0,0.98242927,1
1.0,0.99430215,1
1.0,0.98953056,1
1.0,0.99431425,1
1.0,0.9956677,1
1.0,0.9921085,1
1.0,0.9945121,1
1.0,0.9490131,1
1.0,0.8461955,1
1.0,0.9910575,1
1.0,0.97646844,1
1.0,0.9944752,1
1.0,0.99499524,1
1.0,0.9954567,1
0.0,0.082624525,1
0.0,0.33068812,1
1.0,0.75116444,1
0.0,0.013859413,1
1.0,0.9677741,1
1.0,0.9579222,1
1.0,0.96758044,1
1.0,0.9865806,1
1.0,0.9880777,1
1.0,0.92882544,1
1.0,0.99064386,1
1.0,0.97577965,1
1.0,0.99407154,1
1.0,0.9710155,1
1.0,0.9942731,1
1.0,0.9943099,1
1.0,0.9909642,1
1.0,0.987542,1
1.0,0.9584539,1
0.0,0.23945852,1
1.0,0.9693522,1
1.0,0.9805588,1
1.0,0.97832936,1
1.0,0.97573084,1
1.0,0.9907356,1
1.0,0.9933216,1
1.0,0.9012377,1
1.0,0.7989692,1
1.0,0.9853807,1
1.0,0.98929346,1
1.0,0.9893119,1
1.0,0.986797,1
1.0,0.99245304,1
1.0,0.99235356,1
1.0,0.9876485,1
1.0,0.9895996,1
1.0,0.95158434,1
1.0,0.9222404,1
1.0,0.98550075,1
1.0,0.7075725,1
1.0,0.7866511,1
0.0,0.09915582,1
0.0,0.12692952,1
1.0,0.9947594,1
1.0,0.9683625,1
1.0,0.9926016,1
1.0,0.9718427,1
1.0,0.9242373,1
1.0,0.9657088,1
1.0,0.81654453,1
1.0,0.98964864,1
1.0,0.9882321,1
0.0,0.23989183,1
1.0,0.9891663,1
1.0,0.9925425,1
1.0,0.9807945,1
1.0,0.98735446,1
1.0,0.96199644,1
1.0,0.982656,1
1.0,0.98421556,1
1.0,0.9859532,1
1.0,0.96188337,1
1.0,0.987265,1
1.0,0.99199194,1
1.0,0.9932679,1
1.0,0.9925373,1
1.0,0.9680609,1
1.0,0.7911026,1
0.0,0.06016102,1
1.0,0.98234344,1
1.0,0.9842785,1
1.0,0.98956317,1
0.0,0.17835428,1
1.0,0.9783335,1
1.0,0.9748691,1
1.0,0.9270774,1
1.0,0.9574314,1
1.0,0.9828435,1
1.0,0.991512,1
1.0,0.98475766,1
1.0,0.97752494,1
1.0,0.9909802,1
1.0,0.9933206,1
1.0,0.99457836,1
1.0,0.9926986,1
1.0,0.99494225,1
1.0,0.9933869,1
1.0,0.99369836,1
1.0,0.99423087,1
1.0,0.9936899,1
1.0,0.99498796,1
1.0,0.73113585,1
1.0,0.9743887,1
1.0,0.83265054,1
1.0,0.9893043,1
1.0,0.9904722,1
0.0,0.21463221,1
1.0,0.7969845,1
1.0,0.81422657,1
1.0,0.9878925,1
0.0,0.2565613,1
1.0,0.98701024,1
1.0,0.9712489,1
1.0,0.9920007,1
1.0,0.9581714,1
1.0,0.9829149,1
1.0,0.99191475,1
1.0,0.9634871,1
1.0,0.97491914,1
1.0,0.9665755,1
1.0,0.9920787,1
1.0,0.990776,1
1.0,0.9841134,1
1.0,0.99225837,1
1.0,0.9940823,1
1.0,0.9911562,1
1.0,0.90251386,1
1.0,0.9915439,1
1.0,0.9911582,1
1.0,0.9926279,1
1.0,0.98382354,1
1.0,0.9944382,1
1.0,0.9931961,1
1.0,0.9941829,1
1.0,0.9898908,1
1.0,0.9931078,1
1.0,0.9912407,1
1.0,0.98054767,1
1.0,0.96630067,1
0.0,0.13762082,1
1.0,0.99039394,1
1.0,0.99127847,1
1.0,0.9928623,1
1.0,0.9922156,1
1.0,0.97402716,1
1.0,0.98971117,1
1.0,0.9696222,1
1.0,0.9927286,1
1.0,0.99411196,1
1.0,0.991504,1
1.0,0.99371356,1
1.0,0.99123126,1
1.0,0.992137,1
1.0,0.86575323,1
1.0,0.98871416,1
1.0,0.8988681,1
0.0,0.281654,1
1.0,0.83120817,1
1.0,0.8738113,1
1.0,0.91386807,1
1.0,0.9931271,1
1.0,0.99350774,1
1.0,0.992979,1
1.0,0.97225136,1
1.0,0.9904021,1
1.0,0.79999804,1
1.0,0.967732,1
0.0,0.4621736,1
1.0,0.97489965,1
1.0,0.7664192,1
1.0,0.9911295,1
1.0,0.9517954,1
1.0,0.98185354,1
1.0,0.99348044,1
1.0,0.98481673,1
1.0,0.9937791,1
1.0,0.64969695,1
1.0,0.9925466,1
1.0,0.9936918,1
1.0,0.9940671,1
1.0,0.7801814,1
1.0,0.991366,1
1.0,0.9695776,1
1.0,0.9936479,1
1.0,0.97560126,1
1.0,0.9928397,1
1.0,0.98987484,1
1.0,0.99478143,1
1.0,0.72988874,1
1.0,0.99343514,1
1.0,0.79897106,1
0.0,0.03711846,1
0.0,0.20238754,1
1.0,0.56161964,1
1.0,0.9672104,1
1.0,0.9782405,1
1.0,0.7577646,1
1.0,0.9938992,1
1.0,0.9931809,1
0.0,0.0041503347,0
0.0,0.010719353,0
0.0,0.004461163,0
0.0,0.0037688676,0
0.0,0.018865688,0
0.0,0.008637483,0
0.0,0.010357682,0
0.0,0.0050434303,0
0.0,0.0073432988,0
0.0,0.0054625147,0
0.0,0.0042830356,0
0.0,0.0068124207,0
0.0,0.009556267,0
0.0,0.0038684944,0
0.0,0.096663356,0
0.0,0.009502942,0
0.0,0.0047093937,0
0.0,0.007990935,0
0.0,0.0061077606,0
0.0,0.0069617606,0
0.0,0.00497524,0
0.0,0.005087128,0
0.0,0.00464554,0
0.0,0.006002028,0
0.0,0.08923009,0
0.0,0.009351698,0
0.0,0.005257375,0
0.0,0.004573465,0
0.0,0.0065780734,0
0.0,0.036151025,0
0.0,0.0059803133,0
0.0,0.0045880736,0
0.0,0.008756643,0
0.0,0.004231166,0
0.0,0.015279212,0
0.0,0.0067692637,0
0.0,0.0060656955,0
0.0,0.0047889566,0
0.0,0.012368362,0
1.0,0.75145906,0
0.0,0.008399909,0
0.0,0.061383866,0
0.0,0.1485969,0
0.0,0.008138708,0
0.0,0.0064413883,0
0.0,0.0045250133,0
0.0,0.0062612128,0
0.0,0.004654798,0
0.0,0.0038928841,0
0.0,0.008779586,0
0.0,0.0041850354,0
0.0,0.005321652,0
0.0,0.0059030657,0
0.0,0.010008354,0
0.0,0.014090257,0
0.0,0.004977187,0
0.0,0.005783999,0
0.0,0.00417048,0
0.0,0.007036333,0
0.0,0.0054254457,0
0.0,0.0049459413,0
0.0,0.031610403,0
0.0,0.0060424134,0
0.0,0.0069406396,0
0.0,0.004188262,0
0.0,0.004537211,0
0.0,0.0061132684,0
0.0,0.0046860618,0
0.0,0.0060276687,0
0.0,0.004763647,0
0.0,0.004505505,0
0.0,0.004175412,0
0.0,0.0042304364,0
0.0,0.1046833,0
0.0,0.0043796874,0
0.0,0.026195608,0
0.0,0.0127705205,0
0.0,0.0044787643,0
0.0,0.011299357,0
0.0,0.007116892,0
0.0,0.18000188,0
0.0,0.0071840207,0
0.0,0.005510322,0
0.0,0.005931092,0
0.0,0.039010882,0
0.0,0.006881346,0
0.0,0.010607487,0
0.0,0.004017667,0
0.0,0.0070932843,0
0.0,0.006922455,0
0.0,0.005410953,0
0.0,0.0046881773,0
0.0,0.0031486484,0
0.0,0.0061065033,0
0.0,0.0051179086,0
0.0,0.029529046,0
0.0,0.005291755,0
0.0,0.004099966,0
0.0,0.0066801957,0
0.0,0.010177975,0
0.0,0.048758235,0
0.0,0.004160904,0
0.0,0.0055039967,0
0.0,0.0077222483,0
0.0,0.006870418,0
0.0,0.0049108737,0
0.0,0.024333008,0
0.0,0.004373173,0
0.0,0.007049155,0
0.0,0.005468434,0
0.0,0.24440002,0
0.0,0.009317615,0
0.0,0.014764391,0
0.0,0.00635424,0
0.0,0.011274235,0
0.0,0.00493072,0
0.0,0.0056033637,0
0.0,0.07566893,0
0.0,0.18960537,0
0.0,0.02619694,0
0.0,0.0044505787,0
0.0,0.009984409,0
0.0,0.05045594,0
0.0,0.0036530853,0
0.0,0.0044372226,0
0.0,0.005559961,0
0.0,0.012078158,0
0.0,0.0086557735,0
0.0,0.0061755907,0
0.0,0.0041610044,0
0.0,0.006324929,0
0.0,0.008331125,0
0.0,0.008212078,0
0.0,0.00599144,0
0.0,0.005690654,0
0.0,0.010071367,0
0.0,0.022374861,0
0.0,0.0035061282,0
0.0,0.005020436,0
0.0,0.0045694206,0
0.0,0.009760003,0
0.0,0.006375899,0
0.0,0.008622671,0
0.0,0.0040322863,0
0.0,0.0054557933,0
0.0,0.0042984732,0
0.0,0.0036869629,0
0.0,0.0046962793,0
0.0,0.003974187,0
0.0,0.0049636113,0
0.0,0.0073012817,0
0.0,0.0046874387,0
0.0,0.0050743097,0
0.0,0.0063891863,0
0.0,0.0057941675,0
0.0,0.0041444125,0
0.0,0.0056995535,0
0.0,0.054101575,0
0.0,0.0049682218,0
0.0,0.006040922,0
0.0,0.006562838,0
0.0,0.009953852,0
0.0,0.105885066,0
0.0,0.0067575756,0
0.0,0.009595366,0
0.0,0.0037481007,0
0.0,0.0046758917,0
0.0,0.03506864,0
0.0,0.010429416,0
0.0,0.0082553765,0
0.0,0.04835807,0
0.0,0.010577677,0
0.0,0.00439354,0
0.0,0.045848995,0
0.0,0.005228393,0
0.0,0.43391073,0
0.0,0.0043985755,0
0.0,0.0066011064,0
0.0,0.003950741,0
0.0,0.004829582,0
0.0,0.0045550326,0
0.0,0.015717926,0
0.0,0.005777501,0
0.0,0.0058364486,0
0.0,0.019589225,0
0.0,0.002947453,0
0.0,0.010183654,0
0.0,0.0049801003,0
0.0,0.008966546,0
0.0,0.0046534706,0
0.0,0.005238238,0
0.0,0.024183078,0
0.0,0.009628095,0
0.0,0.003417859,0
0.0,0.01751041,0
0.0,0.006121574,0
0.0,0.0043322053,0
0.0,0.005337749,0
0.0,0.010365193,0
0.0,0.0075735603,0
0.0,0.005822681,0
1.0,0.9925426,0
0.0,0.011731424,0
0.0,0.0050269254,0
0.0,0.008916507,0
0.0,0.009628499,0
0.0,0.0064791897,0
0.0,0.003920281,0
0.0,0.021652788,0
0.0,0.006491193,0
0.0,0.0052479124,0
0.0,0.0065277633,0
0.0,0.0053758263,0
0.0,0.0055557154,0
0.0,0.07717546,0
0.0,0.0048391484,0
0.0,0.006021201,0
0.0,0.013582528,0
0.0,0.028992254,0
0.0,0.0061468743,0
0.0,0.006929188,0
0.0,0.017283402,0
0.0,0.0041382583,0
0.0,0.007576646,0
0.0,0.0072961547,0
0.0,0.007870471,0
0.0,0.0073436154,0
0.0,0.004771639,0
0.0,0.006488079,0
0.0,0.0076887677,0
0.0,0.0062838667,0
0.0,0.013453218,0
0.0,0.0049089077,0
0.0,0.0104909325,0
0.0,0.0038747997,0
0.0,0.006272734,0
0.0,0.004704301,0
0.0,0.004393369,0
0.0,0.0063196295,0
0.0,0.024983503,0
0.0,0.004800246,0
0.0,0.007446738,0
0.0,0.003430549,0
0.0,0.0040444727,0
0.0,0.004383964,0
0.0,0.004627974,0
0.0,0.00351379,0
0.0,0.0062837773,0
0.0,0.0058960975,0
0.0,0.027178386,0
0.0,0.0068842047,0
0.0,0.005004808,0
0.0,0.0050343405,0
0.0,0.0111496905,0
0.0,0.015106043,0
0.0,0.005643166,0
0.0,0.005892018,0
0.0,0.01097529,0
0.0,0.019744584,0
0.0,0.012407672,0
0.0,0.018454593,0
0.0,0.005791034,0
0.0,0.005377065,0
0.0,0.006080654,0
0.0,0.007653827,0
0.0,0.004077547,0
0.0,0.0051072757,0
0.0,0.006147539,0
0.0,0.02002489,0
0.0,0.0047693546,0
0.0,0.010179578,0
0.0,0.0037174907,0
0.0,0.00430606,0
0.0,0.0074531757,0
0.0,0.13258679,0
1.0,0.9937,1
1.0,0.9931571,1
1.0,0.5003104,1
1.0,0.98084235,1
1.0,0.6164339,1
1.0,0.99289155,1
1.0,0.99467635,1
1.0,0.9945945,1
1.0,0.9922214,1
1.0,0.99285865,1
1.0,0.9892368,1
1.0,0.9744158,1
1.0,0.9888347,1
1.0,0.9717082,1
1.0,0.99070704,1
1.0,0.9912553,1
1.0,0.9928322,1
1.0,0.99221766,1
1.0,0.99287814,1
1.0,0.9924689,1
1.0,0.9947914,1
1.0,0.99519664,1
1.0,0.98237556,1
1.0,0.9916319,1
1.0,0.9617237,1
1.0,0.984244,1
1.0,0.9908077,1
1.0,0.9920289,1
1.0,0.99392635,1
1.0,0.98880273,1
1.0,0.97738296,1
1.0,0.9943816,1
1.0,0.99381834,1
1.0,0.9938055,1
1.0,0.99312806,1
1.0,0.992786,1
1.0,0.9941321,1
1.0,0.9942327,1
1.0,0.95557904,1
1.0,0.8631665,1
1.0,0.98481894,1
1.0,0.9938891,1
1.0,0.9926196,1
1.0,0.99000424,1
1.0,0.9913118,1
1.0,0.9878422,1
1.0,0.99142355,1
1.0,0.991931,1
1.0,0.9926099,1
1.0,0.99235135,1
1.0,0.98686486,1
1.0,0.9921657,1
1.0,0.9909458,1
1.0,0.99041533,1
1.0,0.98836297,1
1.0,0.9920684,1
1.0,0.9930942,1
1.0,0.98950994,1
1.0,0.99212086,1
1.0,0.9937482,1
1.0,0.9946051,1
1.0,0.9923443,1
1.0,0.9901106,1
1.0,0.6462292,1
1.0,0.99383354,1
1.0,0.76867944,1
1.0,0.99034846,1
1.0,0.993824,1
1.0,0.9919709,1
1.0,0.99343807,1
1.0,0.9937749,1
1.0,0.9889538,1
1.0,0.99429965,1
1.0,0.99402064,1
1.0,0.9925373,1
1.0,0.9950702,1
1.0,0.99262094,1
1.0,0.9866714,1
1.0,0.78933716,1
1.0,0.9889987,1
1.0,0.9889542,1
0.0,0.22826172,1
1.0,0.990177,1
1.0,0.9918938,1
1.0,0.9915223,1
1.0,0.991872,1
1.0,0.9909374,1
1.0,0.98814756,1
1.0,0.9864956,1
1.0,0.630995,1
1.0,0.9856065,1
1.0,0.8151297,1
1.0,0.99344265,1
1.0,0.99189246,1
1.0,0.98875564,1
1.0,0.98489225,1
1.0,0.9934161,1
1.0,0.9949449,1
1.0,0.99488586,1
1.0,0.98802966,1
1.0,0.99121934,1
1.0,0.97593576,1
0.0,0.016575027,1
1.0,0.9900157,1
1.0,0.9883654,1
1.0,0.9895058,1
1.0,0.96415305,1
1.0,0.96679384,1
1.0,0.9908757,1
1.0,0.9891188,1
1.0,0.91239756,1
1.0,0.9855537,1
1.0,0.97453916,1
1.0,0.9269931,1
1.0,0.9269931,1
1.0,0.9269931,1
1.0,0.9269931,1
1.0,0.98302346,1
1.0,0.9880762,1
1.0,0.99263847,1
1.0,0.97346437,1
1.0,0.9925047,1
1.0,0.99155444,1
1.0,0.99343807,1
1.0,0.9911317,1
1.0,0.9930112,1
1.0,0.99366426,1
1.0,0.9932019,1
1.0,0.991536,1
1.0,0.98543614,1
1.0,0.96113133,1
1.0,0.9835113,1
1.0,0.98903334,1
1.0,0.977532,1
1.0,0.98391956,1
1.0,0.99256706,1
1.0,0.9872684,1
1.0,0.992251,1
1.0,0.9875658,1
1.0,0.9868912,1
1.0,0.6532927,1
1.0,0.88468623,1
1.0,0.69116056,1
1.0,0.6002924,1
1.0,0.9922247,1
1.0,0.6895523,1
1.0,0.99084127,1
1.0,0.9907417,1
1.0,0.991475,1
1.0,0.9906736,1
1.0,0.98884517,1
1.0,0.92758554,1
1.0,0.9894013,1
1.0,0.993103,1
1.0,0.99124724,1
1.0,0.98364246,1
1.0,0.99425995,1
1.0,0.9956382,1
1.0,0.99533445,1
1.0,0.9944594,1
1.0,0.9952657,1
1.0,0.9934181,1
1.0,0.9949614,1
1.0,0.99561226,1
1.0,0.99479634,1
1.0,0.9956239,1
1.0,0.99331576,1
1.0,0.9948021,1
1.0,0.9953027,1
1.0,0.9955016,1
1.0,0.9947855,1
1.0,0.99469596,1
1.0,0.9943538,1
1.0,0.99433184,1
1.0,0.99482214,1
1.0,0.9938279,1
1.0,0.9952632,1
1.0,0.99505377,1
1.0,0.8837159,1
1.0,0.99422824,1
1.0,0.9892693,1
1.0,0.8653625,1
1.0,0.9929437,1
1.0,0.99245054,1
1.0,0.9525443,1
1.0,0.99404246,1
1.0,0.99385554,1
1.0,0.9926266,1
1.0,0.9921923,1
1.0,0.98919964,1
1.0,0.9257939,1
1.0,0.9932105,1
1.0,0.9910574,1
1.0,0.99438757,1
1.0,0.992739,1
1.0,0.98720413,1
1.0,0.9927699,1
1.0,0.9710995,1
1.0,0.99409455,1
1.0,0.9937489,1
1.0,0.9935162,1
1.0,0.9913742,1
1.0,0.9933989,1
1.0,0.99284816,1
1.0,0.89991593,1
1.0,0.99257225,1
1.0,0.99331117,1
1.0,0.9925822,1
1.0,0.98538405,1
1.0,0.99190253,1
1.0,0.9408779,1
1.0,0.9898421,1
1.0,0.993443,1
1.0,0.9799019,1
1.0,0.9824918,1
0.0,0.08960318,1
1.0,0.9892055,1
1.0,0.99347985,1
1.0,0.99163777,1
1.0,0.944327,1
1.0,0.99282926,1
1.0,0.99308527,1
1.0,0.99173576,1
1.0,0.99035394,1
1.0,0.9947889,1
1.0,0.99432963,1
1.0,0.99356043,1
1.0,0.99268806,1
1.0,0.9948664,1
1.0,0.9932827,1
1.0,0.9897573,1
1.0,0.9947789,1
1.0,0.9637742,1
1.0,0.9391684,1
0.0,0.018561013,1
1.0,0.93156296,1
1.0,0.9928756,1
1.0,0.99084526,1
1.0,0.9891433,1
1.0,0.9918032,1
1.0,0.9873362,1
1.0,0.9373784,1
1.0,0.8085062,1
1.0,0.99214387,1
1.0,0.99483275,1
1.0,0.99402666,1
1.0,0.992442,1
1.0,0.992303,1
1.0,0.99195826,1
1.0,0.99382293,1
1.0,0.99259865,1
1.0,0.987694,1
1.0,0.9913896,1
1.0,0.99398416,1
1.0,0.9880393,1
1.0,0.9758748,1
1.0,0.9811967,1
1.0,0.9869205,1
1.0,0.9947068,1
1.0,0.9845264,1
1.0,0.9907477,1
1.0,0.98542434,1
1.0,0.9790581,1
1.0,0.9923151,1
1.0,0.99300474,1
1.0,0.9934145,1
1.0,0.9873158,1
1.0,0.990868,1
1.0,0.9471376,1
1.0,0.9819443,1
1.0,0.98049897,1
1.0,0.98452353,1
1.0,0.9290282,1
1.0,0.9904985,1
1.0,0.9909638,1
1.0,0.9884936,1
1.0,0.9904677,1
1.0,0.9925519,1
1.0,0.9747936,1
1.0,0.93854195,1
1.0,0.8131952,1
1.0,0.9920994,1
1.0,0.90325373,1
1.0,0.9242906,1
1.0,0.96659976,1
1.0,0.99190795,1
1.0,0.9939513,1
1.0,0.7874395,1
1.0,0.9805001,1
1.0,0.9927112,1
0.0,0.060422547,1
1.0,0.9949273,1
1.0,0.9944931,1
1.0,0.87770164,1
1.0,0.9048817,1
1.0,0.9788856,1
1.0,0.99190944,1
1.0,0.9938646,1
1.0,0.99082106,1
1.0,0.9915521,1
1.0,0.8504724,1
1.0,0.9557258,1
0.0,0.014559622,1
1.0,0.9269931,1
1.0,0.9942133,1
1.0,0.9914296,1
1.0,0.98707646,1
1.0,0.9931833,1
1.0,0.98991233,1
1.0,0.99047625,1
1.0,0.52910244,1
1.0,0.9900922,1
1.0,0.98721004,1
1.0,0.9916095,1
1.0,0.9946179,1
1.0,0.9824097,1
1.0,0.9920378,1
1.0,0.9909542,1
1.0,0.9947061,1
1.0,0.993101,1
1.0,0.9933889,1
1.0,0.9923268,1
1.0,0.99221706,1
1.0,0.9910767,1
1.0,0.99203366,1
1.0,0.99146783,1
1.0,0.9944344,1
0.0,0.26233226,1
1.0,0.9619962,1
1.0,0.9931092,1
1.0,0.9913555,1
1.0,0.99196094,1
0.0,0.06563133,1
1.0,0.7675333,1
0.0,0.33413687,1
1.0,0.96388555,1
0.0,0.00818784,0
0.0,0.032009564,0
0.0,0.008100149,0
0.0,0.0065005976,0
0.0,0.004316405,0
0.0,0.0058422424,0
0.0,0.05052034,0
0.0,0.0075300774,0
0.0,0.0050910264,0
0.0,0.015711047,0
0.0,0.0063768663,0
0.0,0.004118778,0
1.0,0.95525414,0
0.0,0.005940297,0
0.0,0.0060472586,0
0.0,0.018281719,0
0.0,0.006258285,0
0.0,0.0057183215,0
0.0,0.03764322,0
0.0,0.005298989,0
0.0,0.0043446505,0
0.0,0.00523795,0
0.0,0.012265589,0
0.0,0.00423696,0
0.0,0.011554543,0
0.0,0.041216984,0
0.0,0.0056535196,0
0.0,0.004767913,0
0.0,0.031913906,0
0.0,0.0097486535,0
0.0,0.0045338413,0
0.0,0.0041804053,0
0.0,0.010019278,0
0.0,0.007214564,0
0.0,0.007596758,0
0.0,0.004135294,0
0.0,0.0057062884,0
0.0,0.007847668,0
0.0,0.0073499894,0
0.0,0.00517845,0
0.0,0.014936059,0
0.0,0.008096705,0
0.0,0.0058227745,0
0.0,0.0046944423,0
0.0,0.004244708,0
0.0,0.008986343,0
0.0,0.009480433,0
0.0,0.027553476,0
0.0,0.005328241,0
0.0,0.004774076,0
0.0,0.0033974047,0
0.0,0.009456207,0
0.0,0.007130703,0
0.0,0.004233424,0
0.0,0.011413996,0
0.0,0.003978665,0
0.0,0.0153287435,0
0.0,0.0047269287,0
0.0,0.011372846,0
0.0,0.006134556,0
0.0,0.00849119,0
0.0,0.015864007,0
0.0,0.006864574,0
0.0,0.0033744806,0
0.0,0.007730766,0
0.0,0.0044693793,0
0.0,0.007714794,0
0.0,0.004563141,0
0.0,0.005114811,0
0.0,0.01256399,0
0.0,0.0035390682,0
0.0,0.17451379,0
1.0,0.82588375,0
0.0,0.004292392,0
0.0,0.054989565,0
0.0,0.0045338413,0
0.0,0.0041313507,0
0.0,0.00584049,0
0.0,0.004312861,0
0.0,0.011546454,0
0.0,0.0049568284,0
0.0,0.0050341305,0
0.0,0.00532253,0
0.0,0.0062651653,0
0.0,0.0120614935,0
0.0,0.01201966,0
1.0,0.6056393,0
0.0,0.0041447263,0
0.0,0.0065577193,0
0.0,0.10715138,0
0.0,0.004012381,0
0.0,0.0133800395,0
0.0,0.00536423,0
0.0,0.0052184626,0
0.0,0.004623304,0
0.0,0.0036703828,0
0.0,0.0050276294,0
0.0,0.010244969,0
0.0,0.0041773575,0
0.0,0.070823826,0
0.0,0.005374115,0
0.0,0.0032721441,0
0.0,0.0040798946,0
0.0,0.007320897,0
0.0,0.024005048,0
0.0,0.005259375,0
0.0,0.01886538,0
0.0,0.0068082213,0
0.0,0.0119472435,0
0.0,0.07309565,0
0.0,0.0037203138,0
0.0,0.006650635,0
0.0,0.00338883,0
0.0,0.014110051,0
0.0,0.005547836,0
0.0,0.005121955,0
0.0,0.005325388,0
0.0,0.004118672,0
0.0,0.0053267404,0
0.0,0.005989357,0
0.0,0.005095581,0
0.0,0.0076166387,0
0.0,0.0037703428,0
0.0,0.004535352,0
0.0,0.0040320605,0
0.0,0.0319401,0
0.0,0.016005429,0
0.0,0.04027127,0
0.0,0.0045174765,0
0.0,0.008836377,0
0.0,0.009869179,0
0.0,0.01396238,0
0.0,0.0127157075,0
0.0,0.014618452,0
0.0,0.057833392,0
0.0,0.0046074833,0
0.0,0.0034273474,0
0.0,0.0052581327,0
0.0,0.007926572,0
0.0,0.004845557,0
1.0,0.9269931,0
0.0,0.0079769315,0
0.0,0.003338284,0
0.0,0.010245507,0
0.0,0.0041002855,0
0.0,0.0029793296,0
0.0,0.0050517693,0
0.0,0.003936559,0
0.0,0.004678184,0
0.0,0.0065922257,0
0.0,0.0059366273,0
0.0,0.0047115535,0
0.0,0.0041039945,0
0.0,0.004384747,0
0.0,0.006181417,0
0.0,0.011531258,0
0.0,0.006969763,0
0.0,0.011485519,0
0.0,0.003279463,0
0.0,0.009067612,0
0.0,0.0051657674,0
0.0,0.011055976,0
0.0,0.00419581,0
0.0,0.004687492,0
0.0,0.04617359,0
1.0,0.58300954,0
0.0,0.007549724,0
0.0,0.0075264964,0
0.0,0.0053167325,0
0.0,0.004620647,0
0.0,0.006106915,0
0.0,0.0045783194,0
0.0,0.007169655,0
0.0,0.004554825,0
0.0,0.0031957095,0
0.0,0.020122206,0
0.0,0.004708491,0
0.0,0.009673049,0
0.0,0.004142479,0
0.0,0.0030908172,0
0.0,0.31583545,0
0.0,0.06322363,0
0.0,0.014754357,0
0.0,0.009469178,0
0.0,0.008798075,0
0.0,0.004113726,0
0.0,0.09181729,0
0.0,0.0048338007,0
0.0,0.11387628,0
0.0,0.0056535946,0
0.0,0.016276928,0
0.0,0.0041696527,0
0.0,0.004407332,0
0.0,0.35117432,0
0.0,0.0075735133,0
0.0,0.006099649,0
0.0,0.0046979235,0
0.0,0.007057203,0
0.0,0.006075342,0
0.0,0.0044394517,0
0.0,0.007153564,0
0.0,0.0053923135,0
0.0,0.0071222177,0
0.0,0.0037512823,0
0.0,0.005098708,0
0.0,0.008708675,0
0.0,0.01188422,0
0.0,0.015800051,0
0.0,0.035606794,0
0.0,0.01449629,0
0.0,0.010219052,0
0.0,0.00566023,0
0.0,0.06776451,0
0.0,0.0039975583,0
0.0,0.0054302462,0
0.0,0.004924948,0
0.0,0.00605615,0
0.0,0.005059905,0
0.0,0.15736373,0
0.0,0.004169706,0
0.0,0.0044137677,0
0.0,0.0051370244,0
0.0,0.0035491548,0
0.0,0.0036293333,0
0.0,0.005038812,0
0.0,0.007549721,0
0.0,0.004762445,0
0.0,0.0044931937,0
0.0,0.02292785,0
0.0,0.00446573,0
0.0,0.0054707406,0
0.0,0.008068954,0
0.0,0.005484547,0
0.0,0.0065187714,0
0.0,0.005849085,0
0.0,0.0044808104,0
0.0,0.0042590615,0
0.0,0.4763387,0
0.0,0.008191544,0
0.0,0.0047657005,0
0.0,0.007398159,0
0.0,0.0085319625,0
0.0,0.0076045915,0
0.0,0.0148397265,0
0.0,0.004609358,0
0.0,0.006031132,0
0.0,0.006308312,0
0.0,0.0049429946,0
0.0,0.006087837,0
0.0,0.0045393133,0
0.0,0.006766927,0
0.0,0.011997557,0
0.0,0.0059592156,0
0.0,0.0048260903,0
0.0,0.016926438,0
0.0,0.006034258,0
0.0,0.013286773,0
0.0,0.04299701,0
0.0,0.0059879255,0
0.0,0.0051535275,0
0.0,0.009388744,0
0.0,0.026619265,0
0.0,0.059131943,0
0.0,0.0054569705,0
0.0,0.025826797,0
0.0,0.0033864342,0
0.0,0.0034563702,0
0.0,0.05686963,0
0.0,0.005228648,0
0.0,0.0036198772,0
0.0,0.0065873913,0
0.0,0.011415848,0
0.0,0.0047315075,0
0.0,0.0030717084,0
0.0,0.04923524,0
0.0,0.019433664,0
0.0,0.006987663,0
0.0,0.0037050855,0
0.0,0.00874221,0
0.0,0.0059190816,0
0.0,0.049572483,0
0.0,0.0039056395,0
0.0,0.005805421,0
0.0,0.018660003,0
0.0,0.0039667855,0
0.0,0.004357193,0
0.0,0.007111714,0
0.0,0.003628451,0
0.0,0.004805147,0
0.0,0.004322313,0
0.0,0.08687128,0
0.0,0.006326128,0
0.0,0.007277914,0
0.0,0.0053046877,0
0.0,0.0077400375,0
0.0,0.003563252,0
0.0,0.0169848,0
0.0,0.0055998047,0
0.0,0.015979474,0
0.0,0.004166199,0
0.0,0.006798282,0
0.0,0.0042317645,0
0.0,0.030016009,0
0.0,0.4486806,0
0.0,0.0068742163,0
0.0,0.014686766,0
0.0,0.009016761,0
0.0,0.005106781,0
0.0,0.0042318753,0
0.0,0.0038469578,0
0.0,0.005536995,0
0.0,0.0065457514,0
0.0,0.0040687984,0
0.0,0.006887798,0
0.0,0.005842359,0
0.0,0.0051079537,0
0.0,0.0038120688,0
0.0,0.006669016,0
0.0,0.02337548,0
0.0,0.0060600345,0
1.0,0.99503434,1
1.0,0.9951885,1
1.0,0.99205995,1
1.0,0.9881251,1
1.0,0.8498842,1
1.0,0.98332304,1
1.0,0.9911786,1
1.0,0.67152786,1
1.0,0.9888102,1
1.0,0.8585869,1
1.0,0.96892595,1
1.0,0.92654127,1
1.0,0.97809255,1
1.0,0.95991063,1
1.0,0.986403,1
1.0,0.98820275,1
1.0,0.9937796,1
1.0,0.9915793,1
1.0,0.9927516,1
1.0,0.9922684,1
1.0,0.8674801,1
1.0,0.9949449,1
1.0,0.99465054,1
1.0,0.994261,1
1.0,0.9857491,1
1.0,0.98997,1
1.0,0.99262357,1
1.0,0.992939,1
1.0,0.99310523,1
1.0,0.99308866,1
1.0,0.9905786,1
1.0,0.9643328,1
1.0,0.99025214,1
1.0,0.9922891,1
1.0,0.9929289,1
1.0,0.9933276,1
1.0,0.99495393,1
1.0,0.9947702,1
1.0,0.9942835,1
1.0,0.9874143,1
1.0,0.99424595,1
1.0,0.9914928,1
1.0,0.9943915,1
1.0,0.98550934,1
1.0,0.9943621,1
1.0,0.9934731,1
1.0,0.99350387,1
1.0,0.9919471,1
1.0,0.99230206,1
1.0,0.9939678,1
1.0,0.98701805,1
1.0,0.9844571,1
1.0,0.99283546,1
1.0,0.994686,1
1.0,0.9901322,1
1.0,0.99126446,1
1.0,0.9767072,1
1.0,0.993558,1
1.0,0.99506867,1
1.0,0.9938818,1
1.0,0.99333996,1
1.0,0.99306786,1
1.0,0.98480344,1
1.0,0.99473923,1
1.0,0.99535745,1
1.0,0.9924582,1
1.0,0.9911679,1
0.0,0.2353705,1
1.0,0.98010755,1
1.0,0.9386879,1
1.0,0.98419845,1
1.0,0.97620684,1
1.0,0.99153066,1
1.0,0.99264973,1
1.0,0.9918168,1
1.0,0.9882107,1
1.0,0.9753421,1
1.0,0.9883674,1
1.0,0.98219633,1
0.0,0.40018868,1
1.0,0.99454075,1
1.0,0.99493366,1
1.0,0.9894287,1
0.0,0.012334538,1
1.0,0.9893924,1
1.0,0.97788256,1
1.0,0.9935034,1
1.0,0.9936034,1
1.0,0.99435717,1
1.0,0.9936853,1
1.0,0.9931785,1
1.0,0.9864905,1
1.0,0.9922998,1
1.0,0.992493,1
1.0,0.9932065,1
1.0,0.990026,1
1.0,0.98527586,1
1.0,0.9910087,1
1.0,0.96213996,1
0.0,0.3913857,1
1.0,0.99093443,1
1.0,0.93148196,1
1.0,0.9694975,1
1.0,0.5471467,1
0.0,0.39480025,1
1.0,0.8638206,1
1.0,0.96405524,1
0.0,0.37620252,1
1.0,0.74579513,1
0.0,0.29071864,1
0.0,0.019382453,1
1.0,0.58461696,1
0.0,0.4100486,1
1.0,0.946296,1
1.0,0.98465663,1
1.0,0.9900879,1
1.0,0.99239177,1
1.0,0.99344206,1
1.0,0.9777714,1
1.0,0.99034345,1
1.0,0.9878494,1
1.0,0.98761487,1
1.0,0.9951845,1
1.0,0.9504257,1
1.0,0.97598016,1
1.0,0.9883908,1
0.0,0.058082454,1
0.0,0.4031217,1
1.0,0.9686872,1
1.0,0.97753376,1
1.0,0.9793378,1
1.0,0.98883456,1
1.0,0.81520176,1
1.0,0.9833823,1
1.0,0.9554369,1
1.0,0.98109996,1
1.0,0.98810995,1
1.0,0.9898599,1
0.0,0.19268078,1
1.0,0.9876358,1
1.0,0.98981935,1
1.0,0.90054876,1
1.0,0.95649606,1
1.0,0.9922369,1
1.0,0.98745894,1
1.0,0.9819978,1
1.0,0.99421775,1
1.0,0.99453175,1
1.0,0.9930784,1
1.0,0.99446255,1
1.0,0.99243027,1
1.0,0.9940221,1
1.0,0.99436235,1
1.0,0.9269931,1
1.0,0.9269931,1
1.0,0.9269931,1
1.0,0.9269931,1
1.0,0.9269931,1
1.0,0.9269931,1
1.0,0.9269931,1
1.0,0.9269931,1
1.0,0.9269931,1
1.0,0.9269931,1
1.0,0.9269931,1
1.0,0.9269931,1
1.0,0.9269931,1
1.0,0.9269931,1
1.0,0.9269931,1
1.0,0.9269931,1
1.0,0.9269931,1
1.0,0.9269931,1
1.0,0.9876736,1
1.0,0.9736032,1
1.0,0.98573595,1
0.0,0.27429417,1
0.0,0.086136945,1
1.0,0.9926467,1
1.0,0.99441826,1
1.0,0.99056834,1
1.0,0.9908263,1
1.0,0.99275076,1
1.0,0.9844936,1
1.0,0.9794637,1
1.0,0.98614395,1
1.0,0.9926802,1
1.0,0.9933907,1
1.0,0.9865845,1
1.0,0.9269931,1
1.0,0.9269931,1
1.0,0.9269931,1
1.0,0.9269931,1
1.0,0.9269931,1
1.0,0.9269931,1
1.0,0.622348,1
1.0,0.9859266,1
1.0,0.8847264,1
1.0,0.99086297,1
1.0,0.99356836,1
1.0,0.9947261,1
1.0,0.94345206,1
1.0,0.99462116,1
1.0,0.9948232,1
1.0,0.99517584,1
1.0,0.99541974,1
1.0,0.993518,1
1.0,0.9928941,1
1.0,0.86048824,1
1.0,0.9916728,1
1.0,0.99389607,1
1.0,0.983273,1
1.0,0.9917135,1
1.0,0.99304354,1
1.0,0.99498993,1
1.0,0.990248,1
1.0,0.9955006,1
1.0,0.9955189,1
1.0,0.99088997,1
1.0,0.9927187,1
1.0,0.99110645,1
1.0,0.9923833,1
1.0,0.9880299,1
1.0,0.9922282,1
1.0,0.9896572,1
1.0,0.99173355,1
1.0,0.99508375,1
1.0,0.99458057,1
1.0,0.9939109,1
1.0,0.9041502,1
1.0,0.99449795,1
1.0,0.96466243,1
1.0,0.9901064,1
1.0,0.99114394,1
1.0,0.9916831,1
1.0,0.98657596,1
1.0,0.9737343,1
1.0,0.9733653,1
1.0,0.9943415,1
1.0,0.994666,1
1.0,0.99504495,1
1.0,0.99390996,1
1.0,0.99410194,1
1.0,0.99483126,1
1.0,0.9924321,1
1.0,0.99531734,1
1.0,0.99354386,1
1.0,0.9944711,1
1.0,0.9939867,1
1.0,0.98623556,1
1.0,0.991134,1
1.0,0.99198323,1
1.0,0.9937388,1
1.0,0.99516207,1
1.0,0.9894231,1
1.0,0.98932004,1
1.0,0.99008864,1
1.0,0.9798365,1
1.0,0.9724596,1
1.0,0.9921301,1
1.0,0.9886429,1
1.0,0.9918433,1
1.0,0.9919584,1
1.0,0.9903955,1
1.0,0.9933083,1
1.0,0.9848359,1
1.0,0.9923993,1
1.0,0.9798207,1
1.0,0.98694277,1
1.0,0.9724636,1
1.0,0.990948,1
1.0,0.9921101,1
1.0,0.98697495,1
1.0,0.98928505,1
1.0,0.9847466,1
1.0,0.9918481,1
1.0,0.99023527,1
1.0,0.988622,1
1.0,0.9766402,1
1.0,0.9865329,1
1.0,0.8935536,1
1.0,0.99312955,1
1.0,0.99143314,1
1.0,0.99301827,1
1.0,0.99337715,1
1.0,0.9921927,1
1.0,0.9921327,1
1.0,0.9930311,1
1.0,0.99169934,1
1.0,0.99311125,1
1.0,0.9602504,1
1.0,0.9861367,1
1.0,0.9848133,1
1.0,0.98801243,1
1.0,0.9790411,1
1.0,0.9751658,1
0.0,0.36958998,1
1.0,0.9776199,1
1.0,0.9914567,1
1.0,0.99318767,1
1.0,0.96589625,1
0.0,0.016383657,1
1.0,0.8601442,1
1.0,0.9850483,1
1.0,0.9730872,1
1.0,0.96461886,1
1.0,0.9927072,1
1.0,0.9934162,1
1.0,0.9921531,1
1.0,0.9891123,1
1.0,0.99277335,1
1.0,0.9931672,1
1.0,0.98690635,1
1.0,0.9910738,1
1.0,0.9947408,1
1.0,0.99163216,1
1.0,0.99494076,1
1.0,0.98972535,1
1.0,0.9887334,1
1.0,0.9928895,1
1.0,0.99222964,1
1.0,0.92741203,1
1.0,0.86114305,1
1.0,0.99355906,1
1.0,0.99255,1
1.0,0.9892791,1
1.0,0.75649285,1
0.0,0.29015833,1
1.0,0.98276824,1
1.0,0.5967048,1
1.0,0.5079712,1
1.0,0.99252605,1
1.0,0.9931297,1
1.0,0.991039,1
1.0,0.99053067,1
1.0,0.99364316,1
1.0,0.9935841,1
1.0,0.9931972,1
1.0,0.99162954,1
1.0,0.99194896,1
1.0,0.98880553,1
1.0,0.9903617,1
1.0,0.99333656,1
1.0,0.97962254,1
1.0,0.99144393,1
1.0,0.98613304,1
1.0,0.9913298,1
1.0,0.905674,1
1.0,0.993933,1
0.0,0.12896957,1
1.0,0.98296344,1
1.0,0.98102176,1
1.0,0.98258096,1
0.0,0.0058322004,0
0.0,0.0052237725,0
0.0,0.0117538255,0
0.0,0.0054893913,0
0.0,0.0057392735,0
0.0,0.005914987,0
0.0,0.0113553265,0
0.0,0.0054336204,0
0.0,0.0070373463,0
0.0,0.005498899,0
0.0,0.004893721,0
0.0,0.015339146,0
0.0,0.0059884596,0
0.0,0.008225651,0
0.0,0.0057798373,0
0.0,0.01360673,0
0.0,0.008512909,0
0.0,0.0074882284,0
0.0,0.010542427,0
0.0,0.0045244205,0
0.0,0.006829589,0
0.0,0.006976102,0
0.0,0.029432287,0
0.0,0.004340088,0
0.0,0.015309848,0
0.0,0.009876471,0
0.0,0.32557115,0
0.0,0.005724851,0
0.0,0.010553935,0
0.0,0.008621455,0
0.0,0.009607492,0
0.0,0.009768043,0
0.0,0.0044482616,0
0.0,0.0044505894,0
1.0,0.9269931,0
0.0,0.0074578193,0
0.0,0.011233434,0
0.0,0.0052622776,0
0.0,0.015976466,0
0.0,0.0065165046,0
0.0,0.007590233,0
0.0,0.0042799213,0
0.0,0.013675089,0
0.0,0.12127378,0
0.0,0.0077891033,0
0.0,0.0060716895,0
0.0,0.00599955,0
0.0,0.0063714576,0
0.0,0.005421042,0
0.0,0.005834236,0
0.0,0.009171356,0
0.0,0.0061623626,0
0.0,0.0057690577,0
0.0,0.020258222,0
0.0,0.0063573564,0
0.0,0.0083761355,0
0.0,0.0055127414,0
0.0,0.0064135953,0
0.0,0.0062421556,0
0.0,0.0045194705,0
0.0,0.0054233205,0
0.0,0.008704915,0
0.0,0.006717241,0
0.0,0.005440503,0
0.0,0.010791453,0
0.0,0.012935065,0
0.0,0.009065419,0
0.0,0.005191387,0
0.0,0.008044505,0
0.0,0.0045304336,0
0.0,0.00400984,0
0.0,0.015681805,0
0.0,0.006409932,0
0.0,0.0051633227,0
0.0,0.006523105,0
0.0,0.021543551,0
0.0,0.008217042,0
0.0,0.00812517,0
0.0,0.0047123292,0
1.0,0.78180665,0
0.0,0.0060258633,0
0.0,0.005775461,0
0.0,0.004386037,0
0.0,0.0043524457,0
0.0,0.0074926172,0
1.0,0.9269931,0
0.0,0.006028391,0
0.0,0.012378637,0
0.0,0.009795238,0
0.0,0.014435216,0
0.0,0.0046771322,0
0.0,0.0048468993,0
0.0,0.0056655626,0
0.0,0.0070894537,0
0.0,0.005825533,0
0.0,0.0057018073,0
0.0,0.007777643,0
0.0,0.007628581,0
0.0,0.0047782417,0
0.0,0.007953066,0
1.0,0.9269931,0
1.0,0.9269931,0
0.0,0.0049187606,0
0.0,0.009625467,0
0.0,0.005803671,0
0.0,0.0056389957,0
0.0,0.019326938,0
0.0,0.015501427,0
0.0,0.004381967,0
0.0,0.0069797765,0
0.0,0.008032273,0
0.0,0.005331765,0
0.0,0.005255824,0
0.0,0.0068656146,0
0.0,0.014599484,0
0.0,0.0064000604,0
0.0,0.004364008,0
0.0,0.01227933,0
0.0,0.004328725,0
0.0,0.0037951623,0
0.0,0.0042439024,0
0.0,0.14498281,0
0.0,0.0067209927,0
0.0,0.006703298,0
0.0,0.37103844,0
0.0,0.011885551,0
0.0,0.008238476,0
0.0,0.0073326253,0
0.0,0.006414501,0
0.0,0.004023009,0
0.0,0.012733014,0
0.0,0.0052209035,0
0.0,0.00748346,0
0.0,0.0038195432,0
0.0,0.008063025,0
0.0,0.006789768,0
0.0,0.0067224065,0
1.0,0.9269931,0
0.0,0.0068418747,0
0.0,0.012005055,0
0.0,0.00796401,0
0.0,0.016730445,0
1.0,0.9269931,0
0.0,0.004168221,0
0.0,0.0045477557,0
0.0,0.005795582,0
0.0,0.005915245,0
1.0,0.9269931,0
1.0,0.9269931,0
0.0,0.0051328572,0
0.0,0.0055468176,0
0.0,0.010102854,0
0.0,0.008252407,0
0.0,0.00472541,0
0.0,0.004969823,0
0.0,0.0149263395,0
0.0,0.0054831323,0
0.0,0.0045431433,0
0.0,0.007440738,0
0.0,0.0069092894,0
0.0,0.008349847,0
0.0,0.004286132,0
0.0,0.0037966333,0
0.0,0.0073438585,0
0.0,0.006162756,0
0.0,0.008686714,0
0.0,0.0070445933,0
0.0,0.0070612715,0
0.0,0.005196933,0
0.0,0.006620327,0
0.0,0.008029883,0
0.0,0.0065712086,0
1.0,0.8947673,0
0.0,0.004845559,0
0.0,0.0036688223,0
0.0,0.0060806046,0
0.0,0.007404619,0
0.0,0.0047350004,0
1.0,0.9269931,0
0.0,0.003705182,0
0.0,0.0038568508,0
0.0,0.016597038,0
0.0,0.008196774,0
0.0,0.0067700045,0
0.0,0.0042845444,0
0.0,0.0053973696,0
0.0,0.0043286365,0
0.0,0.0062031876,0
0.0,0.0069666808,0
0.0,0.0060380255,0
1.0,0.9269931,0
1.0,0.8587508,0
0.0,0.009787139,0
0.0,0.011300066,0
0.0,0.007494972,0
0.0,0.0053367214,0
0.0,0.0054833665,0
0.0,0.0070244693,0
0.0,0.0046847877,0
0.0,0.056790933,0
0.0,0.0056906887,0
0.0,0.00414293,0
0.0,0.0054075336,0
1.0,0.9258015,0
0.0,0.00619599,0
0.0,0.006441504,0
0.0,0.0075098486,0
0.0,0.009331159,0
0.0,0.0033037127,0
0.0,0.003303719,0
0.0,0.0037402539,0
0.0,0.00851505,0
0.0,0.004275603,0
0.0,0.009878279,0
0.0,0.0048751333,0
0.0,0.036232118,0
0.0,0.007864687,0
0.0,0.010569352,0
0.0,0.005252253,0
0.0,0.0047018323,0
0.0,0.013215085,0
0.0,0.0066760955,0
0.0,0.0066326465,0
0.0,0.0075839856,0
0.0,0.005593632,0
0.0,0.0053982446,0
0.0,0.029090097,0
0.0,0.0090262145,0
0.0,0.005525464,0
0.0,0.009098289,0
0.0,0.0072172903,0
1.0,0.9269931,0
0.0,0.0073716706,0
0.0,0.009536023,0
0.0,0.0053693103,0
0.0,0.005622827,0
0.0,0.0041195177,0
0.0,0.009257389,0
0.0,0.0037555138,0
0.0,0.0034918198,0
0.0,0.005483192,0
0.0,0.006243265,0
0.0,0.013040415,0
0.0,0.0039669606,0
0.0,0.009281693,0
0.0,0.005748864,0
0.0,0.0067186346,0
0.0,0.33040223,0
0.0,0.005594648,0
0.0,0.017562404,0
0.0,0.003259827,0
0.0,0.0046363967,0
0.0,0.0050076703,0
0.0,0.0057655876,0
0.0,0.003960082,0
0.0,0.004881228,0
0.0,0.0040264553,0
0.0,0.12183988,0
0.0,0.005350179,0
0.0,0.0055746995,0
0.0,0.014615244,0
0.0,0.005020583,0
0.0,0.16516714,0
0.0,0.0045843385,0
0.0,0.008963914,0
1.0,0.9269931,0
0.0,0.004403354,0
1.0,0.5770229,0
0.0,0.0052891728,0
0.0,0.007188429,0
0.0,0.07295943,0
0.0,0.0058441753,0
0.0,0.0047958526,0
0.0,0.00542023,0
0.0,0.007875768,0
0.0,0.019979792,0
0.0,0.007548313,0
0.0,0.0056279236,0
0.0,0.0071416195,0
0.0,0.024544315,0
0.0,0.01586115,0
0.0,0.050108697,0
0.0,0.017339343,0
0.0,0.019369766,0
0.0,0.0048701554,0
0.0,0.007073286,0
0.0,0.008243431,0
0.0,0.008573687,0
0.0,0.012574875,0
0.0,0.005122077,0
0.0,0.0041337167,0
0.0,0.004714739,0
1.0,0.9269931,0
0.0,0.009504113,0
0.0,0.023838922,0
0.0,0.037962146,0
0.0,0.01708651,0
0.0,0.004764638,0
0.0,0.008030783,0
0.0,0.003668875,0
0.0,0.0055409158,0
1.0,0.61591786,0
0.0,0.0047554756,0
0.0,0.0061751427,0
0.0,0.0059549008,0
0.0,0.009158854,0
0.0,0.005367548,0
0.0,0.005250163,0
0.0,0.0057893214,0
0.0,0.004862427,0
0.0,0.0043183235,0
0.0,0.0054399148,0
0.0,0.011026631,0
0.0,0.0052201627,0
0.0,0.017696312,0
0.0,0.0067498246,0
0.0,0.008863603,0
0.0,0.0064951857,0
0.0,0.0067126676,0
0.0,0.006354914,0
0.0,0.0041139303,0
0.0,0.004910974,0
0.0,0.0061779064,0
0.0,0.003985545,0
1.0,0.9269931,0
0.0,0.00488932,0
0.0,0.0036345236,0
0.0,0.0041908775,0
0.0,0.0047799926,0
0.0,0.008942239,0
0.0,0.007322622,0
0.0,0.008110979,0
0.0,0.0058140415,0
0.0,0.0061311,0
0.0,0.009387795,0
0.0,0.0054855375,0
0.0,0.017446635,0
1.0,0.9269931,1
1.0,0.9269931,1
1.0,0.9269931,1
1.0,0.99337995,1
1.0,0.9572648,1
1.0,0.98556757,1
1.0,0.9498645,1
1.0,0.9947037,1
1.0,0.9903654,1
1.0,0.9887904,1
1.0,0.9848395,1
1.0,0.9722243,1
1.0,0.9917629,1
0.0,0.011772938,1
0.0,0.1018402,1
0.0,0.019225141,1
0.0,0.040675595,1
1.0,0.99309856,1
1.0,0.9923339,1
1.0,0.9917807,1
1.0,0.99077296,1
1.0,0.994494,1
1.0,0.9935743,1
1.0,0.99382293,1
1.0,0.9907162,1
1.0,0.9920725,1
0.0,0.1079016,1
1.0,0.9376086,1
1.0,0.9908847,1
1.0,0.9865193,1
1.0,0.9893611,1
1.0,0.99339277,1
1.0,0.99149513,1
1.0,0.9935521,1
1.0,0.9882278,1
1.0,0.97368085,1
1.0,0.99369836,1
1.0,0.99264234,1
1.0,0.99483454,1
1.0,0.992385,1
1.0,0.9949214,1
1.0,0.99325424,1
1.0,0.8997838,1
1.0,0.990803,1
1.0,0.9937616,1
1.0,0.9944798,1
1.0,0.9938626,1
1.0,0.9939488,1
1.0,0.9839606,1
1.0,0.99334174,1
1.0,0.99467045,1
0.0,0.24955001,1
1.0,0.9617073,1
1.0,0.99150825,1
1.0,0.994011,1
1.0,0.994745,1
1.0,0.99127686,1
1.0,0.9852094,1
1.0,0.9913606,1
1.0,0.9934735,1
1.0,0.99159265,1
1.0,0.992461,1
1.0,0.99108946,1
1.0,0.9938065,1
1.0,0.99073434,1
1.0,0.9936865,1
1.0,0.99185574,1
1.0,0.90406036,1
1.0,0.76700443,1
1.0,0.9783353,1
1.0,0.9895483,1
1.0,0.993299,1
1.0,0.67488134,1
1.0,0.90218645,1
1.0,0.992642,1
1.0,0.9932374,1
1.0,0.98774105,1
1.0,0.9868553,1
0.0,0.048629597,1
1.0,0.9309987,1
1.0,0.85780436,1
1.0,0.9930326,1
1.0,0.99174434,1
1.0,0.9877372,1
1.0,0.99191576,1
1.0,0.99347633,1
1.0,0.9901252,1
1.0,0.9918503,1
1.0,0.99384934,1
1.0,0.98870087,1
0.0,0.18252978,1
1.0,0.97656643,1
1.0,0.9639749,1
1.0,0.9581319,1
1.0,0.99147475,1
1.0,0.9899316,1
1.0,0.92259365,1
1.0,0.9949751,1
1.0,0.99178594,1
1.0,0.99512273,1
1.0,0.9269931,1
1.0,0.9269931,1
1.0,0.9919887,1
1.0,0.99298006,1
1.0,0.9932852,1
1.0,0.86835194,1
1.0,0.9909808,1
1.0,0.9939161,1
1.0,0.985871,1
1.0,0.9922867,1
1.0,0.99320495,1
1.0,0.99242014,1
1.0,0.9938929,1
1.0,0.9920919,1
1.0,0.99171,1
1.0,0.9923645,1
1.0,0.9723904,1
1.0,0.992859,1
1.0,0.98167634,1
1.0,0.8391871,1
1.0,0.96819514,1
1.0,0.994676,1
1.0,0.99202126,1
1.0,0.9921286,1
1.0,0.992199,1
1.0,0.99415576,1
1.0,0.991595,1
1.0,0.9927216,1
1.0,0.9931907,1
1.0,0.9857895,1
1.0,0.9454454,1
1.0,0.99242955,1
1.0,0.98722595,1
1.0,0.994835,1
1.0,0.9951703,1
1.0,0.99493766,1
1.0,0.99387664,1
1.0,0.9906599,1
1.0,0.9927239,1
1.0,0.9888187,1
1.0,0.9910746,1
1.0,0.99226886,1
0.0,0.22577153,1
0.0,0.37022173,1
1.0,0.9944021,1
1.0,0.98791677,1
1.0,0.9949142,1
1.0,0.98036706,1
1.0,0.98031735,1
1.0,0.9847815,1
1.0,0.7610653,1
1.0,0.990191,1
1.0,0.98828226,1
1.0,0.9919058,1
1.0,0.9827236,1
1.0,0.98236924,1
1.0,0.98886967,1
1.0,0.9940673,1
1.0,0.9636385,1
1.0,0.99419606,1
1.0,0.99136215,1
1.0,0.9937523,1
1.0,0.9936119,1
1.0,0.98286384,1
1.0,0.99403584,1
1.0,0.99499893,1
1.0,0.9957295,1
1.0,0.9269931,1
1.0,0.9857013,1
1.0,0.9890562,1
1.0,0.99003863,1
0.0,0.33134246,1
1.0,0.9182621,1
1.0,0.6125986,1
1.0,0.6772428,1
1.0,0.9722653,1
1.0,0.98169965,1
1.0,0.95682675,1
0.0,0.106587425,1
1.0,0.9699128,1
1.0,0.96692586,1
1.0,0.98400164,1
1.0,0.9608606,1
1.0,0.9904204,1
1.0,0.7860618,1
1.0,0.86502564,1
1.0,0.9614933,1
1.0,0.9269931,1
1.0,0.9926475,1
1.0,0.9925546,1
1.0,0.98910195,1
1.0,0.99363744,1
1.0,0.9927816,1
1.0,0.9883459,1
1.0,0.98933864,1
1.0,0.99141395,1
1.0,0.9930253,1
1.0,0.9930688,1
1.0,0.9923389,1
1.0,0.99458635,1
1.0,0.9928582,1
1.0,0.9935453,1
1.0,0.99433434,1
1.0,0.9922516,1
1.0,0.9938625,1
1.0,0.99334866,1
1.0,0.9935401,1
1.0,0.99196273,1
1.0,0.994848,1
1.0,0.9269931,1
1.0,0.9269931,1
1.0,0.99541605,1
1.0,0.98867327,1
1.0,0.9269931,1
1.0,0.9269931,1
0.0,0.49684814,1
1.0,0.98668694,1
1.0,0.9919476,1
1.0,0.9876996,1
1.0,0.92215335,1
1.0,0.956713,1
1.0,0.9850515,1
1.0,0.83079785,1
1.0,0.9887921,1
1.0,0.99321413,1
1.0,0.9800403,1
1.0,0.98975253,1
1.0,0.98836225,1
1.0,0.98926955,1
1.0,0.95458746,1
1.0,0.99178934,1
1.0,0.9269931,1
1.0,0.9269931,1
1.0,0.9269931,1
1.0,0.9269931,1
1.0,0.9543728,1
1.0,0.9922544,1
1.0,0.9896668,1
1.0,0.98695564,1
1.0,0.95216423,1
1.0,0.99085206,1
1.0,0.98850447,1
1.0,0.9565281,1
1.0,0.9921869,1
1.0,0.9549954,1
1.0,0.9269931,1
1.0,0.9269931,1
1.0,0.9866767,1
1.0,0.9927192,1
1.0,0.9269931,1
1.0,0.9269931,1
1.0,0.9269931,1
1.0,0.9269931,1
1.0,0.72636735,1
1.0,0.99090976,1
1.0,0.7999263,1
1.0,0.993164,1
1.0,0.9931171,1
1.0,0.9932082,1
1.0,0.99509746,1
1.0,0.9952494,1
1.0,0.9868274,1
1.0,0.9829858,1
1.0,0.99017817,1
1.0,0.9876323,1
1.0,0.88002104,1
0.0,0.18050441,1
1.0,0.9771747,1
1.0,0.8749214,1
1.0,0.9926743,1
1.0,0.9805424,1
1.0,0.9933888,1
1.0,0.99391186,1
1.0,0.99370074,1
1.0,0.991886,1
1.0,0.99228525,1
1.0,0.99183196,1
1.0,0.9922867,1
1.0,0.99355847,1
1.0,0.9899109,1
1.0,0.99377114,1
1.0,0.98778176,1
1.0,0.9897741,1
1.0,0.98565036,1
1.0,0.968326,1
1.0,0.97435033,1
1.0,0.98906493,1
1.0,0.9803873,1
1.0,0.99266994,1
1.0,0.98979926,1
1.0,0.98872375,1
1.0,0.98086,1
1.0,0.9746901,1
1.0,0.9924436,1
1.0,0.98170096,1
0.0,0.09155021,1
1.0,0.9879183,1
1.0,0.9928871,1
1.0,0.99446094,1
1.0,0.9951497,1
1.0,0.8894658,1
1.0,0.9906121,1
1.0,0.99453944,1
1.0,0.9851849,1
1.0,0.99144226,1
1.0,0.994494,1
1.0,0.9938736,1
1.0,0.98400253,1
1.0,0.9916807,1
1.0,0.988388,1
1.0,0.97778124,1
1.0,0.99140596,1
1.0,0.9912136,1
1.0,0.9879946,1
1.0,0.9928572,1
1.0,0.9940842,1
1.0,0.9939221,1
0.0,0.004194756,0
0.0,0.004692848,0
0.0,0.007695669,0
0.0,0.005562806,0
0.0,0.021370584,0
0.0,0.006476596,0
0.0,0.0053889747,0
0.0,0.006229558,0
0.0,0.0063912207,0
0.0,0.004015998,0
0.0,0.0071999547,0
0.0,0.0059478623,0
0.0,0.0053913933,0
0.0,0.0047028097,0
0.0,0.004025404,0
0.0,0.004582435,0
0.0,0.003898248,0
0.0,0.010620861,0
0.0,0.0048631537,0
0.0,0.005564959,0
0.0,0.020051634,0
0.0,0.007002996,0
0.0,0.019528618,0
0.0,0.004835409,0
0.0,0.0062565235,0
0.0,0.0073926426,0
0.0,0.0066452026,0
0.0,0.0072753374,0
0.0,0.007081633,0
0.0,0.005300105,0
0.0,0.004717581,0
0.0,0.0037335185,0
0.0,0.008937288,0
1.0,0.6529387,0
0.0,0.0084626665,0
0.0,0.0039038274,0
0.0,0.016257713,0
0.0,0.0056193434,0
0.0,0.00939673,0
0.0,0.0058805807,0
0.0,0.0066195773,0
0.0,0.009591615,0
0.0,0.005345567,0
0.0,0.017513618,0
0.0,0.022615295,0
0.0,0.020636179,0
0.0,0.0085807955,0
0.0,0.0037997153,0
0.0,0.014804424,0
0.0,0.011595667,0
0.0,0.009191483,0
0.0,0.009243929,0
0.0,0.0053005675,0
0.0,0.005604575,0
0.0,0.005982516,0
0.0,0.010476359,0
0.0,0.00391493,0
0.0,0.005829491,0
0.0,0.011918408,0
0.0,0.0050934693,0
0.0,0.013423077,0
0.0,0.008070011,0
0.0,0.012667784,0
0.0,0.007473323,0
0.0,0.011498932,0
0.0,0.005188576,0
0.0,0.004747194,0
0.0,0.005257031,0
0.0,0.006569045,0
0.0,0.0047028223,0
0.0,0.005961408,0
0.0,0.005372647,0
0.0,0.00609936,0
0.0,0.0046054632,0
0.0,0.009106535,0
0.0,0.0050128046,0
0.0,0.007307712,0
0.0,0.004847222,0
0.0,0.008875252,0
1.0,0.9269931,0
0.0,0.14487915,0
0.0,0.004500952,0
0.0,0.02700841,0
0.0,0.0064685806,0
0.0,0.010587247,0
0.0,0.0035038132,0
0.0,0.011655686,0
0.0,0.005569286,0
0.0,0.42933586,0
0.0,0.005598315,0
0.0,0.008605383,0
0.0,0.006272984,0
0.0,0.0074987854,0
0.0,0.0054868204,0
0.0,0.009248458,0
0.0,0.02599512,0
0.0,0.0034934161,0
0.0,0.0076178103,0
0.0,0.006688845,0
0.0,0.0034918347,0
0.0,0.006748124,0
0.0,0.004222769,0
0.0,0.006530517,0
0.0,0.004581365,0
0.0,0.0101803765,0
0.0,0.006209508,0
0.0,0.0038665393,0
0.0,0.0075762407,0
0.0,0.0037785084,0
0.0,0.0071405643,0
0.0,0.0053960127,0
0.0,0.00506752,0
0.0,0.022918217,0
0.0,0.004826587,0
0.0,0.0049065743,0
0.0,0.0055363276,0
0.0,0.0041927644,0
0.0,0.0042669643,0
0.0,0.005326885,0
0.0,0.008390985,0
0.0,0.004681751,0
0.0,0.0066984138,0
0.0,0.009265203,0
0.0,0.1640192,0
0.0,0.0038495813,0
0.0,0.0072421003,0
0.0,0.004920722,0
0.0,0.0057590613,0
0.0,0.0055682957,0
0.0,0.011502934,0
0.0,0.113874696,0
0.0,0.0040614177,0
0.0,0.1435565,0
0.0,0.07848677,0
0.0,0.004629925,0
0.0,0.019235184,0
0.0,0.004074369,0
0.0,0.005847973,0
0.0,0.006587475,0
0.0,0.009307001,0
0.0,0.0132949455,0
0.0,0.006764658,0
0.0,0.071288146,0
0.0,0.017769001,0
0.0,0.0041368194,0
0.0,0.006804179,0
0.0,0.0042695007,0
0.0,0.004678639,0
0.0,0.010260633,0
0.0,0.08423272,0
0.0,0.006678702,0
0.0,0.008180888,0
0.0,0.008272525,0
0.0,0.005919773,0
0.0,0.007236428,0
0.0,0.0059593683,0
0.0,0.008856048,0
0.0,0.019728752,0
0.0,0.007969999,0
0.0,0.005845752,0
0.0,0.010367251,0
0.0,0.0053484486,0
0.0,0.006866694,0
0.0,0.0052884677,0
1.0,0.9866101,0
0.0,0.0035578145,0
0.0,0.005841254,0
0.0,0.0072139353,0
0.0,0.005546126,0
0.0,0.009805816,0
0.0,0.005747516,0
0.0,0.026860418,0
0.0,0.0076957233,0
0.0,0.0038182177,0
0.0,0.01177832,0
0.0,0.0077055073,0
0.0,0.006030412,0
0.0,0.19554932,0
0.0,0.014053884,0
0.0,0.025075696,0
0.0,0.0057741194,0
0.0,0.004074965,0
0.0,0.005032674,0
0.0,0.008074557,0
0.0,0.006249128,0
0.0,0.010559638,0
0.0,0.0048486944,0
0.0,0.004299196,0
0.0,0.008761255,0
0.0,0.003470496,0
0.0,0.05696482,0
0.0,0.0045422246,0
0.0,0.007113483,0
0.0,0.20184983,0
0.0,0.0062823985,0
0.0,0.004648101,0
0.0,0.004952895,0
0.0,0.005978,0
0.0,0.057158936,0
0.0,0.008333488,0
0.0,0.004258457,0
0.0,0.0050674817,0
0.0,0.0068170424,0
0.0,0.006935284,0
0.0,0.01636524,0
0.0,0.004600104,0
0.0,0.0053034998,0
0.0,0.00564912,0
0.0,0.014925379,0
0.0,0.0052082837,0
0.0,0.013067336,0
0.0,0.011078647,0
0.0,0.0044600302,0
0.0,0.0162313,0
0.0,0.006457727,0
0.0,0.009256007,0
0.0,0.004465087,0
0.0,0.0032539808,0
0.0,0.006202688,0
0.0,0.0054092696,0
0.0,0.0044882437,0
0.0,0.006113147,0
0.0,0.004570032,0
0.0,0.0057873754,0
0.0,0.0056740628,0
0.0,0.0048131007,0
0.0,0.0069865882,0
0.0,0.0036808096,0
0.0,0.0056102485,0
0.0,0.0055649276,0
0.0,0.0053382455,0
0.0,0.016907144,0
0.0,0.007022248,0
0.0,0.0070190337,0
0.0,0.011160257,0
0.0,0.0060540265,0
0.0,0.009973556,0
0.0,0.0062693944,0
0.0,0.009813565,0
0.0,0.0045520803,0
0.0,0.005053111,0
0.0,0.006194305,0
0.0,0.006888137,0
0.0,0.0055989497,0
0.0,0.0047452403,0
0.0,0.0068441406,0
0.0,0.0059714643,0
0.0,0.006192039,0
0.0,0.005821604,0
0.0,0.0060743177,0
0.0,0.00692517,0
0.0,0.010924939,0
0.0,0.0067503653,0
0.0,0.009269309,0
0.0,0.0067446125,0
0.0,0.015966289,0
0.0,0.018600017,0
0.0,0.02801848,0
0.0,0.005895276,0
0.0,0.011393315,0
0.0,0.004045777,0
0.0,0.007046235,0
0.0,0.005769911,0
0.0,0.008182421,0
0.0,0.004595142,0
0.0,0.00796384,0
0.0,0.0065930253,0
0.0,0.0133865755,0
0.0,0.005932891,0
0.0,0.007901861,0
0.0,0.004626889,0
1.0,0.988789,1
1.0,0.8944375,1
1.0,0.9884813,1
1.0,0.954656,1
1.0,0.9949521,1
1.0,0.98979646,1
1.0,0.993232,1
1.0,0.9895956,1
1.0,0.9722306,1
1.0,0.9083642,1
1.0,0.9839166,1
1.0,0.8986984,1
1.0,0.96803045,1
1.0,0.81064296,1
1.0,0.9865426,1
1.0,0.8300274,1
0.0,0.03579772,1
1.0,0.8206425,1
1.0,0.9613648,1
1.0,0.9897154,1
1.0,0.9877628,1
1.0,0.99479043,1
1.0,0.97041893,1
1.0,0.991814,1
1.0,0.993624,1
1.0,0.99033374,1
1.0,0.98865604,1
1.0,0.9927902,1
1.0,0.9923556,1
1.0,0.99052435,1
1.0,0.67117244,1
1.0,0.99014014,1
1.0,0.99330336,1
1.0,0.99400526,1
1.0,0.9922714,1
1.0,0.9936801,1
1.0,0.9890211,1
1.0,0.99262553,1
1.0,0.9774498,1
1.0,0.99234515,1
1.0,0.99511236,1
1.0,0.9724654,1
1.0,0.9921713,1
1.0,0.9923914,1
1.0,0.96178895,1
1.0,0.99106055,1
1.0,0.9942457,1
1.0,0.9927838,1
1.0,0.82008284,1
1.0,0.9942473,1
1.0,0.99317026,1
1.0,0.98024094,1
1.0,0.9792885,1
1.0,0.99171364,1
1.0,0.98616993,1
1.0,0.9939512,1
1.0,0.99342006,1
1.0,0.9936952,1
1.0,0.9920277,1
1.0,0.9222048,1
1.0,0.9937529,1
1.0,0.9949968,1
1.0,0.9918058,1
1.0,0.9771534,1
1.0,0.9942497,1
1.0,0.9833166,1
1.0,0.98528415,1
1.0,0.98992085,1
1.0,0.99527365,1
1.0,0.9956655,1
1.0,0.99364847,1
1.0,0.9945963,1
1.0,0.99247026,1
1.0,0.9909827,1
1.0,0.9934969,1
1.0,0.9911754,1
1.0,0.9828264,1
1.0,0.97880816,1
1.0,0.9869739,1
1.0,0.98486286,1
1.0,0.99244,1
1.0,0.9898726,1
1.0,0.9943289,1
1.0,0.9944002,1
1.0,0.99437237,1
1.0,0.99433136,1
1.0,0.9949733,1
1.0,0.94509315,1
1.0,0.9891999,1
1.0,0.80235255,1
1.0,0.97663295,1
1.0,0.9947988,1
1.0,0.9942168,1
1.0,0.9937955,1
1.0,0.9938206,1
1.0,0.97330487,1
1.0,0.9844242,1
1.0,0.99449134,1
1.0,0.9929858,1
1.0,0.9924229,1
1.0,0.9936102,1
1.0,0.9942021,1
1.0,0.9923496,1
1.0,0.99394506,1
1.0,0.99473214,1
1.0,0.98963356,1
1.0,0.9951692,1
1.0,0.99303997,1
1.0,0.99107975,1
1.0,0.9947154,1
1.0,0.993803,1
1.0,0.9888637,1
1.0,0.99489516,1
0.0,0.1356819,1
0.0,0.08918096,1
1.0,0.98529714,1
1.0,0.9877007,1
1.0,0.9880369,1
1.0,0.96334124,1
0.0,0.011464873,1
1.0,0.5747226,1
1.0,0.99015826,1
1.0,0.9936673,1
1.0,0.993298,1
1.0,0.9944108,1
1.0,0.9944886,1
1.0,0.61926514,1
1.0,0.99225616,1
1.0,0.98017484,1
1.0,0.93926483,1
1.0,0.8772751,1
1.0,0.9901714,1
1.0,0.7476498,1
1.0,0.9871471,1
1.0,0.9929415,1
1.0,0.99247,1
1.0,0.9940526,1
1.0,0.9948539,1
1.0,0.9955848,1
1.0,0.9947531,1
1.0,0.51217836,1
1.0,0.89473486,1
1.0,0.5118747,1
1.0,0.952408,1
1.0,0.98643655,1
1.0,0.90209514,1
1.0,0.9917209,1
1.0,0.9917134,1
1.0,0.9855735,1
1.0,0.78984106,1
1.0,0.98521924,1
1.0,0.99359643,1
1.0,0.99199694,1
1.0,0.9919813,1
1.0,0.898514,1
1.0,0.9939878,1
1.0,0.99455935,1
1.0,0.9269931,1
1.0,0.90434474,1
0.0,0.45359036,1
1.0,0.93116194,1
1.0,0.97484946,1
1.0,0.7558349,1
1.0,0.98491096,1
1.0,0.99114347,1
1.0,0.9941011,1
1.0,0.98983616,1
1.0,0.8212819,1
1.0,0.99510914,1
1.0,0.9928924,1
1.0,0.99321294,1
1.0,0.99391454,1
1.0,0.9943327,1
1.0,0.99383956,1
1.0,0.98531485,1
1.0,0.9855182,1
1.0,0.99246687,1
1.0,0.9926379,1
1.0,0.99493176,1
1.0,0.9864172,1
1.0,0.9873815,1
1.0,0.9920849,1
1.0,0.98287636,1
1.0,0.96855867,1
1.0,0.9934216,1
1.0,0.9106051,1
1.0,0.98295236,1
1.0,0.9876818,1
1.0,0.9843842,1
1.0,0.992826,1
1.0,0.986655,1
1.0,0.99282455,1
1.0,0.9897906,1
1.0,0.9742387,1
1.0,0.9699144,1
1.0,0.9922916,1
0.0,0.32840648,1
1.0,0.9939652,1
1.0,0.97842145,1
1.0,0.98962796,1
1.0,0.9784646,1
1.0,0.9856353,1
1.0,0.9819532,1
1.0,0.8975252,1
1.0,0.9852926,1
1.0,0.92227036,1
1.0,0.9929261,1
1.0,0.99190384,1
1.0,0.983328,1
1.0,0.9933175,1
1.0,0.99018085,1
1.0,0.9853775,1
1.0,0.99463224,1
1.0,0.99476177,1
0.0,0.18293276,1
1.0,0.9929443,1
1.0,0.99355245,1
1.0,0.99119407,1
1.0,0.7312643,1
1.0,0.9894009,1
1.0,0.9938139,1
1.0,0.99262816,1
1.0,0.9936761,1
1.0,0.9944518,1
1.0,0.9934408,1
1.0,0.9916859,1
1.0,0.9874604,1
1.0,0.9741366,1
1.0,0.9847081,1
1.0,0.9914937,1
1.0,0.9902728,1
1.0,0.99215573,1
1.0,0.9867236,1
1.0,0.99332184,1
1.0,0.98228735,1
1.0,0.99275666,1
1.0,0.99103504,1
1.0,0.9933976,1
1.0,0.98884773,1
1.0,0.9908342,1
1.0,0.9846911,1
1.0,0.9761233,1
1.0,0.99320215,1
1.0,0.9823675,1
1.0,0.9942642,1
1.0,0.99352324,1
1.0,0.99296314,1
1.0,0.992278,1
1.0,0.99182534,1
1.0,0.9785982,1
1.0,0.99179053,1
1.0,0.99143535,1
1.0,0.9889558,1
1.0,0.9940958,1
1.0,0.9917789,1
1.0,0.9850535,1
1.0,0.97967327,1
0.0,0.3183901,1
1.0,0.99517447,1
1.0,0.9950578,1
1.0,0.9945914,1
1.0,0.99278873,1
1.0,0.99363554,1
1.0,0.99088883,1
1.0,0.9935789,1
1.0,0.9926582,1
1.0,0.9936568,1
1.0,0.99376243,1
1.0,0.9943047,1
1.0,0.99334115,1
1.0,0.9944037,1
1.0,0.99385273,1
0.0,0.24967307,1
1.0,0.9906404,1
1.0,0.9931283,1
1.0,0.9934377,1
1.0,0.99149466,1
1.0,0.9865189,1
1.0,0.8915973,1
1.0,0.993573,1
1.0,0.988801,1
1.0,0.9928947,1
1.0,0.9939859,1
1.0,0.9934417,1
1.0,0.9814152,1
1.0,0.9914057,1
1.0,0.99238455,1
1.0,0.99339116,1
1.0,0.9484867,1
1.0,0.99172896,1
1.0,0.98954505,1
1.0,0.98791856,1
1.0,0.9937402,1
1.0,0.9868918,1
1.0,0.95865864,1
1.0,0.976111,1
1.0,0.9909416,1
1.0,0.9949189,1
1.0,0.77356523,1
1.0,0.99286413,1
1.0,0.99132127,1
0.0,0.34357515,1
1.0,0.9108785,1
1.0,0.9914023,1
1.0,0.9940181,1
1.0,0.9933202,1
1.0,0.99423814,1
1.0,0.9937262,1
1.0,0.9933194,1
1.0,0.99353194,1
1.0,0.99346256,1
1.0,0.99249107,1
1.0,0.9643414,1
1.0,0.9920465,1
1.0,0.9932121,1
1.0,0.9922903,1
1.0,0.992358,1
1.0,0.9910609,1
1.0,0.9890364,1
1.0,0.99415165,1
1.0,0.9916025,1
0.0,0.007390537,0
1.0,0.8848648,0
0.0,0.006604756,0
0.0,0.004182878,0
0.0,0.0068240445,0
0.0,0.0052485196,0
0.0,0.0052407556,0
0.0,0.003597173,0
0.0,0.0081394315,0
0.0,0.007553061,0
0.0,0.006478017,0
0.0,0.014030705,0
0.0,0.006729906,0
0.0,0.009948454,0
0.0,0.007061508,0
0.0,0.008245299,0
0.0,0.00400393,0
0.0,0.005470421,0
0.0,0.005939005,0
0.0,0.0044405437,0
0.0,0.19419129,0
0.0,0.005013985,0
0.0,0.0055946023,0
0.0,0.009425029,0
0.0,0.037050325,0
0.0,0.011050681,0
0.0,0.0047495817,0
0.0,0.0062516634,0
0.0,0.0038290203,0
0.0,0.004546711,0
1.0,0.9269931,0
0.0,0.0057436773,0
0.0,0.0050484575,0
1.0,0.52613413,0
0.0,0.00579054,0
0.0,0.0037948359,0
0.0,0.0075773206,0
0.0,0.006330134,0
0.0,0.037986342,0
0.0,0.008527962,0
0.0,0.0044651446,0
0.0,0.12986448,0
0.0,0.007914699,0
0.0,0.006687011,0
0.0,0.0059600635,0
0.0,0.013524756,0
0.0,0.0097825,0
0.0,0.009242513,0
0.0,0.0043571764,0
0.0,0.005818,0
0.0,0.31756875,0
0.0,0.007329058,0
0.0,0.007879054,0
0.0,0.0056203566,0
0.0,0.0054321424,0
0.0,0.0050534415,0
0.0,0.007966833,0
0.0,0.0062330132,0
0.0,0.028158508,0
0.0,0.009304101,0
0.0,0.0060554384,0
0.0,0.0036572616,0
0.0,0.078076795,0
0.0,0.004591252,0
0.0,0.0052711256,0
0.0,0.0036301403,0
0.0,0.024648922,0
0.0,0.009509111,0
0.0,0.0049543288,0
0.0,0.004539328,0
0.0,0.0037804618,0
0.0,0.012239299,0
0.0,0.08822434,0
0.0,0.0063911034,0
0.0,0.007490433,0
0.0,0.0038785913,0
0.0,0.00669358,0
0.0,0.011766959,0
0.0,0.01942551,0
0.0,0.020003092,0
0.0,0.023999402,0
0.0,0.005920524,0
0.0,0.13240409,0
0.0,0.0075848824,0
0.0,0.36858562,0
0.0,0.006590237,0
0.0,0.010903443,0
0.0,0.0066610957,0
0.0,0.005006302,0
1.0,0.80292517,0
0.0,0.0054664616,0
0.0,0.0052644014,0
0.0,0.1394834,0
0.0,0.0046561286,0
0.0,0.08248205,0
0.0,0.023487737,0
0.0,0.004940504,0
0.0,0.0053466735,0
0.0,0.030670771,0
0.0,0.015264862,0
0.0,0.014783533,0
0.0,0.005089205,0
0.0,0.008994928,0
0.0,0.005062474,0
0.0,0.004466446,0
0.0,0.010148302,0
0.0,0.005405354,0
0.0,0.0036624554,0
0.0,0.007873472,0
0.0,0.008194837,0
0.0,0.0052223844,0
0.0,0.019187648,0
0.0,0.005470055,0
0.0,0.0044946996,0
0.0,0.009344366,0
0.0,0.003772382,0
0.0,0.011482271,0
0.0,0.0044326587,0
0.0,0.0045529394,0
0.0,0.0040019164,0
0.0,0.005929461,0
0.0,0.008170634,0
0.0,0.004463809,0
0.0,0.016995711,0
0.0,0.021211062,0
0.0,0.0058287014,0
0.0,0.024617301,0
0.0,0.006244043,0
0.0,0.0060827434,0
0.0,0.0058945636,0
0.0,0.011972971,0
0.0,0.008029757,0
0.0,0.3745864,0
0.0,0.008030011,0
0.0,0.0847869,0
0.0,0.004633777,0
0.0,0.0075444384,0
0.0,0.00402298,0
0.0,0.020457592,0
0.0,0.13694623,0
0.0,0.0053318082,0
0.0,0.0060762838,0
0.0,0.0048426148,0
0.0,0.00771895,0
0.0,0.005126307,0
0.0,0.008468887,0
0.0,0.008347509,0
0.0,0.014278921,0
0.0,0.0043213917,0
0.0,0.004855685,0
0.0,0.008200023,0
0.0,0.010239599,0
0.0,0.0087298965,0
0.0,0.005380945,0
0.0,0.008579269,0
0.0,0.0064775874,0
0.0,0.008252497,0
0.0,0.031878952,0
0.0,0.21088788,0
0.0,0.008409737,0
0.0,0.0052500237,0
0.0,0.004625906,0
0.0,0.00424939,0
0.0,0.030622251,0
0.0,0.0057713496,0
0.0,0.020237893,0
0.0,0.0050063874,0
0.0,0.0072705247,0
0.0,0.00557044,0
0.0,0.01629225,0
0.0,0.005830196,0
0.0,0.009373854,0
0.0,0.008189498,0
0.0,0.0063660103,0
0.0,0.0057805777,0
0.0,0.0038962248,0
0.0,0.0042529106,0
0.0,0.0062844916,0
0.0,0.004096592,0
0.0,0.0062265927,0
0.0,0.00373074,0
0.0,0.004433957,0
0.0,0.004536136,0
0.0,0.006761371,0
0.0,0.0100282775,0
0.0,0.03516512,0
0.0,0.044119604,0
0.0,0.030253505,0
0.0,0.007277711,0
0.0,0.005950186,0
0.0,0.004110952,0
0.0,0.009310752,0
0.0,0.034079343,0
0.0,0.004244748,0
0.0,0.3448568,0
0.0,0.0061263135,0
0.0,0.004724545,0
0.0,0.0053428705,0
0.0,0.0053028376,0
0.0,0.006952346,0
0.0,0.029317698,0
0.0,0.009747701,0
0.0,0.028699469,0
0.0,0.006037719,0
1.0,0.9269931,0
0.0,0.0071158204,0
0.0,0.018339422,0
0.0,0.0051870868,0
0.0,0.0055864966,0
0.0,0.0061343643,0
0.0,0.0036133942,0
0.0,0.0058597527,0
0.0,0.0073967166,0
0.0,0.0058298535,0
0.0,0.004203987,0
0.0,0.0053260885,0
0.0,0.005482404,0
0.0,0.00716304,0
0.0,0.03860847,0
0.0,0.0067117712,0
0.0,0.0052252538,0
0.0,0.05757018,0
0.0,0.0054291855,0
0.0,0.005883829,0
0.0,0.009717314,0
0.0,0.28963104,0
0.0,0.007178693,0
0.0,0.0046979105,0
0.0,0.0058024335,0
0.0,0.006328136,0
0.0,0.0044983183,0
0.0,0.012828289,0
0.0,0.0066281776,0
0.0,0.0043228897,0
0.0,0.005760454,0
0.0,0.0037700497,0
0.0,0.07307677,0
0.0,0.004533187,0
0.0,0.008682964,0
0.0,0.010198123,0
0.0,0.0048188088,0
0.0,0.0076150633,0
0.0,0.005812724,0
0.0,0.004003106,0
0.0,0.004717263,0
0.0,0.0072799088,0
0.0,0.016527928,0
0.0,0.012470348,0
0.0,0.0063828295,0
0.0,0.0066948165,0
0.0,0.006433486,0
0.0,0.008486278,0
0.0,0.0045945263,0
0.0,0.0033662478,0
0.0,0.005343902,0
0.0,0.0046980376,0
0.0,0.025653314,0
0.0,0.003580447,0
0.0,0.003974223,0
0.0,0.0077476804,0
0.0,0.0061292876,0
0.0,0.008250562,0
0.0,0.0069657573,0
1.0,0.74660605,0
0.0,0.0076018143,0
0.0,0.00673475,0
0.0,0.01063728,0
0.0,0.008226657,0
0.0,0.017841175,0
0.0,0.009299882,0
0.0,0.008072797,0
0.0,0.2844037,0
0.0,0.030496575,0
0.0,0.006709591,0
0.0,0.015903434,0
0.0,0.0049372544,0
0.0,0.027475659,0
0.0,0.0074154213,0
0.0,0.0031282476,0
0.0,0.005630978,0
0.0,0.0047447514,0
0.0,0.021293165,0
0.0,0.006798459,0
0.0,0.0071293223,0
0.0,0.0043360675,0
0.0,0.0044287527,0
0.0,0.0053712972,0
0.0,0.0044098347,0
0.0,0.0062733404,0
0.0,0.0058483523,0
0.0,0.011911104,0
0.0,0.14291985,0
0.0,0.007436749,0
0.0,0.005420245,0
0.0,0.0066422764,0
0.0,0.0033842542,0
0.0,0.0067721726,0
0.0,0.03572838,0
1.0,0.955466,0
0.0,0.00948363,0
0.0,0.00698059,0
0.0,0.0045261383,0
0.0,0.009194963,0
0.0,0.019158691,0
0.0,0.004565687,0
0.0,0.017410895,0
1.0,0.7960795,0
0.0,0.016729645,0
0.0,0.007659196,0
0.0,0.005406828,0
0.0,0.0083008725,0
0.0,0.004920535,0
0.0,0.0041761696,0
0.0,0.0076602106,0
0.0,0.10544846,0
0.0,0.02780052,0
0.0,0.39038095,0
0.0,0.032936353,1
0.0,0.13833578,1
1.0,0.95334655,1
1.0,0.9906284,1
1.0,0.9921914,1
1.0,0.99481285,1
1.0,0.99113137,1
0.0,0.14031272,1
1.0,0.99223447,1
1.0,0.98578995,1
1.0,0.99397004,1
1.0,0.99354494,1
1.0,0.99378127,1
1.0,0.99435705,1
1.0,0.98555136,1
1.0,0.98486614,1
1.0,0.99183136,1
1.0,0.99175245,1
1.0,0.9945051,1
1.0,0.9924757,1
1.0,0.99300635,1
1.0,0.99269694,1
1.0,0.9955434,1
1.0,0.9924688,1
1.0,0.8976678,1
1.0,0.9485087,1
1.0,0.945859,1
1.0,0.9809321,1
1.0,0.9546812,1
1.0,0.98494095,1
1.0,0.9917727,1
1.0,0.7251742,1
1.0,0.90255785,1
1.0,0.99206865,1
1.0,0.99489826,1
1.0,0.92578477,1
1.0,0.99478805,1
1.0,0.97732484,1
1.0,0.99113804,1
0.0,0.1630438,1
1.0,0.9885964,1
1.0,0.99315614,1
1.0,0.991032,1
1.0,0.9920547,1
1.0,0.979259,1
1.0,0.99294925,1
1.0,0.9910222,1
1.0,0.9935545,1
1.0,0.9871293,1
1.0,0.9906093,1
1.0,0.9716565,1
1.0,0.9920189,1
0.0,0.42434505,1
1.0,0.9907659,1
1.0,0.99467885,1
1.0,0.99220794,1
1.0,0.9944819,1
1.0,0.9939173,1
1.0,0.9937453,1
1.0,0.9937489,1
1.0,0.9916454,1
1.0,0.9947318,1
0.0,0.010547811,1
1.0,0.9808991,1
0.0,0.019533776,1
1.0,0.8897292,1
1.0,0.99307173,1
1.0,0.9911646,1
1.0,0.9898824,1
1.0,0.9950289,1
1.0,0.99210984,1
1.0,0.9951485,1
1.0,0.993537,1
1.0,0.9937575,1
1.0,0.99403137,1
1.0,0.99355775,1
1.0,0.9924076,1
1.0,0.9831315,1
1.0,0.99449027,1
1.0,0.9942748,1
1.0,0.9946649,1
1.0,0.99548185,1
1.0,0.9932767,1
1.0,0.99419326,1
1.0,0.9689689,1
1.0,0.99529207,1
1.0,0.991235,1
1.0,0.99444467,1
1.0,0.99362177,1
1.0,0.9937071,1
1.0,0.9932735,1
1.0,0.99140584,1
1.0,0.9932318,1
1.0,0.9933195,1
1.0,0.984906,1
1.0,0.9942735,1
1.0,0.9903932,1
1.0,0.9426316,1
1.0,0.9936871,1
1.0,0.97617644,1
0.0,0.048293166,1
1.0,0.993148,1
0.0,0.01982458,1
1.0,0.98800683,1
1.0,0.9939322,1
1.0,0.99519783,1
1.0,0.9941433,1
1.0,0.99487877,1
1.0,0.9934348,1
1.0,0.99396557,1
1.0,0.99467874,1
1.0,0.9937317,1
1.0,0.9898371,1
1.0,0.9243102,1
1.0,0.9877801,1
1.0,0.9854498,1
0.0,0.38273895,1
0.0,0.18915229,1
1.0,0.993522,1
1.0,0.9668951,1
1.0,0.990746,1
1.0,0.98270214,1
1.0,0.97058773,1
1.0,0.8404665,1
1.0,0.96365356,1
1.0,0.9786064,1
1.0,0.9923495,1
1.0,0.98185396,1
1.0,0.9923224,1
1.0,0.9924285,1
1.0,0.9925874,1
1.0,0.9945851,1
1.0,0.9934597,1
1.0,0.9853007,1
1.0,0.9756414,1
1.0,0.94816774,1
1.0,0.9921355,1
1.0,0.9948537,1
1.0,0.99071574,1
1.0,0.99469084,1
1.0,0.99504507,1
1.0,0.9951218,1
1.0,0.99434537,1
1.0,0.9948881,1
1.0,0.99500173,1
1.0,0.9956806,1
1.0,0.99316555,1
1.0,0.9943909,1
1.0,0.9521772,1
1.0,0.9899456,1
1.0,0.9929541,1
1.0,0.9898593,1
1.0,0.994776,1
0.0,0.42345664,1
1.0,0.9888431,1
1.0,0.989589,1
1.0,0.6300986,1
0.0,0.037990138,1
1.0,0.9904461,1
1.0,0.9929547,1
1.0,0.99010617,1
1.0,0.99204963,1
1.0,0.9906562,1
1.0,0.99352634,1
1.0,0.9908121,1
1.0,0.9924211,1
1.0,0.99228376,1
1.0,0.9935231,1
1.0,0.9937465,1
1.0,0.9949144,1
1.0,0.99302095,1
1.0,0.9935353,1
1.0,0.9890989,1
1.0,0.97790754,1
1.0,0.9936187,1
1.0,0.9942316,1
1.0,0.99042773,1
1.0,0.97895205,1
1.0,0.9936743,1
1.0,0.9934232,1
1.0,0.9723664,1
1.0,0.98843145,1
1.0,0.9917915,1
1.0,0.99064565,1
1.0,0.99158055,1
1.0,0.99189746,1
1.0,0.9952678,1
1.0,0.99376255,1
1.0,0.9944021,1
1.0,0.99350727,1
1.0,0.9842509,1
1.0,0.9935557,1
1.0,0.99278015,1
1.0,0.9933877,1
1.0,0.96439594,1
1.0,0.5532314,1
1.0,0.9923354,1
0.0,0.009624966,1
1.0,0.6332416,1
1.0,0.62800884,1
0.0,0.44029424,1
0.0,0.09941963,1
1.0,0.9851098,1
1.0,0.98969764,1
1.0,0.9797721,1
1.0,0.98991513,1
1.0,0.9929531,1
1.0,0.99376667,1
1.0,0.991071,1
1.0,0.99291635,1
1.0,0.9950648,1
1.0,0.9925563,1
1.0,0.97929525,1
1.0,0.9858138,1
1.0,0.9938484,1
1.0,0.9879693,1
1.0,0.9935402,1
1.0,0.9933895,1
1.0,0.9946943,1
1.0,0.9847621,1
1.0,0.9894968,1
1.0,0.9388747,1
1.0,0.99408937,1
1.0,0.9931852,1
1.0,0.9750447,1
1.0,0.9726169,1
1.0,0.9654298,1
1.0,0.9796484,1
1.0,0.9446052,1
0.0,0.10293038,1
0.0,0.21855511,1
1.0,0.9849871,1
1.0,0.9868854,1
1.0,0.95821905,1
1.0,0.92673266,1
1.0,0.99148554,1
1.0,0.9829096,1
1.0,0.98361546,1
1.0,0.9810144,1
0.0,0.05470896,1
1.0,0.99356997,1
1.0,0.985129,1
1.0,0.98705286,1
1.0,0.8635071,1
1.0,0.56353813,1
0.0,0.10713091,1
1.0,0.99332,1
1.0,0.99341136,1
1.0,0.99228764,1
1.0,0.99207765,1
1.0,0.9919653,1
1.0,0.99188095,1
1.0,0.99256414,1
1.0,0.8290443,1
1.0,0.97429365,1
1.0,0.9717268,1
0.0,0.006358182,0
0.0,0.0049070744,0
0.0,0.0049156393,0
0.0,0.005551285,0
0.0,0.008125485,0
0.0,0.005737383,0
0.0,0.02859999,0
0.0,0.008831985,0
0.0,0.0058683143,0
0.0,0.007943366,0
0.0,0.0057489057,0
0.0,0.075879425,0
0.0,0.004552373,0
0.0,0.0060412087,0
0.0,0.0063837827,0
0.0,0.008671853,0
0.0,0.0065279743,0
0.0,0.009242321,0
0.0,0.0046633207,0
0.0,0.0053205667,0
0.0,0.011761222,0
0.0,0.006044788,0
0.0,0.0056072227,0
0.0,0.024632394,0
0.0,0.0065420787,0
0.0,0.010070663,0
0.0,0.005846839,0
0.0,0.0062535214,0
0.0,0.0076606274,0
0.0,0.0059145917,0
0.0,0.006111606,0
0.0,0.006191382,0
0.0,0.008000761,0
0.0,0.0042882245,0
0.0,0.005382221,0
0.0,0.0054853223,0
0.0,0.0077693537,0
0.0,0.005375308,0
0.0,0.037963912,0
0.0,0.0048219725,0
0.0,0.0054511465,0
0.0,0.0049662823,0
0.0,0.0064608967,0
0.0,0.0055754296,0
0.0,0.005109544,0
0.0,0.00939871,0
0.0,0.0059030526,0
0.0,0.004827101,0
0.0,0.006445424,0
0.0,0.008455595,0
0.0,0.0035611093,0
0.0,0.008862799,0
0.0,0.0158621,0
0.0,0.006759636,0
0.0,0.0071622725,0
0.0,0.005214572,0
0.0,0.15367225,0
0.0,0.0053793406,0
0.0,0.006170644,0
0.0,0.0051104142,0
0.0,0.0039730077,0
0.0,0.007706973,0
0.0,0.006126023,0
0.0,0.004198945,0
0.0,0.004510461,0
0.0,0.005777112,0
0.0,0.008993992,0
0.0,0.0042540925,0
0.0,0.0055409027,0
0.0,0.004840174,0
0.0,0.009342218,0
0.0,0.0046490934,0
0.0,0.0045516435,0
0.0,0.009148163,0
0.0,0.024519894,0
0.0,0.00583972,0
0.0,0.20916477,0
0.0,0.007855837,0
0.0,0.0052816444,0
0.0,0.0056169224,0
0.0,0.005736281,0
0.0,0.005109442,0
0.0,0.0044306805,0
0.0,0.020197324,0
0.0,0.005646351,0
0.0,0.026059238,0
0.0,0.015175061,0
0.0,0.0048802346,0
0.0,0.0035365496,0
1.0,0.6895313,0
0.0,0.0071322997,0
0.0,0.0072976532,0
0.0,0.0057609864,0
0.0,0.0041647684,0
0.0,0.0054205335,0
0.0,0.0037831184,0
0.0,0.004377047,0
0.0,0.0047054975,0
0.0,0.019019647,0
0.0,0.0069091367,0
0.0,0.0081654815,0
0.0,0.0043290555,0
0.0,0.008608992,0
0.0,0.004341722,0
0.0,0.008364072,0
0.0,0.009222197,0
0.0,0.004516779,0
0.0,0.081698656,0
0.0,0.009250604,0
0.0,0.03221644,0
0.0,0.010094498,0
0.0,0.0059349784,0
0.0,0.015360913,0
0.0,0.00582595,0
0.0,0.0054853265,0
0.0,0.0063567027,0
0.0,0.005884674,0
0.0,0.00698852,0
0.0,0.020610927,0
0.0,0.115448795,0
0.0,0.005824558,0
0.0,0.009066031,0
0.0,0.0052460856,0
0.0,0.0074153226,0
0.0,0.0055443146,0
0.0,0.39108032,0
0.0,0.0054880567,0
0.0,0.004672309,0
0.0,0.0046175406,0
0.0,0.0076191947,0
0.0,0.023249667,0
0.0,0.004991843,0
0.0,0.005010632,0
0.0,0.014927498,0
0.0,0.005497465,0
0.0,0.005802064,0
0.0,0.0063638785,0
0.0,0.0053862915,0
0.0,0.006608477,0
0.0,0.0053516286,0
0.0,0.023237383,0
0.0,0.013920179,0
0.0,0.0047319024,0
0.0,0.005361147,0
0.0,0.0048834747,0
0.0,0.0058186795,0
0.0,0.006458001,0
0.0,0.004079819,0
0.0,0.008170666,0
0.0,0.0038114549,0
0.0,0.00420852,0
0.0,0.008030997,0
0.0,0.008199544,0
0.0,0.004281748,0
0.0,0.004985994,0
0.0,0.004594265,0
0.0,0.015551581,0
0.0,0.0036101614,0
0.0,0.0073046624,0
0.0,0.007497427,0
0.0,0.009186475,0
0.0,0.008391291,0
0.0,0.0070295134,0
0.0,0.005045024,0
0.0,0.0050668996,0
0.0,0.0050095003,0
0.0,0.015006739,0
0.0,0.004562468,0
0.0,0.011713792,0
0.0,0.004937744,0
0.0,0.0072207116,0
0.0,0.010121837,0
0.0,0.008808182,0
0.0,0.004811184,0
0.0,0.0036609385,0
0.0,0.006342124,0
1.0,0.8032061,0
0.0,0.006935597,0
0.0,0.007949022,0
0.0,0.011603649,0
0.0,0.004759977,0
0.0,0.0044073984,0
0.0,0.004436041,0
0.0,0.0037217988,0
0.0,0.005025638,0
0.0,0.005251401,0
0.0,0.053316116,0
0.0,0.004643135,0
0.0,0.004488274,0
0.0,0.009370291,0
0.0,0.0075858086,0
0.0,0.007860655,0
0.0,0.004363076,0
0.0,0.00428998,0
0.0,0.008022115,0
0.0,0.007865595,0
0.0,0.0040149926,0
0.0,0.0061228196,0
0.0,0.004457609,0
0.0,0.003873497,0
0.0,0.010826381,0
0.0,0.0052198083,0
0.0,0.0036253612,0
0.0,0.0050898483,0
0.0,0.004228396,0
0.0,0.013563463,0
0.0,0.010563031,0
0.0,0.0062077167,0
0.0,0.0067451587,0
0.0,0.004538477,0
0.0,0.007783445,0
0.0,0.009478691,0
0.0,0.0067690164,0
0.0,0.0066129644,0
0.0,0.0051370813,0
0.0,0.006912069,0
0.0,0.005587021,0
0.0,0.017358478,0
0.0,0.006801328,0
0.0,0.009085498,0
0.0,0.005735772,0
0.0,0.0046999557,0
0.0,0.00844768,0
0.0,0.025714653,0
0.0,0.00454532,0
0.0,0.024666928,0
0.0,0.008207633,0
0.0,0.00914024,0
0.0,0.008384702,0
0.0,0.0039638476,0
0.0,0.010232484,0
0.0,0.0052794535,0
0.0,0.0044246945,0
0.0,0.015063372,0
0.0,0.107754596,0
0.0,0.0043994677,0
0.0,0.01636398,0
0.0,0.005713969,0
0.0,0.005160453,0
0.0,0.06707901,0
0.0,0.06532286,0
0.0,0.005350661,0
0.0,0.018844409,0
0.0,0.015845437,0
0.0,0.0046088854,0
0.0,0.00974546,0
1.0,0.99532264,1
1.0,0.9950487,1
1.0,0.9925358,1
1.0,0.9920914,1
1.0,0.9944892,1
1.0,0.863348,1
1.0,0.9835476,1
1.0,0.9779072,1
1.0,0.9764198,1
1.0,0.99460274,1
1.0,0.9927705,1
1.0,0.995576,1
1.0,0.9943342,1
1.0,0.9948159,1
1.0,0.9951702,1
1.0,0.9918568,1
1.0,0.9956695,1
1.0,0.99553066,1
1.0,0.99489117,1
1.0,0.99419266,1
1.0,0.9938258,1
1.0,0.9953198,1
1.0,0.9952047,1
1.0,0.9930735,1
1.0,0.97687894,1
1.0,0.99071324,1
1.0,0.9726132,1
1.0,0.9937116,1
1.0,0.99337995,1
1.0,0.9898606,1
1.0,0.99385345,1
1.0,0.99523383,1
1.0,0.99015766,1
1.0,0.9922092,1
1.0,0.993252,1
1.0,0.99345326,1
1.0,0.9896144,1
1.0,0.9902996,1
1.0,0.9923143,1
0.0,0.11352779,1
1.0,0.9876968,1
1.0,0.9933975,1
1.0,0.99426395,1
1.0,0.9934947,1
1.0,0.9934847,1
1.0,0.9941645,1
1.0,0.98037165,1
1.0,0.9932806,1
1.0,0.9874901,1
0.0,0.37574363,1
1.0,0.95832217,1
0.0,0.21378174,1
1.0,0.54970384,1
1.0,0.99300426,1
1.0,0.9816731,1
1.0,0.99253935,1
1.0,0.98780894,1
1.0,0.9950145,1
1.0,0.9916442,1
1.0,0.9941294,1
1.0,0.9919058,1
1.0,0.98790014,1
1.0,0.9830738,1
1.0,0.9907227,1
1.0,0.95992005,1
1.0,0.9854439,1
1.0,0.99344194,1
1.0,0.9842934,1
1.0,0.9947408,1
1.0,0.9180612,1
1.0,0.9943758,1
1.0,0.9931283,1
1.0,0.9754946,1
1.0,0.77093834,1
1.0,0.8415965,1
1.0,0.99350536,1
1.0,0.99358094,1
1.0,0.989717,1
1.0,0.9802265,1
1.0,0.9796586,1
1.0,0.97000724,1
0.0,0.11221944,1
1.0,0.88053733,1
1.0,0.95471996,1
1.0,0.99010545,1
1.0,0.9913765,1
1.0,0.9855613,1
1.0,0.98735493,1
1.0,0.9881121,1
1.0,0.99306995,1
0.0,0.15931419,1
1.0,0.993666,1
1.0,0.9915467,1
0.0,0.2190044,1
1.0,0.9913961,1
1.0,0.99244225,1
1.0,0.99090284,1
1.0,0.96785307,1
1.0,0.5135963,1
1.0,0.9907493,1
1.0,0.59206253,1
1.0,0.9887183,1
1.0,0.99200374,1
1.0,0.99107283,1
1.0,0.9917218,1
1.0,0.99102825,1
1.0,0.99194473,1
1.0,0.9932147,1
1.0,0.9944068,1
1.0,0.98886627,1
1.0,0.9926501,1
1.0,0.991024,1
1.0,0.9884354,1
1.0,0.99284315,1
1.0,0.99091816,1
1.0,0.9632105,1
1.0,0.98584473,1
1.0,0.98675543,1
1.0,0.9909995,1
1.0,0.9712423,1
1.0,0.9887468,1
1.0,0.99291635,1
1.0,0.9812695,1
1.0,0.9942772,1
1.0,0.99195683,1
1.0,0.9929189,1
1.0,0.7031682,1
1.0,0.62207603,1
0.0,0.4926898,1
0.0,0.12233209,1
1.0,0.89938587,1
0.0,0.12257118,1
0.0,0.09708632,1
0.0,0.0141956685,1
1.0,0.99022955,1
1.0,0.98125184,1
1.0,0.9876217,1
1.0,0.9813182,1
1.0,0.99096805,1
1.0,0.9891067,1
1.0,0.99205947,1
1.0,0.9905504,1
1.0,0.99372137,1
1.0,0.99408084,1
1.0,0.9943979,1
1.0,0.99276865,1
1.0,0.98817384,1
1.0,0.9938112,1
1.0,0.99330586,1
1.0,0.9918582,1
1.0,0.9917862,1
1.0,0.9901758,1
1.0,0.9921504,1
1.0,0.98833233,1
1.0,0.9815108,1
1.0,0.99065185,1
1.0,0.96267086,1
1.0,0.99051064,1
1.0,0.9876331,1
1.0,0.9914669,1
1.0,0.9370755,1
1.0,0.98348886,1
1.0,0.9826461,1
1.0,0.972359,1
1.0,0.9863789,1
1.0,0.9830551,1
1.0,0.99122334,1
1.0,0.99245936,1
1.0,0.98761487,1
1.0,0.9883283,1
1.0,0.9938793,1
1.0,0.9849171,1
1.0,0.99273324,1
1.0,0.9861996,1
1.0,0.889932,1
1.0,0.9851243,1
1.0,0.9909895,1
1.0,0.9654336,1
1.0,0.9894294,1
1.0,0.98735833,1
1.0,0.99294794,1
1.0,0.9494719,1
1.0,0.9862939,1
1.0,0.9930386,1
1.0,0.99508685,1
1.0,0.99425924,1
1.0,0.9951199,1
1.0,0.9927135,1
1.0,0.96364725,1
1.0,0.87733364,1
1.0,0.9415246,1
1.0,0.9901996,1
1.0,0.9773063,1
1.0,0.9861714,1
1.0,0.9940316,1
1.0,0.9946554,1
1.0,0.98698145,1
1.0,0.9846282,1
1.0,0.9066361,1
1.0,0.84276676,1
1.0,0.50989753,1
1.0,0.98305285,1
1.0,0.8396208,1
0.0,0.06487906,1
1.0,0.9872652,1
1.0,0.99247557,1
1.0,0.99213916,1
1.0,0.9636041,1
1.0,0.74871343,1
1.0,0.9493062,1
1.0,0.9570767,1
1.0,0.9003756,1
1.0,0.9737621,1
1.0,0.9895806,1
1.0,0.9835808,1
1.0,0.9907472,1
1.0,0.9765613,1
1.0,0.9875103,1
1.0,0.98916644,1
1.0,0.9917995,1
1.0,0.9899032,1
1.0,0.9777349,1
1.0,0.8402042,1
1.0,0.9662679,1
1.0,0.9932643,1
1.0,0.9896484,1
1.0,0.9847282,1
1.0,0.97701955,1
1.0,0.994131,1
1.0,0.9883768,1
1.0,0.99375147,1
1.0,0.99402374,1
1.0,0.9856409,1
1.0,0.99391055,1
1.0,0.99431497,1
1.0,0.9926474,1
1.0,0.9951362,1
1.0,0.99535453,1
1.0,0.99259675,1
1.0,0.9936999,1
1.0,0.9937402,1
1.0,0.9897982,1
1.0,0.994052,1
1.0,0.9917796,1
1.0,0.9851458,1
1.0,0.97325665,1
1.0,0.9689211,1
1.0,0.992774,1
1.0,0.99023354,1
1.0,0.9786654,1
1.0,0.88214,1
1.0,0.9659629,1
1.0,0.9915713,1
1.0,0.9936532,1
1.0,0.97672766,1
1.0,0.9934999,1
1.0,0.9930241,1
1.0,0.99075085,1
1.0,0.99263823,1
1.0,0.9880256,1
1.0,0.9920691,1
1.0,0.9930352,1
1.0,0.9896353,1
1.0,0.9857211,1
1.0,0.99501735,1
1.0,0.99526286,1
1.0,0.99331397,1
1.0,0.9942179,1
1.0,0.9798078,1
1.0,0.99055874,1
1.0,0.9924234,1
1.0,0.9949622,1
1.0,0.99470645,1
1.0,0.9897786,1
0.0,0.10369711,1
0.0,0.084658034,1
0.0,0.23890711,1
0.0,0.4888149,1
0.0,0.14736712,1
1.0,0.9934558,1
1.0,0.9922461,1
1.0,0.98395455,1
0.0,0.063082054,1
1.0,0.9837037,1
1.0,0.9618354,1
1.0,0.74075425,1
1.0,0.98827076,1
1.0,0.7551224,1
0.0,0.21786213,1
1.0,0.97886354,1
0.0,0.0038874263,0
0.0,0.009871127,0
0.0,0.0064777746,0
0.0,0.007876368,0
0.0,0.38981074,0
0.0,0.004789647,0
0.0,0.08555933,0
0.0,0.004318016,0
0.0,0.034885786,0
0.0,0.0073265196,0
0.0,0.17185888,0
0.0,0.0058855726,0
0.0,0.004971257,0
0.0,0.006250487,0
0.0,0.0044113253,0
0.0,0.007734364,0
0.0,0.005682759,0
0.0,0.006082182,0
0.0,0.0042635337,0
0.0,0.0060721445,0
0.0,0.0063280454,0
0.0,0.011471208,0
0.0,0.00594993,0
0.0,0.004085619,0
0.0,0.052466135,0
0.0,0.01098085,0
0.0,0.004778947,0
0.0,0.039020784,0
0.0,0.01004075,0
0.0,0.0066871853,0
0.0,0.006018813,0
0.0,0.00782578,0
0.0,0.044180382,0
0.0,0.0069986535,0
0.0,0.0067904238,0
0.0,0.01652273,0
0.0,0.0036837906,0
0.0,0.004416181,0
0.0,0.017399974,0
0.0,0.003853075,0
0.0,0.055852,0
0.0,0.015160502,0
0.0,0.019767191,0
0.0,0.0053868843,0
0.0,0.010171233,0
0.0,0.010403129,0
0.0,0.0048431754,0
0.0,0.018477686,0
0.0,0.00579783,0
0.0,0.008135437,0
0.0,0.004608054,0
0.0,0.011449939,0
0.0,0.0048352806,0
0.0,0.0036206243,0
0.0,0.009800008,0
0.0,0.0042926916,0
0.0,0.0051547526,0
0.0,0.0062596197,0
0.0,0.004595992,0
0.0,0.008449838,0
0.0,0.0056672473,0
0.0,0.009729882,0
0.0,0.008536894,0
0.0,0.005674587,0
0.0,0.008307612,0
0.0,0.00516882,0
0.0,0.0040473714,0
0.0,0.0051073865,0
0.0,0.0044538183,0
0.0,0.01680624,0
0.0,0.0064839125,0
0.0,0.0059073097,0
0.0,0.0072367913,0
0.0,0.010530764,0
0.0,0.023961267,0
0.0,0.0048546456,0
1.0,0.8568045,0
0.0,0.0057501476,0
0.0,0.0060221264,0
0.0,0.005497102,0
0.0,0.009931822,0
0.0,0.003858705,0
0.0,0.0058565945,0
0.0,0.2769762,0
0.0,0.02623468,0
0.0,0.01402758,0
0.0,0.015210357,0
0.0,0.006542822,0
0.0,0.018089369,0
0.0,0.009212356,0
0.0,0.0056384155,0
0.0,0.055615347,0
0.0,0.0069581526,0
0.0,0.0054755057,0
0.0,0.0040686456,0
0.0,0.36237887,0
0.0,0.008628586,0
0.0,0.0048750937,0
0.0,0.010676942,0
0.0,0.011514791,0
0.0,0.0070403023,0
0.0,0.14923325,0
0.0,0.011662455,0
0.0,0.0061349655,0
0.0,0.07177645,0
0.0,0.0063270177,0
0.0,0.005539697,0
0.0,0.004075571,0
0.0,0.0058182324,0
0.0,0.007245577,0
0.0,0.0043779733,0
0.0,0.006599012,0
0.0,0.005584573,0
0.0,0.006499418,0
0.0,0.003862171,0
0.0,0.0059921704,0
0.0,0.0053341305,0
0.0,0.0072665536,0
0.0,0.0113125695,0
0.0,0.004598866,0
0.0,0.007283942,0
0.0,0.0039969636,0
0.0,0.020666039,0
0.0,0.0065029976,0
0.0,0.009055183,0
0.0,0.013750026,0
0.0,0.041864906,0
0.0,0.00495636,0
0.0,0.005000877,0
0.0,0.0052096224,0
0.0,0.00908554,0
0.0,0.009692087,0
0.0,0.004215476,0
0.0,0.20632367,0
0.0,0.0049162037,0
0.0,0.0041156462,0
0.0,0.0043532103,0
0.0,0.00565567,0
0.0,0.0069628553,0
0.0,0.0051706983,0
0.0,0.00890895,0
0.0,0.039837405,0
0.0,0.005882664,0
0.0,0.01061761,0
0.0,0.012682398,0
0.0,0.006646985,0
0.0,0.0038503378,0
0.0,0.30246186,0
0.0,0.00418791,0
0.0,0.010779004,0
0.0,0.0048971707,0
0.0,0.005671338,0
0.0,0.0043203393,0
0.0,0.35141572,0
0.0,0.0050977385,0
1.0,0.8158987,0
0.0,0.038129225,0
0.0,0.031688865,0
0.0,0.005760855,0
0.0,0.0036365115,0
0.0,0.022931429,0
0.0,0.005542382,0
0.0,0.0071641044,0
0.0,0.011080789,0
0.0,0.0152435955,0
0.0,0.0082120225,0
0.0,0.0043708594,0
0.0,0.0045330515,0
0.0,0.008268348,0
0.0,0.006232618,0
0.0,0.0063544167,0
0.0,0.0073904884,0
0.0,0.007628307,0
0.0,0.004229432,0
0.0,0.026418284,0
0.0,0.0076587102,0
0.0,0.0056789294,0
0.0,0.0065522017,0
0.0,0.010328688,0
0.0,0.004266526,0
0.0,0.0050493632,0
0.0,0.005559663,0
0.0,0.0053848308,0
0.0,0.008511319,0
0.0,0.23033887,0
1.0,0.679851,0
0.0,0.0077864355,0
0.0,0.009368724,0
0.0,0.017580837,0
0.0,0.0063234367,0
0.0,0.005256061,0
0.0,0.011745105,0
0.0,0.0049982443,0
0.0,0.005380277,0
0.0,0.048079204,0
0.0,0.009441452,0
0.0,0.005648397,0
0.0,0.005669115,0
0.0,0.007992977,0
0.0,0.042371254,0
0.0,0.006967315,0
0.0,0.009642072,0
0.0,0.021523818,0
0.0,0.005920432,0
1.0,0.59223396,0
0.0,0.005768855,0
0.0,0.004025847,0
0.0,0.051795468,0
0.0,0.13802998,0
0.0,0.006304756,0
0.0,0.004748692,0
0.0,0.003940704,0
0.0,0.07600533,0
0.0,0.0067634024,0
0.0,0.004604897,0
0.0,0.0048377016,0
0.0,0.0057314425,0
0.0,0.0035576776,0
0.0,0.004005965,0
0.0,0.008071435,0
0.0,0.015980395,0
0.0,0.0070303055,0
0.0,0.0053052707,0
0.0,0.0077845496,0
0.0,0.014513207,0
0.0,0.0054065925,0
0.0,0.009017986,0
0.0,0.0030828493,0
0.0,0.007659152,0
0.0,0.005923463,0
1.0,0.88321024,0
0.0,0.0041329106,0
0.0,0.007173723,0
0.0,0.0064722747,0
0.0,0.011845622,0
0.0,0.0055401307,0
0.0,0.0047355983,0
0.0,0.0052787294,0
0.0,0.008981557,0
0.0,0.0038833735,0
0.0,0.0071141794,0
0.0,0.0081056785,0
0.0,0.0058342684,0
0.0,0.017093858,0
0.0,0.004680907,0
0.0,0.005954602,0
0.0,0.012264118,0
0.0,0.004890657,0
0.0,0.021197462,0
0.0,0.0066189277,0
0.0,0.0064235637,0
0.0,0.09366578,0
0.0,0.0061697047,0
0.0,0.0053071836,0
0.0,0.0062674787,0
0.0,0.0050787553,0
0.0,0.01429104,0
0.0,0.011773071,0
0.0,0.005121095,0
0.0,0.0043153195,0
0.0,0.029810509,0
0.0,0.00835229,0
0.0,0.003944179,0
0.0,0.010542757,0
0.0,0.003855728,0
0.0,0.008180621,0
0.0,0.0048755608,0
0.0,0.009471423,0
0.0,0.0138748335,0
0.0,0.00521047,0
0.0,0.0050882236,0
0.0,0.005082554,0
0.0,0.008431879,0
0.0,0.30834365,0
0.0,0.0060279174,0
0.0,0.008932314,0
0.0,0.013110668,0
0.0,0.007613183,0
0.0,0.009985757,0
0.0,0.01955895,0
0.0,0.010945331,0
0.0,0.004737486,0
0.0,0.019664055,0
0.0,0.006786173,0
0.0,0.010118398,0
0.0,0.006539643,0
0.0,0.079171516,0
0.0,0.0052441647,0
0.0,0.005290197,0
0.0,0.010003484,0
0.0,0.010356294,0
0.0,0.02538984,0
0.0,0.0077045374,0
0.0,0.008276462,0
0.0,0.013075572,0
0.0,0.0038593286,0
0.0,0.008303307,0
0.0,0.0047838776,0
0.0,0.007216518,0
0.0,0.007873041,0
0.0,0.0045462996,0
1.0,0.75701,0
0.0,0.004136745,0
0.0,0.0042295223,0
0.0,0.005810614,0
0.0,0.0066429875,0
0.0,0.005418133,0
0.0,0.0071763047,0
0.0,0.167651,0
0.0,0.0048574037,0
0.0,0.012360513,0
0.0,0.22906701,1
1.0,0.9891939,1
1.0,0.9928209,1
1.0,0.99481624,1
1.0,0.9674231,1
1.0,0.9950316,1
1.0,0.99342597,1
1.0,0.9733108,1
1.0,0.99484396,1
1.0,0.9672956,1
1.0,0.9849162,1
1.0,0.95215636,1
1.0,0.80309033,1
1.0,0.97783935,1
1.0,0.9904214,1
1.0,0.9923034,1
1.0,0.9950275,1
1.0,0.9946385,1
1.0,0.9922275,1
1.0,0.9902912,1
1.0,0.99178994,1
1.0,0.98231,1
1.0,0.99101007,1
1.0,0.8741607,1
1.0,0.9685156,1
1.0,0.8868259,1
1.0,0.9260917,1
1.0,0.9941711,1
1.0,0.9899741,1
1.0,0.9928549,1
1.0,0.99000204,1
1.0,0.9743323,1
1.0,0.99237716,1
1.0,0.8546226,1
1.0,0.98969203,1
1.0,0.99000704,1
1.0,0.99282235,1
1.0,0.9938518,1
1.0,0.9893568,1
1.0,0.9912685,1
1.0,0.99132335,1
1.0,0.99059993,1
1.0,0.9880235,1
1.0,0.9888305,1
1.0,0.9930059,1
1.0,0.99489427,1
1.0,0.9900149,1
1.0,0.98557657,1
1.0,0.9916864,1
0.0,0.15624619,1
1.0,0.99434054,1
1.0,0.99376523,1
1.0,0.99451375,1
1.0,0.99480116,1
1.0,0.97837037,1
1.0,0.9904051,1
1.0,0.99383235,1
1.0,0.9947285,1
1.0,0.99528307,1
1.0,0.99371463,1
1.0,0.99367684,1
1.0,0.9924252,1
1.0,0.99191624,1
1.0,0.99220043,1
1.0,0.9909435,1
1.0,0.9894611,1
1.0,0.99097276,1
1.0,0.9935998,1
1.0,0.9795193,1
1.0,0.9414446,1
1.0,0.99315757,1
1.0,0.9896443,1
1.0,0.991707,1
1.0,0.99367344,1
1.0,0.9928705,1
1.0,0.99096316,1
1.0,0.99063873,1
1.0,0.9948584,1
1.0,0.99269027,1
1.0,0.99271834,1
1.0,0.9955545,1
1.0,0.9950518,1
1.0,0.9950341,1
1.0,0.994942,1
1.0,0.99413294,1
1.0,0.99552745,1
1.0,0.9940229,1
1.0,0.9929577,1
1.0,0.9911746,1
0.0,0.39704713,1
1.0,0.93613255,1
1.0,0.84773046,1
1.0,0.99197173,1
1.0,0.9921841,1
1.0,0.9919586,1
0.0,0.40345186,1
1.0,0.9908249,1
1.0,0.9902896,1
1.0,0.9931798,1
1.0,0.98855865,1
1.0,0.9923524,1
1.0,0.99366564,1
1.0,0.9934049,1
1.0,0.9928693,1
1.0,0.98743606,1
1.0,0.9932146,1
1.0,0.9926174,1
1.0,0.9919803,1
1.0,0.9530121,1
1.0,0.9512262,1
1.0,0.99211276,1
1.0,0.9826399,1
1.0,0.92872363,1
1.0,0.84007597,1
1.0,0.92888963,1
1.0,0.98537296,1
1.0,0.9885539,1
1.0,0.98917145,1
1.0,0.98852193,1
1.0,0.9894538,1
1.0,0.9925795,1
1.0,0.9907342,1
1.0,0.994528,1
1.0,0.9919916,1
1.0,0.89566696,1
1.0,0.99223715,1
1.0,0.96271163,1
1.0,0.9926454,1
1.0,0.99215525,1
1.0,0.98435587,1
1.0,0.9925202,1
1.0,0.9943258,1
1.0,0.9936684,1
1.0,0.9909067,1
1.0,0.9868161,1
1.0,0.9938637,1
1.0,0.970393,1
1.0,0.9925499,1
1.0,0.99378633,1
1.0,0.99152315,1
1.0,0.8993318,1
1.0,0.9877665,1
1.0,0.9741368,1
1.0,0.9937145,1
1.0,0.99313027,1
1.0,0.99418604,1
1.0,0.9938916,1
1.0,0.9905247,1
1.0,0.9935318,1
1.0,0.98769426,1
1.0,0.90566605,1
0.0,0.014593046,1
1.0,0.97215027,1
1.0,0.87416863,1
1.0,0.98098135,1
1.0,0.78066266,1
1.0,0.89335835,1
0.0,0.017266404,1
1.0,0.83848083,1
1.0,0.98867863,1
1.0,0.98915815,1
1.0,0.99171925,1
1.0,0.99248815,1
0.0,0.10840478,1
0.0,0.07362856,1
1.0,0.9860109,1
1.0,0.98532075,1
0.0,0.0476312,1
0.0,0.47571984,1
1.0,0.9352096,1
1.0,0.9828499,1
1.0,0.9528312,1
1.0,0.9839717,1
1.0,0.991042,1
1.0,0.6075364,1
1.0,0.98754245,1
1.0,0.98868257,1
1.0,0.9929738,1
1.0,0.9904868,1
1.0,0.99411184,1
1.0,0.9931231,1
1.0,0.9587393,1
1.0,0.9893294,1
1.0,0.97156334,1
1.0,0.91552496,1
1.0,0.9763777,1
1.0,0.98054403,1
1.0,0.9936386,1
1.0,0.99177563,1
1.0,0.99474674,1
1.0,0.9834737,1
1.0,0.9871366,1
1.0,0.99196726,1
1.0,0.98987937,1
1.0,0.9920964,1
1.0,0.9926242,1
1.0,0.9876894,1
1.0,0.94491696,1
1.0,0.9945003,1
1.0,0.9936474,1
1.0,0.9920907,1
1.0,0.99517965,1
1.0,0.9948667,1
1.0,0.9950348,1
1.0,0.993083,1
1.0,0.99468505,1
1.0,0.98674184,1
1.0,0.97466224,1
1.0,0.98934585,1
1.0,0.9881414,1
1.0,0.99131584,1
0.0,0.08311868,1
0.0,0.0055302666,0
0.0,0.0057596653,0
0.0,0.004564714,0
0.0,0.0032968738,0
0.0,0.0032244148,0
0.0,0.004029696,0
0.0,0.011452789,0
0.0,0.0044162706,0
0.0,0.0041213604,0
0.0,0.0064876303,0
0.0,0.0037676217,0
0.0,0.0063629462,0
0.0,0.008602548,0
0.0,0.0045384835,0
0.0,0.0052523697,0
0.0,0.006435779,0
0.0,0.008187647,0
0.0,0.010636763,0
0.0,0.0047996407,0
0.0,0.004561411,0
0.0,0.0073037455,0
0.0,0.006644954,0
0.0,0.006709644,0
0.0,0.007570417,0
0.0,0.017972857,0
0.0,0.054710403,0
0.0,0.009635062,0
0.0,0.0063866833,0
0.0,0.0056812665,0
0.0,0.016249485,0
0.0,0.003569425,0
0.0,0.0059295846,0
0.0,0.010617411,0
0.0,0.0074965684,0
0.0,0.0043647396,0
0.0,0.011071101,0
0.0,0.0036088752,0
0.0,0.38942158,0
0.0,0.0067452453,0
0.0,0.027277226,0
0.0,0.010914144,0
0.0,0.004368772,0
0.0,0.0036764175,0
0.0,0.0037477359,0
0.0,0.0058142073,0
0.0,0.003919598,0
0.0,0.005080933,0
0.0,0.013410838,0
0.0,0.013062152,0
0.0,0.004645406,0
0.0,0.008136829,0
0.0,0.030341845,0
0.0,0.030976107,0
0.0,0.007868756,0
0.0,0.012979669,0
0.0,0.0065512946,0
0.0,0.004476896,0
1.0,0.9832956,0
0.0,0.0069134305,0
0.0,0.0062680575,0
0.0,0.014151508,0
0.0,0.00521139,0
0.0,0.006613845,0
0.0,0.008877043,0
0.0,0.008970758,0
0.0,0.00491801,0
0.0,0.008296156,0
0.0,0.006645543,0
0.0,0.018782187,0
1.0,0.77646786,0
0.0,0.0074479743,0
0.0,0.007067508,0
0.0,0.024314882,0
0.0,0.0057818936,0
0.0,0.004410015,0
1.0,0.95864856,0
0.0,0.017032452,0
0.0,0.0059443596,0
0.0,0.007976757,0
0.0,0.05687337,0
0.0,0.0047945683,0
0.0,0.006062882,0
0.0,0.0053542885,0
0.0,0.0052102697,0
0.0,0.0039001096,0
0.0,0.007599084,0
0.0,0.0057462268,0
0.0,0.0041160425,0
0.0,0.009548449,0
0.0,0.0052656685,0
0.0,0.005007563,0
0.0,0.0062557054,0
0.0,0.0091790585,0
0.0,0.1640138,0
0.0,0.21675523,0
0.0,0.004870463,0
0.0,0.04228744,0
0.0,0.0037986236,0
0.0,0.011757802,0
0.0,0.0052129896,0
0.0,0.0069252127,0
0.0,0.0077965516,0
0.0,0.0055061006,0
0.0,0.031072706,0
0.0,0.004542453,0
0.0,0.025814438,0
0.0,0.006707179,0
0.0,0.0048316037,0
0.0,0.007866649,0
0.0,0.012421569,0
0.0,0.011262813,0
0.0,0.0069173635,0
0.0,0.0074712927,0
0.0,0.011236473,0
0.0,0.025804043,0
0.0,0.013765037,0
0.0,0.004572592,0
0.0,0.010247678,0
0.0,0.0049678236,0
0.0,0.007145143,0
0.0,0.005220324,0
0.0,0.0040168287,0
0.0,0.008625369,0
0.0,0.007323301,0
0.0,0.0104899015,0
0.0,0.0066105407,0
0.0,0.003326302,0
0.0,0.0064237765,0
0.0,0.005740647,0
0.0,0.019832492,0
0.0,0.009184898,0
0.0,0.016524319,0
0.0,0.0053941803,0
0.0,0.0034594974,0
0.0,0.006495872,0
0.0,0.00432359,0
0.0,0.013894726,0
0.0,0.0063935895,0
1.0,0.8066315,0
0.0,0.0065173693,0
0.0,0.010781139,0
0.0,0.007702477,0
0.0,0.008605981,0
0.0,0.11653643,0
0.0,0.0055752653,0
0.0,0.0042417096,0
0.0,0.0065820725,0
0.0,0.005008611,0
0.0,0.00824801,0
0.0,0.057276618,0
0.0,0.007311802,0
0.0,0.11609228,0
0.0,0.006231318,0
0.0,0.008227727,0
0.0,0.082055815,0
0.0,0.004394925,0
0.0,0.004634029,0
0.0,0.09933026,0
0.0,0.006664877,0
0.0,0.007507695,0
0.0,0.005514867,0
0.0,0.006151141,0
0.0,0.008765061,0
0.0,0.0042667934,0
0.0,0.007906155,0
0.0,0.0041036317,0
0.0,0.011626444,0
0.0,0.005154094,0
0.0,0.009987295,0
0.0,0.028755354,0
0.0,0.0140047865,0
0.0,0.006283304,0
0.0,0.0124515835,0
0.0,0.004565741,0
0.0,0.026797248,0
0.0,0.05929673,0
0.0,0.024098976,0
0.0,0.008055535,0
0.0,0.19030498,0
0.0,0.009423293,0
0.0,0.0040561287,0
0.0,0.00693402,0
0.0,0.0076873265,0
0.0,0.004704756,0
0.0,0.010221512,0
0.0,0.0076307617,0
0.0,0.0074158423,0
0.0,0.0061602825,0
0.0,0.011320718,0
0.0,0.0049084136,0
0.0,0.003899743,0
0.0,0.011999491,0
0.0,0.075033955,0
0.0,0.010859768,0
0.0,0.004557108,0
0.0,0.03733215,0
0.0,0.01413599,0
0.0,0.005999636,0
0.0,0.005095381,0
0.0,0.014005491,0
0.0,0.004247365,0
0.0,0.038420573,0
0.0,0.006300742,0
0.0,0.0036313205,0
0.0,0.0035664786,0
0.0,0.044859763,0
0.0,0.0071871835,0
0.0,0.006298241,0
0.0,0.014915518,0
0.0,0.0068222685,0
0.0,0.008410934,0
0.0,0.0065935245,0
0.0,0.009928667,0
0.0,0.013337725,0
0.0,0.009583276,0
0.0,0.008368848,0
0.0,0.0033587979,0
0.0,0.006355829,0
0.0,0.006030355,0
0.0,0.00874414,0
0.0,0.0053477027,0
0.0,0.007526814,0
0.0,0.004669653,0
0.0,0.004882935,0
0.0,0.009321631,0
0.0,0.017188344,0
0.0,0.0047265408,0
0.0,0.010069536,0
0.0,0.006753531,0
0.0,0.018696647,0
0.0,0.003162673,0
0.0,0.004999968,0
0.0,0.003907135,0
0.0,0.0050812853,0
0.0,0.012168877,0
0.0,0.0062546083,0
0.0,0.009811573,0
0.0,0.0061754207,0
0.0,0.0051681525,0
0.0,0.006415494,0
0.0,0.005127153,0
0.0,0.0074891634,0
0.0,0.009015451,0
1.0,0.9269931,0
0.0,0.0050979075,0
0.0,0.005080278,0
0.0,0.0031128519,0
0.0,0.0056025134,0
0.0,0.009821719,0
0.0,0.006364385,0
0.0,0.0054126983,0
0.0,0.0082528,0
0.0,0.12299383,0
0.0,0.0041715377,0
0.0,0.006104241,0
0.0,0.008506403,0
0.0,0.005354662,0
0.0,0.006607782,0
0.0,0.0069526527,0
0.0,0.009480634,0
0.0,0.00458018,0
0.0,0.013856323,0
0.0,0.015257833,0
0.0,0.0056550074,0
1.0,0.9826208,1
1.0,0.9916694,1
1.0,0.99362296,1
1.0,0.9908965,1
1.0,0.9897026,1
1.0,0.962969,1
1.0,0.9909259,1
1.0,0.9778089,1
1.0,0.9606152,1
1.0,0.99538064,1
1.0,0.99401313,1
1.0,0.99486035,1
1.0,0.99453694,1
1.0,0.99351466,1
1.0,0.9933102,1
1.0,0.9905433,1
1.0,0.99344796,1
1.0,0.9940872,1
1.0,0.98159987,1
1.0,0.9906838,1
1.0,0.99402666,1
1.0,0.9675991,1
1.0,0.9925972,1
1.0,0.9932192,1
1.0,0.8861724,1
1.0,0.9895773,1
1.0,0.97243685,1
1.0,0.9880377,1
1.0,0.9931028,1
1.0,0.99434495,1
1.0,0.9925045,1
1.0,0.9838058,1
1.0,0.845458,1
1.0,0.987252,1
1.0,0.9938148,1
1.0,0.9904834,1
1.0,0.98738366,1
1.0,0.9543127,1
1.0,0.956033,1
1.0,0.9800975,1
0.0,0.008018377,1
1.0,0.97425973,1
1.0,0.97415775,1
1.0,0.99365896,1
1.0,0.9937059,1
1.0,0.9936041,1
1.0,0.98636174,1
1.0,0.99330515,1
1.0,0.99326384,1
1.0,0.99387723,1
1.0,0.99247015,1
1.0,0.93610644,1
1.0,0.991731,1
1.0,0.94993746,1
1.0,0.97751755,1
1.0,0.6768483,1
1.0,0.89565593,1
1.0,0.9725857,1
1.0,0.99334234,1
1.0,0.9802045,1
1.0,0.97066915,1
1.0,0.9599239,1
1.0,0.9914555,1
1.0,0.9832344,1
1.0,0.9892319,1
1.0,0.9946067,1
1.0,0.9943619,1
1.0,0.9941943,1
1.0,0.99296737,1
0.0,0.10637429,1
1.0,0.7891575,1
0.0,0.06943401,1
1.0,0.9816896,1
1.0,0.9907802,1
1.0,0.97224176,1
1.0,0.9901461,1
1.0,0.9906442,1
1.0,0.98421776,1
1.0,0.98245376,1
1.0,0.97335905,1
1.0,0.9804662,1
1.0,0.96840346,1
1.0,0.9895398,1
1.0,0.9938285,1
1.0,0.9922883,1
1.0,0.9913223,1
1.0,0.9903368,1
1.0,0.994076,1
1.0,0.97236633,1
0.0,0.02385247,1
1.0,0.9804349,1
1.0,0.98100543,1
1.0,0.994338,1
1.0,0.9900928,1
1.0,0.9917441,1
1.0,0.9901232,1
1.0,0.98178273,1
0.0,0.3131576,1
1.0,0.82154477,1
1.0,0.96863717,1
1.0,0.99259794,1
1.0,0.9905357,1
1.0,0.9931779,1
1.0,0.99329823,1
1.0,0.9923822,1
1.0,0.9934663,1
1.0,0.9929074,1
1.0,0.99503773,1
1.0,0.9944088,1
1.0,0.9927999,1
1.0,0.98072976,1
1.0,0.92969334,1
1.0,0.9712564,1
1.0,0.97489035,1
1.0,0.9931311,1
1.0,0.994224,1
1.0,0.83760333,1
1.0,0.9732953,1
1.0,0.86526364,1
1.0,0.9944745,1
1.0,0.9922752,1
1.0,0.99558026,1
1.0,0.99116397,1
1.0,0.9946449,1
1.0,0.98231125,1
0.0,0.15583034,1
1.0,0.6865058,1
0.0,0.01848081,1
0.0,0.37803105,1
0.0,0.026864467,1
0.0,0.09436741,1
1.0,0.99334985,1
1.0,0.98695475,1
1.0,0.9944371,1
1.0,0.995002,1
1.0,0.9948697,1
1.0,0.9924816,1
1.0,0.9949591,1
1.0,0.99186254,1
1.0,0.9946444,1
1.0,0.99394035,1
1.0,0.99445987,1
1.0,0.99401146,1
0.0,0.36437282,1
1.0,0.993071,1
1.0,0.99465203,1
1.0,0.9938846,1
1.0,0.9894527,1
1.0,0.99446774,1
1.0,0.99491465,1
1.0,0.9948885,1
1.0,0.99225074,1
1.0,0.9932962,1
1.0,0.99290353,1
1.0,0.9943873,1
1.0,0.9934129,1
1.0,0.98418427,1
1.0,0.9905793,1
1.0,0.9894434,1
1.0,0.99414814,1
1.0,0.9915531,1
1.0,0.873934,1
1.0,0.6248489,1
1.0,0.9943507,1
1.0,0.90432847,1
1.0,0.9823673,1
1.0,0.9934546,1
1.0,0.9957015,1
1.0,0.98713917,1
1.0,0.99472696,1
1.0,0.99485946,1
1.0,0.99481887,1
1.0,0.985571,1
1.0,0.9935654,1
1.0,0.99103314,1
1.0,0.99120516,1
1.0,0.9944143,1
1.0,0.9932628,1
1.0,0.9942399,1
1.0,0.99406624,1
1.0,0.9910058,1
1.0,0.99273914,1
1.0,0.9942293,1
1.0,0.9931865,1
1.0,0.99153394,1
1.0,0.98913926,1
1.0,0.9898958,1
1.0,0.9842068,1
1.0,0.93887585,1
1.0,0.7480101,1
1.0,0.9527451,1
1.0,0.9907004,1
1.0,0.9795105,1
1.0,0.99497,1
1.0,0.9943758,1
1.0,0.9951023,1
1.0,0.994639,1
1.0,0.9945417,1
1.0,0.9941697,1
1.0,0.99174833,1
1.0,0.9892162,1
0.0,0.093358345,1
1.0,0.9923959,1
1.0,0.9948828,1
1.0,0.9927654,1
1.0,0.9376017,1
1.0,0.9822015,1
1.0,0.6275442,1
1.0,0.9940996,1
1.0,0.99334705,1
1.0,0.9916129,1
1.0,0.9904941,1
1.0,0.98835665,1
1.0,0.99318755,1
1.0,0.99484754,1
1.0,0.96122307,1
1.0,0.9937621,1
1.0,0.9865024,1
1.0,0.99038565,1
1.0,0.9932372,1
1.0,0.6439885,1
1.0,0.9895829,1
1.0,0.987205,1
1.0,0.59843683,1
1.0,0.9934362,1
1.0,0.5941465,1
1.0,0.98555773,1
1.0,0.9623357,1
1.0,0.98343486,1
1.0,0.9815398,1
1.0,0.80775285,1
1.0,0.94853806,1
1.0,0.9604567,1
1.0,0.99058086,1
1.0,0.9832466,1
1.0,0.9782332,1
1.0,0.98493075,1
1.0,0.98698306,1
1.0,0.9911369,1
1.0,0.9936608,1
1.0,0.9783035,1
1.0,0.990321,1
1.0,0.9933611,1
1.0,0.98489594,1
1.0,0.99126375,1
1.0,0.99496824,1
1.0,0.9928572,1
1.0,0.9917305,1
1.0,0.98832625,1
1.0,0.9940142,1
1.0,0.97802275,1
1.0,0.9933194,1
1.0,0.9933832,1
0.0,0.09598801,1
0.0,0.02589415,1
1.0,0.985601,1
1.0,0.9943644,1
1.0,0.99394846,1
1.0,0.99327254,1
1.0,0.53378415,1
1.0,0.98339486,1
1.0,0.9870816,1
1.0,0.98679173,1
1.0,0.99305177,1
1.0,0.98717296,1
1.0,0.99215114,1
1.0,0.9943304,1
1.0,0.98576814,1
1.0,0.9910636,1
1.0,0.99112695,1
1.0,0.9950982,1
1.0,0.9238396,1
1.0,0.9852445,1
1.0,0.99281514,1
1.0,0.9895459,1
1.0,0.9895555,1
1.0,0.9535994,1
1.0,0.9914186,1
1.0,0.9843364,1
1.0,0.9879842,1
1.0,0.98249006,1
1.0,0.99071246,1
1.0,0.9933055,1
1.0,0.9906438,1
1.0,0.99141335,1
1.0,0.9929807,1
1.0,0.9917687,1
1.0,0.9901326,1
1.0,0.988751,1
1.0,0.988502,1
1.0,0.9901968,1
1.0,0.99077106,1
1.0,0.9938274,1
1.0,0.99331504,1
1.0,0.99399334,1
1.0,0.9920759,1
1.0,0.9947161,1
1.0,0.9916916,1
1.0,0.9942532,1
1.0,0.9888931,1
1.0,0.9941268,1
1.0,0.9912684,1
1.0,0.99204844,1
1.0,0.9886459,1
1.0,0.9832376,1
1.0,0.95708555,1
1.0,0.9877247,1
1.0,0.98511434,1
1.0,0.99483395,1
1.0,0.99132746,1
1.0,0.9907059,1
1.0,0.9927926,1
1.0,0.98894984,1
1.0,0.9712881,1
1.0,0.99508554,1
1.0,0.993718,1
1.0,0.99423707,1
1.0,0.9899575,1
1.0,0.9886861,1
1.0,0.9935586,1
1.0,0.9944078,1
0.0,0.013114104,1
1.0,0.99179405,1
1.0,0.9905031,1
1.0,0.9914323,1
1.0,0.9940924,1
1.0,0.99199694,1
1.0,0.9933663,1
1.0,0.9941089,1
1.0,0.9885455,1
1.0,0.86484116,1
1.0,0.9532584,1
1.0,0.9917753,1
1.0,0.99427325,1
1.0,0.9709454,1
1.0,0.99444205,1
1.0,0.9939714,1
1.0,0.994348,1
1.0,0.9912026,1
1.0,0.9934942,1
1.0,0.9863223,1
1.0,0.9930951,1
1.0,0.98555356,1
1.0,0.9881621,1
1.0,0.990884,1
1.0,0.9898491,1
1.0,0.98282135,1
1.0,0.9897176,1
1.0,0.9911293,1
1.0,0.9932681,1
1.0,0.9948019,1
1.0,0.98880553,1
1.0,0.99218565,1
1.0,0.9921044,1
1.0,0.9943803,1
1.0,0.99253595,1
1.0,0.99119836,1
1.0,0.994524,1
1.0,0.9929181,1
1.0,0.9940532,1
1.0,0.98774207,1
1.0,0.9944306,1
1.0,0.99516195,1
1.0,0.990732,1
1.0,0.9901362,1
1.0,0.9850605,1
1.0,0.9915553,1
1.0,0.99200225,1
1.0,0.8636514,1
1.0,0.9787813,1
1.0,0.9758194,1
1.0,0.9331683,1
1.0,0.993909,1
1.0,0.99293125,1
1.0,0.99195087,1
1.0,0.9869969,1
1.0,0.9819256,1
1.0,0.9930507,1
1.0,0.9945977,1
1.0,0.9939349,1
1.0,0.99504364,1
1.0,0.9947207,1
1.0,0.9947783,1
1.0,0.99438864,1
1.0,0.99182194,1
1.0,0.9945353,1
1.0,0.9943311,1
1.0,0.9935509,1
1.0,0.99480826,1
1.0,0.9927948,1
1.0,0.99388844,1
0.0,0.009191821,0
0.0,0.016928954,0
0.0,0.13444154,0
0.0,0.005397026,0
0.0,0.0062231445,0
0.0,0.0039683627,0
0.0,0.004391,0
0.0,0.003943683,0
0.0,0.016125223,0
0.0,0.0055592014,0
0.0,0.007707144,0
0.0,0.0041660443,0
0.0,0.04602385,0
0.0,0.0052034357,0
0.0,0.01552659,0
0.0,0.006765805,0
0.0,0.008490621,0
0.0,0.03337486,0
0.0,0.0052010543,0
0.0,0.0071974634,0
0.0,0.0069731697,0
0.0,0.0063212137,0
0.0,0.007472361,0
0.0,0.3565075,0
0.0,0.0055278074,0
0.0,0.013745121,0
0.0,0.009690063,0
0.0,0.0045474586,0
0.0,0.07791661,0
0.0,0.01790904,0
0.0,0.003631393,0
0.0,0.0044988794,0
0.0,0.0061115134,0
0.0,0.03001954,0
0.0,0.006846769,0
0.0,0.0053730165,0
0.0,0.05970277,0
0.0,0.006567633,0
0.0,0.0035659212,0
0.0,0.006133036,0
0.0,0.006974111,0
0.0,0.13767295,0
0.0,0.0054143723,0
0.0,0.0056321155,0
0.0,0.0066141426,0
0.0,0.006392184,0
0.0,0.009298733,0
0.0,0.0036345117,0
0.0,0.0044438033,0
0.0,0.0042108526,0
0.0,0.17449725,0
0.0,0.00429533,0
0.0,0.0050303587,0
0.0,0.015683629,0
0.0,0.017723769,0
0.0,0.0058479034,0
0.0,0.15172206,0
0.0,0.38693395,0
0.0,0.0053408844,0
0.0,0.040562492,0
0.0,0.005638718,0
0.0,0.00512422,0
0.0,0.0044272677,0
0.0,0.004816029,0
0.0,0.006673965,0
0.0,0.009179961,0
0.0,0.0043798657,0
0.0,0.073546804,0
0.0,0.0048794243,0
0.0,0.019560145,0
0.0,0.006788286,0
0.0,0.0055979886,0
0.0,0.01914162,0
0.0,0.003607884,0
0.0,0.00669185,0
0.0,0.009111119,0
0.0,0.005711981,0
0.0,0.0051135547,0
0.0,0.0053309584,0
0.0,0.034414977,0
0.0,0.021617193,0
0.0,0.0045486763,0
0.0,0.05106483,0
0.0,0.0035061648,0
0.0,0.117325746,0
0.0,0.026359366,0
0.0,0.008971385,0
0.0,0.0075601493,0
0.0,0.008052476,0
0.0,0.004569765,0
0.0,0.0055059725,0
0.0,0.0258624,0
0.0,0.029480685,0
0.0,0.004624636,0
0.0,0.009311592,0
0.0,0.0067553925,0
0.0,0.0040447107,0
0.0,0.0037756534,0
0.0,0.005564872,0
0.0,0.0066054384,0
0.0,0.011137553,0
0.0,0.0043195602,0
0.0,0.00531014,0
0.0,0.0102120135,0
0.0,0.010256465,0
0.0,0.007068523,0
0.0,0.007227222,0
0.0,0.0058203186,0
0.0,0.004973536,0
0.0,0.089194216,0
0.0,0.005318523,0
0.0,0.004707365,0
0.0,0.008715553,0
0.0,0.004375408,0
0.0,0.0054320004,0
0.0,0.008523004,0
0.0,0.004521719,0
0.0,0.0041764867,0
0.0,0.0055316035,0
0.0,0.008362257,0
0.0,0.004210835,0
0.0,0.004895879,0
0.0,0.0067541418,0
0.0,0.0060622375,0
0.0,0.008195972,0
0.0,0.0033387153,0
0.0,0.005832532,0
0.0,0.3822795,0
0.0,0.005753631,0
0.0,0.004175551,0
0.0,0.008265927,0
0.0,0.031181047,0
0.0,0.0060463557,0
0.0,0.005395414,0
0.0,0.014184123,0
0.0,0.00461377,0
0.0,0.0123980045,0
0.0,0.008253971,0
0.0,0.027347226,0
0.0,0.1834144,0
0.0,0.004505676,0
0.0,0.008570976,0
0.0,0.0031688097,0
0.0,0.44673747,0
0.0,0.0047692754,0
0.0,0.028245468,0
0.0,0.043496586,0
0.0,0.0045896615,0
0.0,0.0032005145,0
0.0,0.0050229565,0
0.0,0.07005974,0
0.0,0.007065227,0
0.0,0.0052892803,0
0.0,0.007013974,0
0.0,0.0074077803,0
0.0,0.0040724115,0
0.0,0.004192906,0
0.0,0.00984721,0
0.0,0.0056333016,0
0.0,0.004025815,0
0.0,0.0056094057,0
0.0,0.012114268,0
0.0,0.0047823777,0
0.0,0.0051870947,0
0.0,0.23588939,0
0.0,0.0073507237,0
0.0,0.012309404,0
0.0,0.0051142587,0
0.0,0.0046453723,0
0.0,0.0047206758,0
0.0,0.0033916023,0
0.0,0.0053282185,0
0.0,0.014101796,0
1.0,0.9578338,0
0.0,0.006548372,0
0.0,0.004975122,0
0.0,0.06352683,0
0.0,0.012701744,0
0.0,0.0056710606,0
0.0,0.0044429307,0
0.0,0.0062701255,0
0.0,0.0051840395,0
0.0,0.0037525732,0
0.0,0.0059080604,0
0.0,0.0069127823,0
0.0,0.007655746,0
0.0,0.0064234957,0
0.0,0.0037856733,0
0.0,0.004987274,0
0.0,0.00445473,0
0.0,0.0051122545,0
0.0,0.0062113064,0
0.0,0.020131994,0
0.0,0.0057149585,0
0.0,0.0048557767,0
0.0,0.006599174,0
0.0,0.004915858,0
0.0,0.0046233367,0
0.0,0.018459033,0
0.0,0.004474239,0
0.0,0.005584589,0
0.0,0.0056377337,0
0.0,0.0066322787,0
0.0,0.005642588,0
1.0,0.5619659,0
0.0,0.008170093,0
0.0,0.00631304,0
0.0,0.19278936,0
0.0,0.058379147,0
0.0,0.0042282455,0
0.0,0.0043657864,0
0.0,0.031707875,0
0.0,0.008885941,0
0.0,0.004827735,0
0.0,0.0031032218,0
0.0,0.010908104,0
0.0,0.10077023,0
0.0,0.0136412885,0
0.0,0.0059207208,0
0.0,0.035075136,0
0.0,0.004269116,0
0.0,0.007974505,0
0.0,0.007562904,0
0.0,0.0046348716,0
0.0,0.006284787,0
0.0,0.17347373,0
0.0,0.0045781126,0
0.0,0.0038992562,0
0.0,0.004740284,0
0.0,0.003993382,0
0.0,0.0064705946,0
0.0,0.0071854563,0
0.0,0.057673328,0
0.0,0.005710611,0
0.0,0.010658182,0
0.0,0.011976616,0
0.0,0.008626906,0
0.0,0.006045299,0
0.0,0.0058257566,0
0.0,0.00821616,0
0.0,0.00707112,0
0.0,0.005800161,0
0.0,0.007472612,0
0.0,0.017326575,0
0.0,0.0071468283,0
0.0,0.004565652,0
0.0,0.0035382323,0
0.0,0.02036141,0
0.0,0.003932358,0
0.0,0.0075146803,0
0.0,0.0062211566,0
0.0,0.008385123,0
0.0,0.004110511,0
0.0,0.005293937,0
0.0,0.00741559,0
0.0,0.03770997,0
0.0,0.006902161,0
0.0,0.010924032,0
0.0,0.006229641,0
0.0,0.005323949,0
0.0,0.0053319093,0
0.0,0.006101236,0
0.0,0.014815919,0
0.0,0.006009401,0
0.0,0.0042435694,0
0.0,0.008046121,0
0.0,0.33300653,0
0.0,0.005043258,0
0.0,0.008784663,0
0.0,0.004804214,0
0.0,0.0044819377,0
0.0,0.006662664,0
0.0,0.0073200506,0
0.0,0.0045722383,0
0.0,0.0032743737,0
0.0,0.005995906,0
0.0,0.004071209,0
0.0,0.026278682,0
0.0,0.008872412,0
0.0,0.0074760756,0
0.0,0.0075855535,0
0.0,0.006549694,0
0.0,0.006879414,0
0.0,0.004316569,0
0.0,0.0051595992,0
0.0,0.0046552713,0
0.0,0.0042887987,0
0.0,0.0043881205,0
0.0,0.005066754,0
0.0,0.008111186,0
0.0,0.010627243,0
0.0,0.4329379,0
0.0,0.01212768,0
0.0,0.1381215,0
0.0,0.007923671,0
0.0,0.0056784926,0
0.0,0.007210081,0
0.0,0.004082688,0
0.0,0.005981362,0
0.0,0.005963403,0
0.0,0.005645708,0
0.0,0.023377264,0
0.0,0.004666469,0
0.0,0.0040507605,0
0.0,0.008395438,0
0.0,0.0057411618,0
0.0,0.0034061896,0
0.0,0.00473777,0
0.0,0.0041165547,0
0.0,0.038506955,0
0.0,0.023791257,0
0.0,0.004637024,0
0.0,0.017996553,0
1.0,0.80577415,0
0.0,0.004588647,0
0.0,0.00449441,0
0.0,0.010465298,0
0.0,0.011248581,0
0.0,0.003938666,0
0.0,0.0061133346,0
0.0,0.029460354,0
0.0,0.0068836627,0
0.0,0.007704431,0
0.0,0.009011903,0
0.0,0.005666519,0
0.0,0.0036374533,0
0.0,0.0039899996,0
0.0,0.016806388,0
0.0,0.008978125,0
0.0,0.009030386,0
0.0,0.009063886,0
0.0,0.006091953,0
0.0,0.2772253,0
0.0,0.004379259,0
0.0,0.0053750076,0
0.0,0.009004012,0
0.0,0.0075052544,0
0.0,0.0041462835,0
0.0,0.003441268,0
0.0,0.003526512,0
0.0,0.0038099957,0
0.0,0.0053991615,0
0.0,0.0054317196,0
0.0,0.0060577313,0
0.0,0.026095534,0
0.0,0.0035998742,0
0.0,0.009034869,0
0.0,0.0070218286,0
0.0,0.0045384485,0
0.0,0.010759283,0
0.0,0.01120199,0
0.0,0.0068627927,0
0.0,0.060370825,0
0.0,0.011825736,0
0.0,0.009527151,0
0.0,0.005379613,0
0.0,0.023007846,0
0.0,0.009667939,0
0.0,0.009069326,0
0.0,0.0045644497,0
0.0,0.003744163,0
0.0,0.018978165,0
0.0,0.008107259,0
0.0,0.013875518,0
0.0,0.005822667,0
0.0,0.0051805708,0
0.0,0.0075956653,0
0.0,0.02920602,0
0.0,0.0051770816,0
0.0,0.00895295,0
0.0,0.0052580633,0
0.0,0.012645819,0
0.0,0.0049476037,0
0.0,0.006985734,0
0.0,0.0036715253,0
0.0,0.0061447374,0
0.0,0.009078682,0
0.0,0.025574213,0
0.0,0.06060224,0
0.0,0.0053529656,0
0.0,0.0064558485,0
0.0,0.012053939,0
0.0,0.009983919,0
0.0,0.004345985,0
0.0,0.0073298975,0
0.0,0.021352833,0
0.0,0.017319465,0
1.0,0.9950342,1
0.0,0.009389995,1
0.0,0.32561284,1
1.0,0.55518806,1
1.0,0.9523801,1
1.0,0.9269931,1
1.0,0.9269931,1
1.0,0.9269931,1
1.0,0.9269931,1
1.0,0.9269931,1
1.0,0.9269931,1
1.0,0.9269931,1
1.0,0.9269931,1
1.0,0.9269931,1
1.0,0.9269931,1
1.0,0.9269931,1
1.0,0.9928437,1
1.0,0.9923199,1
1.0,0.9923949,1
1.0,0.9924325,1
0.0,0.42065376,1
1.0,0.99318177,1
1.0,0.9875547,1
1.0,0.94708836,1
0.0,0.47579938,1
1.0,0.5219686,1
1.0,0.99416745,1
1.0,0.9018236,1
1.0,0.99264175,1
1.0,0.9946127,1
1.0,0.9852433,1
1.0,0.96839046,1
1.0,0.9910856,1
1.0,0.99276805,1
1.0,0.990717,1
1.0,0.86660767,1
1.0,0.979113,1
1.0,0.9874708,1
1.0,0.9848096,1
1.0,0.98132527,1
1.0,0.87134606,1
1.0,0.67632914,1
1.0,0.94479203,1
1.0,0.97452784,1
0.0,0.16057618,1
1.0,0.98966986,1
1.0,0.9872939,1
1.0,0.9918642,1
1.0,0.9913599,1
1.0,0.9914995,1
1.0,0.9895739,1
1.0,0.986503,1
1.0,0.9930363,1
1.0,0.93078595,1
1.0,0.9803285,1
1.0,0.9887129,1
1.0,0.9953695,1
1.0,0.9955527,1
1.0,0.99510396,1
1.0,0.9210185,1
1.0,0.99071807,1
1.0,0.993455,1
1.0,0.9890142,1
1.0,0.9926484,1
0.0,0.007677505,1
1.0,0.9930472,1
0.0,0.367619,1
1.0,0.99188364,1
1.0,0.9882245,1
1.0,0.98504907,1
1.0,0.99231476,1
1.0,0.9890216,1
1.0,0.9385897,1
1.0,0.97640604,1
1.0,0.9600257,1
1.0,0.98581415,1
1.0,0.9922835,1
1.0,0.9890458,1
1.0,0.99415094,1
1.0,0.9901164,1
1.0,0.99182874,1
1.0,0.9911788,1
1.0,0.98864335,1
1.0,0.99101174,1
1.0,0.99293923,1
1.0,0.9948704,1
1.0,0.9784023,1
1.0,0.9879274,1
1.0,0.99268335,1
1.0,0.8554481,1
1.0,0.9899092,1
1.0,0.99318683,1
1.0,0.9923745,1
1.0,0.99208504,1
1.0,0.98542386,1
1.0,0.98084015,1
1.0,0.99096245,1
1.0,0.9912349,1
1.0,0.98573697,1
1.0,0.9905571,1
1.0,0.9929859,1
1.0,0.99247205,1
1.0,0.9933535,1
1.0,0.9942092,1
1.0,0.9685886,1
1.0,0.99485874,1
1.0,0.98896503,1
1.0,0.9943936,1
1.0,0.99088496,1
1.0,0.9936632,1
1.0,0.9938321,1
1.0,0.99455124,1
1.0,0.9887017,1
1.0,0.98919123,1
1.0,0.99225813,1
1.0,0.9941103,1
0.0,0.042100616,1
1.0,0.98373497,1
1.0,0.9868851,1
1.0,0.991591,1
1.0,0.98795694,1
1.0,0.9670497,1
1.0,0.9937104,1
1.0,0.9611409,1
1.0,0.9939666,1
1.0,0.98122406,1
1.0,0.99325037,1
1.0,0.99387664,1
0.0,0.015404115,1
1.0,0.9813194,1
1.0,0.98965245,1
1.0,0.99114764,1
0.0,0.21802162,1
1.0,0.9807684,1
1.0,0.9867393,1
1.0,0.991747,1
1.0,0.63289464,1
1.0,0.9894002,1
1.0,0.98297507,1
1.0,0.9692535,1
1.0,0.82073313,1
1.0,0.9838431,1
1.0,0.9879775,1
1.0,0.9904427,1
1.0,0.97764844,1
1.0,0.98683864,1
0.0,0.11952793,1
0.0,0.018945387,1
0.0,0.48225084,1
0.0,0.26801267,1
1.0,0.99344504,1
1.0,0.99477047,1
1.0,0.9956456,1
1.0,0.99479467,1
1.0,0.99280155,1
1.0,0.9939014,1
1.0,0.99151224,1
1.0,0.9891368,1
1.0,0.99343807,1
1.0,0.9904759,1
1.0,0.9901534,1
1.0,0.9910261,1
1.0,0.9922442,1
1.0,0.99029666,1
1.0,0.99326164,1
1.0,0.9828258,1
1.0,0.9279915,1
1.0,0.97891766,1
1.0,0.9703177,1
1.0,0.9951121,1
1.0,0.9923971,1
1.0,0.99096817,1
1.0,0.8365852,1
1.0,0.9441322,1
1.0,0.9698214,1
1.0,0.89885044,1
1.0,0.991935,1
1.0,0.9683024,1
1.0,0.96420294,1
1.0,0.9912418,1
1.0,0.9892005,1
1.0,0.99095106,1
1.0,0.9920717,1
1.0,0.98343027,1
1.0,0.98803747,1
1.0,0.99523276,1
1.0,0.99237293,1
0.0,0.4439742,1
1.0,0.919088,1
0.0,0.35070276,1
1.0,0.7775921,1
1.0,0.9729181,1
1.0,0.9828248,1
1.0,0.9900587,1
1.0,0.99212825,1
1.0,0.9934633,1
1.0,0.9925567,1
1.0,0.99078953,1
1.0,0.8578984,1
1.0,0.6175293,1
1.0,0.80962735,1
1.0,0.899957,1
0.0,0.23139174,1
1.0,0.9676338,1
1.0,0.9918439,1
1.0,0.9924866,1
1.0,0.9937355,1
1.0,0.97540504,1
1.0,0.9920757,1
1.0,0.9823402,1
1.0,0.9930524,1
1.0,0.99097484,1
1.0,0.9938735,1
1.0,0.99451065,1
1.0,0.99176097,1
1.0,0.9941273,1
1.0,0.99515694,1
1.0,0.9928109,1
1.0,0.9928964,1
1.0,0.9927452,1
1.0,0.9719824,1
1.0,0.9910768,1
1.0,0.9939241,1
1.0,0.9790394,1
1.0,0.93374527,1
1.0,0.9882284,1
1.0,0.9064244,1
1.0,0.99323,1
1.0,0.9810385,1
1.0,0.9942006,1
1.0,0.9686424,1
1.0,0.9845035,1
1.0,0.9875728,1
1.0,0.99178106,1
1.0,0.9893128,1
1.0,0.9932881,1
1.0,0.98407966,1
1.0,0.9905364,1
1.0,0.9849274,1
1.0,0.99413306,1
1.0,0.98873633,1
1.0,0.8973623,1
1.0,0.985468,1
1.0,0.9900305,1
1.0,0.9933844,1
1.0,0.9937943,1
1.0,0.9901169,1
1.0,0.9538322,1
1.0,0.9928149,1
1.0,0.99425596,1
1.0,0.98372424,1
1.0,0.99302894,1
1.0,0.9931728,1
1.0,0.994451,1
1.0,0.99278486,1
1.0,0.99370205,1
0.0,0.006985285,0
0.0,0.0064243427,0
0.0,0.004423157,0
0.0,0.009591575,0
0.0,0.0047159786,0
0.0,0.018332547,0
0.0,0.0064146677,0
0.0,0.004347974,0
0.0,0.006931381,0
0.0,0.011842497,0
0.0,0.005566564,0
0.0,0.006173261,0
0.0,0.0043354337,0
0.0,0.009105124,0
0.0,0.0071196794,0
0.0,0.0067430534,0
0.0,0.0042642336,0
0.0,0.0050900485,0
0.0,0.0072723934,0
0.0,0.009073586,0
0.0,0.010738485,0
0.0,0.01004146,0
0.0,0.0063720336,0
0.0,0.008448451,0
0.0,0.00610827,0
0.0,0.0043882285,0
0.0,0.006422492,0
0.0,0.013355852,0
0.0,0.0035645626,0
0.0,0.006591801,0
0.0,0.007773328,0
0.0,0.0031044052,0
0.0,0.0061378274,0
0.0,0.00363062,0
0.0,0.006760088,0
0.0,0.010843246,0
0.0,0.008527769,0
0.0,0.0070272437,0
0.0,0.005686764,0
0.0,0.005653444,0
0.0,0.0073303008,0
0.0,0.004848211,0
0.0,0.0055411863,0
0.0,0.00701485,0
0.0,0.005280948,0
0.0,0.006141491,0
0.0,0.007220427,0
0.0,0.00779457,0
0.0,0.011168874,0
0.0,0.004548624,0
0.0,0.006187921,0
0.0,0.007765498,0
0.0,0.0043827007,0
0.0,0.010885583,0
0.0,0.004357578,0
0.0,0.0041700797,0
0.0,0.0050192303,0
0.0,0.0059498954,0
0.0,0.0046195965,0
0.0,0.04996609,0
0.0,0.0062090815,0
0.0,0.006155474,0
0.0,0.043913376,0
0.0,0.0058684726,0
0.0,0.0066100643,0
0.0,0.007338914,0
0.0,0.013541911,0
0.0,0.004365044,0
0.0,0.014982574,0
0.0,0.005560612,0
0.0,0.030095218,0
0.0,0.0053263027,0
0.0,0.0077013844,0
0.0,0.005053475,0
0.0,0.004773041,0
0.0,0.0043688407,0
0.0,0.013748036,0
0.0,0.024848076,0
0.0,0.0072600483,0
0.0,0.0040286686,0
0.0,0.0059688524,0
0.0,0.010932681,0
0.0,0.0050377673,0
0.0,0.010091001,0
0.0,0.0062786248,0
0.0,0.0054250546,0
0.0,0.017236209,0
0.0,0.009315727,0
0.0,0.0065838504,0
0.0,0.0047320263,0
0.0,0.008096399,0
0.0,0.004641016,0
0.0,0.007936699,0
0.0,0.017564496,0
0.0,0.0034639419,0
0.0,0.0050370935,0
0.0,0.0071484353,0
0.0,0.003946254,0
0.0,0.0059978794,0
0.0,0.0046834275,0
0.0,0.009990472,0
0.0,0.0060342145,0
0.0,0.005879786,0
0.0,0.007375852,0
0.0,0.0042465907,0
0.0,0.06070901,0
0.0,0.0046974807,0
0.0,0.005563613,0
0.0,0.0045499154,0
0.0,0.0047228117,0
0.0,0.0050456505,0
0.0,0.0048982096,0
0.0,0.0048507648,0
0.0,0.008416392,0
0.0,0.005128602,0
0.0,0.006600631,0
0.0,0.005083655,0
0.0,0.011120205,0
0.0,0.0052342466,0
0.0,0.0031510948,0
0.0,0.0039609075,0
0.0,0.005954032,0
0.0,0.00550952,0
0.0,0.0060944506,0
0.0,0.003186281,0
0.0,0.014862797,0
0.0,0.0070415926,0
0.0,0.018369492,0
0.0,0.0045841597,0
0.0,0.0032496124,0
0.0,0.07830851,0
0.0,0.2738374,0
0.0,0.024307817,0
0.0,0.0052019153,0
0.0,0.0065243933,0
0.0,0.008586257,0
0.0,0.004365065,0
0.0,0.005590598,0
0.0,0.008963385,0
0.0,0.006051966,0
0.0,0.010440075,0
0.0,0.008772581,0
0.0,0.012787846,0
0.0,0.013165443,0
0.0,0.004152864,0
0.0,0.012238058,0
0.0,0.004791393,0
0.0,0.13514605,0
0.0,0.005848189,0
0.0,0.014465054,0
0.0,0.006164752,0
0.0,0.008236651,0
0.0,0.008958734,0
0.0,0.28416756,0
0.0,0.006974345,0
0.0,0.00607215,0
0.0,0.0055956533,0
0.0,0.0041857986,0
0.0,0.004398014,0
0.0,0.00820066,0
0.0,0.0047475654,0
0.0,0.008035281,0
0.0,0.0060987878,0
0.0,0.040722895,0
0.0,0.005651831,0
0.0,0.0056059095,0
0.0,0.005601021,0
0.0,0.006219471,0
0.0,0.0041647255,0
0.0,0.0033144478,0
0.0,0.022118105,0
0.0,0.025380649,0
0.0,0.0042898003,0
0.0,0.0043464885,0
0.0,0.00825606,0
0.0,0.0057219854,0
0.0,0.004879248,0
0.0,0.011115958,0
0.0,0.0043243067,0
0.0,0.008938368,0
0.0,0.006271076,0
0.0,0.005404562,0
0.0,0.008439204,0
0.0,0.0067858426,0
0.0,0.0049162414,0
0.0,0.0063769873,0
0.0,0.0048131025,0
0.0,0.0054945224,0
0.0,0.0072135474,0
0.0,0.004603197,0
0.0,0.005352204,0
0.0,0.013980167,0
0.0,0.008929182,0
0.0,0.0053651864,0
0.0,0.0054760273,0
0.0,0.0042972,0
0.0,0.017256526,0
0.0,0.016241582,0
0.0,0.018199472,0
0.0,0.006095627,0
0.0,0.011325302,0
0.0,0.004257359,0
0.0,0.0051394063,0
0.0,0.0047401353,0
0.0,0.031347126,0
0.0,0.004817503,0
0.0,0.029482404,0
0.0,0.0038753026,0
0.0,0.01960348,0
0.0,0.004961668,0
0.0,0.23406546,0
0.0,0.010125755,0
0.0,0.00902738,0
0.0,0.0048018163,0
0.0,0.030346131,0
0.0,0.009729238,0
0.0,0.0043737404,0
0.0,0.0040773707,0
0.0,0.0072765327,0
0.0,0.024406191,0
0.0,0.004694777,0
0.0,0.0048269588,0
0.0,0.06379111,0
0.0,0.0074664014,0
0.0,0.006457059,0
0.0,0.005656729,0
0.0,0.0049290177,0
0.0,0.06283718,0
0.0,0.0053272257,0
0.0,0.007953961,0
0.0,0.005698357,0
0.0,0.005417187,0
0.0,0.032500643,0
0.0,0.023188941,0
0.0,0.003940036,0
0.0,0.005727856,0
0.0,0.0056405356,0
0.0,0.0042880494,0
0.0,0.0070511736,0
0.0,0.0076968274,0
0.0,0.005823089,0
0.0,0.005074396,0
0.0,0.0034982865,0
0.0,0.0060762144,0
0.0,0.013675911,0
0.0,0.0210059,0
0.0,0.104710616,0
0.0,0.039893534,0
0.0,0.006543222,0
0.0,0.008633657,0
0.0,0.0066664773,0
0.0,0.055130914,0
0.0,0.007506317,0
0.0,0.0057856445,0
0.0,0.00480263,0
0.0,0.006593375,0
0.0,0.0045423154,0
0.0,0.006249658,0
0.0,0.009242287,0
0.0,0.007596097,0
0.0,0.005620644,0
0.0,0.010674273,0
0.0,0.0051815216,0
0.0,0.0041652434,0
0.0,0.0056048115,0
0.0,0.0054256856,0
0.0,0.006879081,0
0.0,0.0051759253,0
0.0,0.0076177055,0
0.0,0.0050958665,0
0.0,0.007232537,0
0.0,0.007977694,0
0.0,0.0043089655,0
0.0,0.0051099705,0
0.0,0.0053148186,0
0.0,0.013704255,0
0.0,0.013457205,0
0.0,0.0065968838,0
0.0,0.007046909,0
0.0,0.0073303627,0
0.0,0.0052841455,0
0.0,0.02055719,0
0.0,0.003587802,0
0.0,0.0066547063,0
0.0,0.0063232835,0
0.0,0.0040726434,0
0.0,0.02937379,0
